counterfactual_effect,decision,failure_type,holdout_effect,hypothesis,method,p_value,q_value,reason,seed,support_holdout,support_validation,validation_effect
0.24504760193377828,accepted,valid,0.12329436863860616,IF x0 = 1 THEN y = 1 increases,FullVerifier,0.00398406374501992,0.02151394422310757,passes all verification gates,0,0.5033333333333333,0.5044444444444445,0.24974812824717016
0.5028923305756411,rejected,holdout,-0.6309883813464905,IF x5 = 1 THEN y = 1 increases,FullVerifier,0.00398406374501992,0.02151394422310757,held-out effect does not replicate,0,0.5422222222222223,0.4111111111111111,0.5815910249872515
0.438786584876904,rejected,support,0.4762503932054105,IF x2 = 1 THEN y = 1 increases,FullVerifier,0.00398406374501992,0.02151394422310757,insufficient support,0,0.03666666666666667,0.017777777777777778,0.4934954751131222
0.0,rejected,counterfactual,0.2023470839260313,IF x4 = 1 THEN y = 1 increases,FullVerifier,0.00398406374501992,0.02151394422310757,matched counterfactual contrast is weak,0,0.49333333333333335,0.5022222222222222,0.27042509481668775
0.023830639400433437,rejected,redundant,0.09548364153627314,IF x6 = 1 THEN y = 1 increases,FullVerifier,0.00398406374501992,0.02151394422310757,matched counterfactual contrast is weak,0,0.5066666666666667,0.5044444444444445,0.22307935441812687
0.04099078070295743,rejected,fdr_null,-0.00604635539133358,IF x10 = 1 THEN y = 1 increases,FullVerifier,0.027888446215139442,0.1254980079681275,not significant after FDR correction; matched counterfactual contrast is weak; held-out effect does not replicate,0,0.5088888888888888,0.4911111111111111,0.07167697445118454
0.0633691930661077,rejected,fdr_null,-0.022494331961808056,IF x13 = 1 THEN y = 1 increases,FullVerifier,0.11553784860557768,0.3899402390438247,weak validation effect; not significant after FDR correction; held-out effect does not replicate,0,0.4922222222222222,0.5055555555555555,0.04383257192245954
0.046441258703058146,rejected,fdr_null,-0.011466723292460679,IF x27 = 1 THEN y = 1 increases,FullVerifier,0.11553784860557768,0.3899402390438247,weak validation effect; not significant after FDR correction; held-out effect does not replicate,0,0.4988888888888889,0.5,0.04222222222222227
0.050818791408955365,rejected,fdr_null,-0.04773545490910708,IF x18 = 1 THEN y = 1 increases,FullVerifier,0.15139442231075698,0.4541832669322709,weak validation effect; not significant after FDR correction; held-out effect does not replicate,0,0.49666666666666665,0.5011111111111111,0.036321167018108724
0.02610562672180948,rejected,fdr_null,-0.007467256672132105,IF x15 = 1 THEN y = 1 increases,FullVerifier,0.24302788844621515,0.6561752988047809,weak validation effect; not significant after FDR correction; matched counterfactual contrast is weak; held-out effect does not replicate,0,0.5044444444444445,0.48444444444444446,0.0226391964568175
0.0004916815550803399,rejected,fdr_null,-0.007563959955506128,IF x26 = 1 THEN y = 1 increases,FullVerifier,0.27091633466135456,0.664976457805143,weak validation effect; not significant after FDR correction; matched counterfactual contrast is weak; held-out effect does not replicate,0,0.48333333333333334,0.47444444444444445,0.022453718603165806
0.01052471675425857,rejected,statistical,0.22664047996986736,IF x3 = 1 THEN y = 1 increases,FullVerifier,0.43824701195219123,0.8390438247011951,weak validation effect; not significant after FDR correction; matched counterfactual contrast is weak,0,0.24222222222222223,0.058888888888888886,0.012586041745561438
0.008294772661350388,rejected,fdr_null,0.04088904725847403,IF x22 = 1 THEN y = 1 increases,FullVerifier,0.46215139442231074,0.8390438247011951,weak validation effect; not significant after FDR correction; matched counterfactual contrast is weak; held-out effect does not replicate,0,0.5233333333333333,0.4922222222222222,0.003531718786274174
0.0021196535520062636,rejected,fdr_null,0.019478305555418296,IF x16 = 1 THEN y = 1 increases,FullVerifier,0.46613545816733065,0.8390438247011951,weak validation effect; not significant after FDR correction; matched counterfactual contrast is weak; held-out effect does not replicate,0,0.5122222222222222,0.49666666666666665,0.002148243625642643
0.0027364430235243277,rejected,fdr_null,-0.009855649576903935,IF x17 = 1 THEN y = 1 increases,FullVerifier,0.4262948207171315,0.8390438247011951,weak validation effect; not significant after FDR correction; matched counterfactual contrast is weak; held-out effect does not replicate,0,0.45555555555555555,0.49333333333333335,0.010964912280701733
-0.02207062550404672,rejected,fdr_null,0.05992176386913228,IF x8 = 1 THEN y = 1 increases,FullVerifier,0.6414342629482072,0.8745886021132859,weak validation effect; not significant after FDR correction; matched counterfactual contrast is weak; held-out effect does not replicate,0,0.5066666666666667,0.5166666666666667,-0.006303299962921782
0.002478669311273869,rejected,fdr_null,-0.050608017630287716,IF x21 = 1 THEN y = 1 increases,FullVerifier,0.649402390438247,0.8745886021132859,weak validation effect; not significant after FDR correction; matched counterfactual contrast is weak; held-out effect does not replicate,0,0.48777777777777775,0.51,-0.006447023253745965
-0.021584447985064287,rejected,fdr_null,0.04429816758583882,IF x7 = 1 THEN y = 1 increases,FullVerifier,0.7330677290836654,0.8745886021132859,weak validation effect; not significant after FDR correction; matched counterfactual contrast is weak; held-out effect does not replicate,0,0.5133333333333333,0.5055555555555555,-0.01839733300407459
-0.008330546544802381,rejected,fdr_null,0.0431590656284761,IF x12 = 1 THEN y = 1 increases,FullVerifier,0.5657370517928287,0.8745886021132859,weak validation effect; not significant after FDR correction; matched counterfactual contrast is weak; held-out effect does not replicate,0,0.5166666666666667,0.5011111111111111,-0.0036790305137309187
-0.027996162215335428,rejected,fdr_null,-0.03023715415019762,IF x24 = 1 THEN y = 1 increases,FullVerifier,0.7450199203187251,0.8745886021132859,weak validation effect; not significant after FDR correction; matched counterfactual contrast is weak; held-out effect does not replicate,0,0.4888888888888889,0.4822222222222222,-0.018937521014220415
-0.010218367469946537,rejected,fdr_null,-0.021929042610090932,IF x11 = 1 THEN y = 1 increases,FullVerifier,0.6334661354581673,0.8745886021132859,weak validation effect; not significant after FDR correction; matched counterfactual contrast is weak; held-out effect does not replicate,0,0.47333333333333333,0.5155555555555555,-0.004844194875039565
-0.021640201190946638,rejected,fdr_null,0.02151153603034134,IF x9 = 1 THEN y = 1 increases,FullVerifier,0.701195219123506,0.8745886021132859,weak validation effect; not significant after FDR correction; matched counterfactual contrast is weak; held-out effect does not replicate,0,0.49777777777777776,0.4777777777777778,-0.017565561603166746
-0.006370847774250593,rejected,fdr_null,0.001422334604215647,IF x23 = 1 THEN y = 1 increases,FullVerifier,0.601593625498008,0.8745886021132859,weak validation effect; not significant after FDR correction; matched counterfactual contrast is weak; held-out effect does not replicate,0,0.5044444444444445,0.5211111111111111,-0.007692726292303775
-0.03934102264866794,rejected,fdr_null,0.007688334392879803,IF x25 = 1 THEN y = 1 increases,FullVerifier,0.8366533864541833,0.9412350597609561,weak validation effect; not significant after FDR correction; matched counterfactual contrast is weak; held-out effect does not replicate,0,0.5377777777777778,0.5144444444444445,-0.030074481913300477
-0.03810412210767639,rejected,fdr_null,0.0684241045541728,IF x14 = 1 THEN y = 1 increases,FullVerifier,0.952191235059761,0.952191235059761,weak validation effect; not significant after FDR correction; matched counterfactual contrast is weak,0,0.47,0.4922222222222222,-0.04981452302038519
-0.039764510071703806,rejected,fdr_null,-0.030851909844851366,IF x19 = 1 THEN y = 1 increases,FullVerifier,0.9203187250996016,0.952191235059761,weak validation effect; not significant after FDR correction; matched counterfactual contrast is weak; held-out effect does not replicate,0,0.5077777777777778,0.4955555555555556,-0.036397937614823905
-0.04029835970635607,rejected,fdr_null,-0.022350956520018395,IF x20 = 1 THEN y = 1 increases,FullVerifier,0.9402390438247012,0.952191235059761,weak validation effect; not significant after FDR correction; matched counterfactual contrast is weak; held-out effect does not replicate,0,0.47888888888888886,0.49666666666666665,-0.04674281819932741
0.438786584876904,accepted,support,0.4762503932054105,IF x2 = 1 THEN y = 1 increases,NoSupport,0.00398406374501992,0.02151394422310757,passes all verification gates,0,0.03666666666666667,0.017777777777777778,0.4934954751131222
0.24504760193377828,accepted,valid,0.12329436863860616,IF x0 = 1 THEN y = 1 increases,NoSupport,0.00398406374501992,0.02151394422310757,passes all verification gates,0,0.5033333333333333,0.5044444444444445,0.24974812824717016
0.5028923305756411,rejected,holdout,-0.6309883813464905,IF x5 = 1 THEN y = 1 increases,NoSupport,0.00398406374501992,0.02151394422310757,held-out effect does not replicate,0,0.5422222222222223,0.4111111111111111,0.5815910249872515
0.0,rejected,counterfactual,0.2023470839260313,IF x4 = 1 THEN y = 1 increases,NoSupport,0.00398406374501992,0.02151394422310757,matched counterfactual contrast is weak,0,0.49333333333333335,0.5022222222222222,0.27042509481668775
0.023830639400433437,rejected,redundant,0.09548364153627314,IF x6 = 1 THEN y = 1 increases,NoSupport,0.00398406374501992,0.02151394422310757,matched counterfactual contrast is weak,0,0.5066666666666667,0.5044444444444445,0.22307935441812687
0.04099078070295743,rejected,fdr_null,-0.00604635539133358,IF x10 = 1 THEN y = 1 increases,NoSupport,0.027888446215139442,0.1254980079681275,not significant after FDR correction; matched counterfactual contrast is weak; held-out effect does not replicate,0,0.5088888888888888,0.4911111111111111,0.07167697445118454
0.0633691930661077,rejected,fdr_null,-0.022494331961808056,IF x13 = 1 THEN y = 1 increases,NoSupport,0.11553784860557768,0.3899402390438247,weak validation effect; not significant after FDR correction; held-out effect does not replicate,0,0.4922222222222222,0.5055555555555555,0.04383257192245954
0.046441258703058146,rejected,fdr_null,-0.011466723292460679,IF x27 = 1 THEN y = 1 increases,NoSupport,0.11553784860557768,0.3899402390438247,weak validation effect; not significant after FDR correction; held-out effect does not replicate,0,0.4988888888888889,0.5,0.04222222222222227
0.050818791408955365,rejected,fdr_null,-0.04773545490910708,IF x18 = 1 THEN y = 1 increases,NoSupport,0.15139442231075698,0.4541832669322709,weak validation effect; not significant after FDR correction; held-out effect does not replicate,0,0.49666666666666665,0.5011111111111111,0.036321167018108724
0.02610562672180948,rejected,fdr_null,-0.007467256672132105,IF x15 = 1 THEN y = 1 increases,NoSupport,0.24302788844621515,0.6561752988047809,weak validation effect; not significant after FDR correction; matched counterfactual contrast is weak; held-out effect does not replicate,0,0.5044444444444445,0.48444444444444446,0.0226391964568175
0.0004916815550803399,rejected,fdr_null,-0.007563959955506128,IF x26 = 1 THEN y = 1 increases,NoSupport,0.27091633466135456,0.664976457805143,weak validation effect; not significant after FDR correction; matched counterfactual contrast is weak; held-out effect does not replicate,0,0.48333333333333334,0.47444444444444445,0.022453718603165806
0.01052471675425857,rejected,statistical,0.22664047996986736,IF x3 = 1 THEN y = 1 increases,NoSupport,0.43824701195219123,0.8390438247011951,weak validation effect; not significant after FDR correction; matched counterfactual contrast is weak,0,0.24222222222222223,0.058888888888888886,0.012586041745561438
0.008294772661350388,rejected,fdr_null,0.04088904725847403,IF x22 = 1 THEN y = 1 increases,NoSupport,0.46215139442231074,0.8390438247011951,weak validation effect; not significant after FDR correction; matched counterfactual contrast is weak; held-out effect does not replicate,0,0.5233333333333333,0.4922222222222222,0.003531718786274174
0.0021196535520062636,rejected,fdr_null,0.019478305555418296,IF x16 = 1 THEN y = 1 increases,NoSupport,0.46613545816733065,0.8390438247011951,weak validation effect; not significant after FDR correction; matched counterfactual contrast is weak; held-out effect does not replicate,0,0.5122222222222222,0.49666666666666665,0.002148243625642643
0.0027364430235243277,rejected,fdr_null,-0.009855649576903935,IF x17 = 1 THEN y = 1 increases,NoSupport,0.4262948207171315,0.8390438247011951,weak validation effect; not significant after FDR correction; matched counterfactual contrast is weak; held-out effect does not replicate,0,0.45555555555555555,0.49333333333333335,0.010964912280701733
-0.02207062550404672,rejected,fdr_null,0.05992176386913228,IF x8 = 1 THEN y = 1 increases,NoSupport,0.6414342629482072,0.8745886021132859,weak validation effect; not significant after FDR correction; matched counterfactual contrast is weak; held-out effect does not replicate,0,0.5066666666666667,0.5166666666666667,-0.006303299962921782
0.002478669311273869,rejected,fdr_null,-0.050608017630287716,IF x21 = 1 THEN y = 1 increases,NoSupport,0.649402390438247,0.8745886021132859,weak validation effect; not significant after FDR correction; matched counterfactual contrast is weak; held-out effect does not replicate,0,0.48777777777777775,0.51,-0.006447023253745965
-0.021584447985064287,rejected,fdr_null,0.04429816758583882,IF x7 = 1 THEN y = 1 increases,NoSupport,0.7330677290836654,0.8745886021132859,weak validation effect; not significant after FDR correction; matched counterfactual contrast is weak; held-out effect does not replicate,0,0.5133333333333333,0.5055555555555555,-0.01839733300407459
-0.008330546544802381,rejected,fdr_null,0.0431590656284761,IF x12 = 1 THEN y = 1 increases,NoSupport,0.5657370517928287,0.8745886021132859,weak validation effect; not significant after FDR correction; matched counterfactual contrast is weak; held-out effect does not replicate,0,0.5166666666666667,0.5011111111111111,-0.0036790305137309187
-0.027996162215335428,rejected,fdr_null,-0.03023715415019762,IF x24 = 1 THEN y = 1 increases,NoSupport,0.7450199203187251,0.8745886021132859,weak validation effect; not significant after FDR correction; matched counterfactual contrast is weak; held-out effect does not replicate,0,0.4888888888888889,0.4822222222222222,-0.018937521014220415
-0.010218367469946537,rejected,fdr_null,-0.021929042610090932,IF x11 = 1 THEN y = 1 increases,NoSupport,0.6334661354581673,0.8745886021132859,weak validation effect; not significant after FDR correction; matched counterfactual contrast is weak; held-out effect does not replicate,0,0.47333333333333333,0.5155555555555555,-0.004844194875039565
-0.021640201190946638,rejected,fdr_null,0.02151153603034134,IF x9 = 1 THEN y = 1 increases,NoSupport,0.701195219123506,0.8745886021132859,weak validation effect; not significant after FDR correction; matched counterfactual contrast is weak; held-out effect does not replicate,0,0.49777777777777776,0.4777777777777778,-0.017565561603166746
-0.006370847774250593,rejected,fdr_null,0.001422334604215647,IF x23 = 1 THEN y = 1 increases,NoSupport,0.601593625498008,0.8745886021132859,weak validation effect; not significant after FDR correction; matched counterfactual contrast is weak; held-out effect does not replicate,0,0.5044444444444445,0.5211111111111111,-0.007692726292303775
-0.03934102264866794,rejected,fdr_null,0.007688334392879803,IF x25 = 1 THEN y = 1 increases,NoSupport,0.8366533864541833,0.9412350597609561,weak validation effect; not significant after FDR correction; matched counterfactual contrast is weak; held-out effect does not replicate,0,0.5377777777777778,0.5144444444444445,-0.030074481913300477
-0.03810412210767639,rejected,fdr_null,0.0684241045541728,IF x14 = 1 THEN y = 1 increases,NoSupport,0.952191235059761,0.952191235059761,weak validation effect; not significant after FDR correction; matched counterfactual contrast is weak,0,0.47,0.4922222222222222,-0.04981452302038519
-0.039764510071703806,rejected,fdr_null,-0.030851909844851366,IF x19 = 1 THEN y = 1 increases,NoSupport,0.9203187250996016,0.952191235059761,weak validation effect; not significant after FDR correction; matched counterfactual contrast is weak; held-out effect does not replicate,0,0.5077777777777778,0.4955555555555556,-0.036397937614823905
-0.04029835970635607,rejected,fdr_null,-0.022350956520018395,IF x20 = 1 THEN y = 1 increases,NoSupport,0.9402390438247012,0.952191235059761,weak validation effect; not significant after FDR correction; matched counterfactual contrast is weak; held-out effect does not replicate,0,0.47888888888888886,0.49666666666666665,-0.04674281819932741
0.24504760193377828,accepted,valid,0.12329436863860616,IF x0 = 1 THEN y = 1 increases,NoStatTest,0.00398406374501992,0.02151394422310757,passes all verification gates,0,0.5033333333333333,0.5044444444444445,0.24974812824717016
0.5028923305756411,rejected,holdout,-0.6309883813464905,IF x5 = 1 THEN y = 1 increases,NoStatTest,0.00398406374501992,0.02151394422310757,held-out effect does not replicate,0,0.5422222222222223,0.4111111111111111,0.5815910249872515
0.438786584876904,rejected,support,0.4762503932054105,IF x2 = 1 THEN y = 1 increases,NoStatTest,0.00398406374501992,0.02151394422310757,insufficient support,0,0.03666666666666667,0.017777777777777778,0.4934954751131222
0.0,rejected,counterfactual,0.2023470839260313,IF x4 = 1 THEN y = 1 increases,NoStatTest,0.00398406374501992,0.02151394422310757,matched counterfactual contrast is weak,0,0.49333333333333335,0.5022222222222222,0.27042509481668775
0.023830639400433437,rejected,redundant,0.09548364153627314,IF x6 = 1 THEN y = 1 increases,NoStatTest,0.00398406374501992,0.02151394422310757,matched counterfactual contrast is weak,0,0.5066666666666667,0.5044444444444445,0.22307935441812687
0.04099078070295743,rejected,fdr_null,-0.00604635539133358,IF x10 = 1 THEN y = 1 increases,NoStatTest,0.027888446215139442,0.1254980079681275,matched counterfactual contrast is weak; held-out effect does not replicate,0,0.5088888888888888,0.4911111111111111,0.07167697445118454
0.0633691930661077,rejected,fdr_null,-0.022494331961808056,IF x13 = 1 THEN y = 1 increases,NoStatTest,0.11553784860557768,0.3899402390438247,weak validation effect; held-out effect does not replicate,0,0.4922222222222222,0.5055555555555555,0.04383257192245954
0.046441258703058146,rejected,fdr_null,-0.011466723292460679,IF x27 = 1 THEN y = 1 increases,NoStatTest,0.11553784860557768,0.3899402390438247,weak validation effect; held-out effect does not replicate,0,0.4988888888888889,0.5,0.04222222222222227
0.050818791408955365,rejected,fdr_null,-0.04773545490910708,IF x18 = 1 THEN y = 1 increases,NoStatTest,0.15139442231075698,0.4541832669322709,weak validation effect; held-out effect does not replicate,0,0.49666666666666665,0.5011111111111111,0.036321167018108724
0.02610562672180948,rejected,fdr_null,-0.007467256672132105,IF x15 = 1 THEN y = 1 increases,NoStatTest,0.24302788844621515,0.6561752988047809,weak validation effect; matched counterfactual contrast is weak; held-out effect does not replicate,0,0.5044444444444445,0.48444444444444446,0.0226391964568175
0.0004916815550803399,rejected,fdr_null,-0.007563959955506128,IF x26 = 1 THEN y = 1 increases,NoStatTest,0.27091633466135456,0.664976457805143,weak validation effect; matched counterfactual contrast is weak; held-out effect does not replicate,0,0.48333333333333334,0.47444444444444445,0.022453718603165806
0.01052471675425857,rejected,statistical,0.22664047996986736,IF x3 = 1 THEN y = 1 increases,NoStatTest,0.43824701195219123,0.8390438247011951,weak validation effect; matched counterfactual contrast is weak,0,0.24222222222222223,0.058888888888888886,0.012586041745561438
0.008294772661350388,rejected,fdr_null,0.04088904725847403,IF x22 = 1 THEN y = 1 increases,NoStatTest,0.46215139442231074,0.8390438247011951,weak validation effect; matched counterfactual contrast is weak; held-out effect does not replicate,0,0.5233333333333333,0.4922222222222222,0.003531718786274174
0.0021196535520062636,rejected,fdr_null,0.019478305555418296,IF x16 = 1 THEN y = 1 increases,NoStatTest,0.46613545816733065,0.8390438247011951,weak validation effect; matched counterfactual contrast is weak; held-out effect does not replicate,0,0.5122222222222222,0.49666666666666665,0.002148243625642643
0.0027364430235243277,rejected,fdr_null,-0.009855649576903935,IF x17 = 1 THEN y = 1 increases,NoStatTest,0.4262948207171315,0.8390438247011951,weak validation effect; matched counterfactual contrast is weak; held-out effect does not replicate,0,0.45555555555555555,0.49333333333333335,0.010964912280701733
-0.02207062550404672,rejected,fdr_null,0.05992176386913228,IF x8 = 1 THEN y = 1 increases,NoStatTest,0.6414342629482072,0.8745886021132859,weak validation effect; matched counterfactual contrast is weak; held-out effect does not replicate,0,0.5066666666666667,0.5166666666666667,-0.006303299962921782
0.002478669311273869,rejected,fdr_null,-0.050608017630287716,IF x21 = 1 THEN y = 1 increases,NoStatTest,0.649402390438247,0.8745886021132859,weak validation effect; matched counterfactual contrast is weak; held-out effect does not replicate,0,0.48777777777777775,0.51,-0.006447023253745965
-0.021584447985064287,rejected,fdr_null,0.04429816758583882,IF x7 = 1 THEN y = 1 increases,NoStatTest,0.7330677290836654,0.8745886021132859,weak validation effect; matched counterfactual contrast is weak; held-out effect does not replicate,0,0.5133333333333333,0.5055555555555555,-0.01839733300407459
-0.008330546544802381,rejected,fdr_null,0.0431590656284761,IF x12 = 1 THEN y = 1 increases,NoStatTest,0.5657370517928287,0.8745886021132859,weak validation effect; matched counterfactual contrast is weak; held-out effect does not replicate,0,0.5166666666666667,0.5011111111111111,-0.0036790305137309187
-0.027996162215335428,rejected,fdr_null,-0.03023715415019762,IF x24 = 1 THEN y = 1 increases,NoStatTest,0.7450199203187251,0.8745886021132859,weak validation effect; matched counterfactual contrast is weak; held-out effect does not replicate,0,0.4888888888888889,0.4822222222222222,-0.018937521014220415
-0.010218367469946537,rejected,fdr_null,-0.021929042610090932,IF x11 = 1 THEN y = 1 increases,NoStatTest,0.6334661354581673,0.8745886021132859,weak validation effect; matched counterfactual contrast is weak; held-out effect does not replicate,0,0.47333333333333333,0.5155555555555555,-0.004844194875039565
-0.021640201190946638,rejected,fdr_null,0.02151153603034134,IF x9 = 1 THEN y = 1 increases,NoStatTest,0.701195219123506,0.8745886021132859,weak validation effect; matched counterfactual contrast is weak; held-out effect does not replicate,0,0.49777777777777776,0.4777777777777778,-0.017565561603166746
-0.006370847774250593,rejected,fdr_null,0.001422334604215647,IF x23 = 1 THEN y = 1 increases,NoStatTest,0.601593625498008,0.8745886021132859,weak validation effect; matched counterfactual contrast is weak; held-out effect does not replicate,0,0.5044444444444445,0.5211111111111111,-0.007692726292303775
-0.03934102264866794,rejected,fdr_null,0.007688334392879803,IF x25 = 1 THEN y = 1 increases,NoStatTest,0.8366533864541833,0.9412350597609561,weak validation effect; matched counterfactual contrast is weak; held-out effect does not replicate,0,0.5377777777777778,0.5144444444444445,-0.030074481913300477
-0.03810412210767639,rejected,fdr_null,0.0684241045541728,IF x14 = 1 THEN y = 1 increases,NoStatTest,0.952191235059761,0.952191235059761,weak validation effect; matched counterfactual contrast is weak,0,0.47,0.4922222222222222,-0.04981452302038519
-0.039764510071703806,rejected,fdr_null,-0.030851909844851366,IF x19 = 1 THEN y = 1 increases,NoStatTest,0.9203187250996016,0.952191235059761,weak validation effect; matched counterfactual contrast is weak; held-out effect does not replicate,0,0.5077777777777778,0.4955555555555556,-0.036397937614823905
-0.04029835970635607,rejected,fdr_null,-0.022350956520018395,IF x20 = 1 THEN y = 1 increases,NoStatTest,0.9402390438247012,0.952191235059761,weak validation effect; matched counterfactual contrast is weak; held-out effect does not replicate,0,0.47888888888888886,0.49666666666666665,-0.04674281819932741
0.24504760193377828,accepted,valid,0.12329436863860616,IF x0 = 1 THEN y = 1 increases,NoFDR,0.00398406374501992,0.00398406374501992,passes all verification gates,0,0.5033333333333333,0.5044444444444445,0.24974812824717016
0.5028923305756411,rejected,holdout,-0.6309883813464905,IF x5 = 1 THEN y = 1 increases,NoFDR,0.00398406374501992,0.00398406374501992,held-out effect does not replicate,0,0.5422222222222223,0.4111111111111111,0.5815910249872515
0.438786584876904,rejected,support,0.4762503932054105,IF x2 = 1 THEN y = 1 increases,NoFDR,0.00398406374501992,0.00398406374501992,insufficient support,0,0.03666666666666667,0.017777777777777778,0.4934954751131222
0.0,rejected,counterfactual,0.2023470839260313,IF x4 = 1 THEN y = 1 increases,NoFDR,0.00398406374501992,0.00398406374501992,matched counterfactual contrast is weak,0,0.49333333333333335,0.5022222222222222,0.27042509481668775
0.023830639400433437,rejected,redundant,0.09548364153627314,IF x6 = 1 THEN y = 1 increases,NoFDR,0.00398406374501992,0.00398406374501992,matched counterfactual contrast is weak,0,0.5066666666666667,0.5044444444444445,0.22307935441812687
0.04099078070295743,rejected,fdr_null,-0.00604635539133358,IF x10 = 1 THEN y = 1 increases,NoFDR,0.027888446215139442,0.027888446215139442,matched counterfactual contrast is weak; held-out effect does not replicate,0,0.5088888888888888,0.4911111111111111,0.07167697445118454
0.0633691930661077,rejected,fdr_null,-0.022494331961808056,IF x13 = 1 THEN y = 1 increases,NoFDR,0.11553784860557768,0.11553784860557768,weak validation effect; not significant after raw p-value test; held-out effect does not replicate,0,0.4922222222222222,0.5055555555555555,0.04383257192245954
0.046441258703058146,rejected,fdr_null,-0.011466723292460679,IF x27 = 1 THEN y = 1 increases,NoFDR,0.11553784860557768,0.11553784860557768,weak validation effect; not significant after raw p-value test; held-out effect does not replicate,0,0.4988888888888889,0.5,0.04222222222222227
0.050818791408955365,rejected,fdr_null,-0.04773545490910708,IF x18 = 1 THEN y = 1 increases,NoFDR,0.15139442231075698,0.15139442231075698,weak validation effect; not significant after raw p-value test; held-out effect does not replicate,0,0.49666666666666665,0.5011111111111111,0.036321167018108724
0.02610562672180948,rejected,fdr_null,-0.007467256672132105,IF x15 = 1 THEN y = 1 increases,NoFDR,0.24302788844621515,0.24302788844621515,weak validation effect; not significant after raw p-value test; matched counterfactual contrast is weak; held-out effect does not replicate,0,0.5044444444444445,0.48444444444444446,0.0226391964568175
0.0004916815550803399,rejected,fdr_null,-0.007563959955506128,IF x26 = 1 THEN y = 1 increases,NoFDR,0.27091633466135456,0.27091633466135456,weak validation effect; not significant after raw p-value test; matched counterfactual contrast is weak; held-out effect does not replicate,0,0.48333333333333334,0.47444444444444445,0.022453718603165806
0.0027364430235243277,rejected,fdr_null,-0.009855649576903935,IF x17 = 1 THEN y = 1 increases,NoFDR,0.4262948207171315,0.4262948207171315,weak validation effect; not significant after raw p-value test; matched counterfactual contrast is weak; held-out effect does not replicate,0,0.45555555555555555,0.49333333333333335,0.010964912280701733
0.01052471675425857,rejected,statistical,0.22664047996986736,IF x3 = 1 THEN y = 1 increases,NoFDR,0.43824701195219123,0.43824701195219123,weak validation effect; not significant after raw p-value test; matched counterfactual contrast is weak,0,0.24222222222222223,0.058888888888888886,0.012586041745561438
0.008294772661350388,rejected,fdr_null,0.04088904725847403,IF x22 = 1 THEN y = 1 increases,NoFDR,0.46215139442231074,0.46215139442231074,weak validation effect; not significant after raw p-value test; matched counterfactual contrast is weak; held-out effect does not replicate,0,0.5233333333333333,0.4922222222222222,0.003531718786274174
0.0021196535520062636,rejected,fdr_null,0.019478305555418296,IF x16 = 1 THEN y = 1 increases,NoFDR,0.46613545816733065,0.46613545816733065,weak validation effect; not significant after raw p-value test; matched counterfactual contrast is weak; held-out effect does not replicate,0,0.5122222222222222,0.49666666666666665,0.002148243625642643
-0.008330546544802381,rejected,fdr_null,0.0431590656284761,IF x12 = 1 THEN y = 1 increases,NoFDR,0.5657370517928287,0.5657370517928287,weak validation effect; not significant after raw p-value test; matched counterfactual contrast is weak; held-out effect does not replicate,0,0.5166666666666667,0.5011111111111111,-0.0036790305137309187
-0.006370847774250593,rejected,fdr_null,0.001422334604215647,IF x23 = 1 THEN y = 1 increases,NoFDR,0.601593625498008,0.601593625498008,weak validation effect; not significant after raw p-value test; matched counterfactual contrast is weak; held-out effect does not replicate,0,0.5044444444444445,0.5211111111111111,-0.007692726292303775
-0.010218367469946537,rejected,fdr_null,-0.021929042610090932,IF x11 = 1 THEN y = 1 increases,NoFDR,0.6334661354581673,0.6334661354581673,weak validation effect; not significant after raw p-value test; matched counterfactual contrast is weak; held-out effect does not replicate,0,0.47333333333333333,0.5155555555555555,-0.004844194875039565
-0.02207062550404672,rejected,fdr_null,0.05992176386913228,IF x8 = 1 THEN y = 1 increases,NoFDR,0.6414342629482072,0.6414342629482072,weak validation effect; not significant after raw p-value test; matched counterfactual contrast is weak; held-out effect does not replicate,0,0.5066666666666667,0.5166666666666667,-0.006303299962921782
0.002478669311273869,rejected,fdr_null,-0.050608017630287716,IF x21 = 1 THEN y = 1 increases,NoFDR,0.649402390438247,0.649402390438247,weak validation effect; not significant after raw p-value test; matched counterfactual contrast is weak; held-out effect does not replicate,0,0.48777777777777775,0.51,-0.006447023253745965
-0.021640201190946638,rejected,fdr_null,0.02151153603034134,IF x9 = 1 THEN y = 1 increases,NoFDR,0.701195219123506,0.701195219123506,weak validation effect; not significant after raw p-value test; matched counterfactual contrast is weak; held-out effect does not replicate,0,0.49777777777777776,0.4777777777777778,-0.017565561603166746
-0.021584447985064287,rejected,fdr_null,0.04429816758583882,IF x7 = 1 THEN y = 1 increases,NoFDR,0.7330677290836654,0.7330677290836654,weak validation effect; not significant after raw p-value test; matched counterfactual contrast is weak; held-out effect does not replicate,0,0.5133333333333333,0.5055555555555555,-0.01839733300407459
-0.027996162215335428,rejected,fdr_null,-0.03023715415019762,IF x24 = 1 THEN y = 1 increases,NoFDR,0.7450199203187251,0.7450199203187251,weak validation effect; not significant after raw p-value test; matched counterfactual contrast is weak; held-out effect does not replicate,0,0.4888888888888889,0.4822222222222222,-0.018937521014220415
-0.03934102264866794,rejected,fdr_null,0.007688334392879803,IF x25 = 1 THEN y = 1 increases,NoFDR,0.8366533864541833,0.8366533864541833,weak validation effect; not significant after raw p-value test; matched counterfactual contrast is weak; held-out effect does not replicate,0,0.5377777777777778,0.5144444444444445,-0.030074481913300477
-0.039764510071703806,rejected,fdr_null,-0.030851909844851366,IF x19 = 1 THEN y = 1 increases,NoFDR,0.9203187250996016,0.9203187250996016,weak validation effect; not significant after raw p-value test; matched counterfactual contrast is weak; held-out effect does not replicate,0,0.5077777777777778,0.4955555555555556,-0.036397937614823905
-0.04029835970635607,rejected,fdr_null,-0.022350956520018395,IF x20 = 1 THEN y = 1 increases,NoFDR,0.9402390438247012,0.9402390438247012,weak validation effect; not significant after raw p-value test; matched counterfactual contrast is weak; held-out effect does not replicate,0,0.47888888888888886,0.49666666666666665,-0.04674281819932741
-0.03810412210767639,rejected,fdr_null,0.0684241045541728,IF x14 = 1 THEN y = 1 increases,NoFDR,0.952191235059761,0.952191235059761,weak validation effect; not significant after raw p-value test; matched counterfactual contrast is weak,0,0.47,0.4922222222222222,-0.04981452302038519
0.0,accepted,counterfactual,0.2023470839260313,IF x4 = 1 THEN y = 1 increases,NoCounterfactual,0.00398406374501992,0.02151394422310757,passes all verification gates,0,0.49333333333333335,0.5022222222222222,0.27042509481668775
0.24504760193377828,accepted,valid,0.12329436863860616,IF x0 = 1 THEN y = 1 increases,NoCounterfactual,0.00398406374501992,0.02151394422310757,passes all verification gates,0,0.5033333333333333,0.5044444444444445,0.24974812824717016
0.023830639400433437,accepted,redundant,0.09548364153627314,IF x6 = 1 THEN y = 1 increases,NoCounterfactual,0.00398406374501992,0.02151394422310757,passes all verification gates,0,0.5066666666666667,0.5044444444444445,0.22307935441812687
0.5028923305756411,rejected,holdout,-0.6309883813464905,IF x5 = 1 THEN y = 1 increases,NoCounterfactual,0.00398406374501992,0.02151394422310757,held-out effect does not replicate,0,0.5422222222222223,0.4111111111111111,0.5815910249872515
0.438786584876904,rejected,support,0.4762503932054105,IF x2 = 1 THEN y = 1 increases,NoCounterfactual,0.00398406374501992,0.02151394422310757,insufficient support,0,0.03666666666666667,0.017777777777777778,0.4934954751131222
0.04099078070295743,rejected,fdr_null,-0.00604635539133358,IF x10 = 1 THEN y = 1 increases,NoCounterfactual,0.027888446215139442,0.1254980079681275,not significant after FDR correction; held-out effect does not replicate,0,0.5088888888888888,0.4911111111111111,0.07167697445118454
0.0633691930661077,rejected,fdr_null,-0.022494331961808056,IF x13 = 1 THEN y = 1 increases,NoCounterfactual,0.11553784860557768,0.3899402390438247,weak validation effect; not significant after FDR correction; held-out effect does not replicate,0,0.4922222222222222,0.5055555555555555,0.04383257192245954
0.046441258703058146,rejected,fdr_null,-0.011466723292460679,IF x27 = 1 THEN y = 1 increases,NoCounterfactual,0.11553784860557768,0.3899402390438247,weak validation effect; not significant after FDR correction; held-out effect does not replicate,0,0.4988888888888889,0.5,0.04222222222222227
0.050818791408955365,rejected,fdr_null,-0.04773545490910708,IF x18 = 1 THEN y = 1 increases,NoCounterfactual,0.15139442231075698,0.4541832669322709,weak validation effect; not significant after FDR correction; held-out effect does not replicate,0,0.49666666666666665,0.5011111111111111,0.036321167018108724
0.02610562672180948,rejected,fdr_null,-0.007467256672132105,IF x15 = 1 THEN y = 1 increases,NoCounterfactual,0.24302788844621515,0.6561752988047809,weak validation effect; not significant after FDR correction; held-out effect does not replicate,0,0.5044444444444445,0.48444444444444446,0.0226391964568175
0.0004916815550803399,rejected,fdr_null,-0.007563959955506128,IF x26 = 1 THEN y = 1 increases,NoCounterfactual,0.27091633466135456,0.664976457805143,weak validation effect; not significant after FDR correction; held-out effect does not replicate,0,0.48333333333333334,0.47444444444444445,0.022453718603165806
0.01052471675425857,rejected,statistical,0.22664047996986736,IF x3 = 1 THEN y = 1 increases,NoCounterfactual,0.43824701195219123,0.8390438247011951,weak validation effect; not significant after FDR correction,0,0.24222222222222223,0.058888888888888886,0.012586041745561438
0.008294772661350388,rejected,fdr_null,0.04088904725847403,IF x22 = 1 THEN y = 1 increases,NoCounterfactual,0.46215139442231074,0.8390438247011951,weak validation effect; not significant after FDR correction; held-out effect does not replicate,0,0.5233333333333333,0.4922222222222222,0.003531718786274174
0.0021196535520062636,rejected,fdr_null,0.019478305555418296,IF x16 = 1 THEN y = 1 increases,NoCounterfactual,0.46613545816733065,0.8390438247011951,weak validation effect; not significant after FDR correction; held-out effect does not replicate,0,0.5122222222222222,0.49666666666666665,0.002148243625642643
0.0027364430235243277,rejected,fdr_null,-0.009855649576903935,IF x17 = 1 THEN y = 1 increases,NoCounterfactual,0.4262948207171315,0.8390438247011951,weak validation effect; not significant after FDR correction; held-out effect does not replicate,0,0.45555555555555555,0.49333333333333335,0.010964912280701733
-0.02207062550404672,rejected,fdr_null,0.05992176386913228,IF x8 = 1 THEN y = 1 increases,NoCounterfactual,0.6414342629482072,0.8745886021132859,weak validation effect; not significant after FDR correction; held-out effect does not replicate,0,0.5066666666666667,0.5166666666666667,-0.006303299962921782
0.002478669311273869,rejected,fdr_null,-0.050608017630287716,IF x21 = 1 THEN y = 1 increases,NoCounterfactual,0.649402390438247,0.8745886021132859,weak validation effect; not significant after FDR correction; held-out effect does not replicate,0,0.48777777777777775,0.51,-0.006447023253745965
-0.021584447985064287,rejected,fdr_null,0.04429816758583882,IF x7 = 1 THEN y = 1 increases,NoCounterfactual,0.7330677290836654,0.8745886021132859,weak validation effect; not significant after FDR correction; held-out effect does not replicate,0,0.5133333333333333,0.5055555555555555,-0.01839733300407459
-0.008330546544802381,rejected,fdr_null,0.0431590656284761,IF x12 = 1 THEN y = 1 increases,NoCounterfactual,0.5657370517928287,0.8745886021132859,weak validation effect; not significant after FDR correction; held-out effect does not replicate,0,0.5166666666666667,0.5011111111111111,-0.0036790305137309187
-0.027996162215335428,rejected,fdr_null,-0.03023715415019762,IF x24 = 1 THEN y = 1 increases,NoCounterfactual,0.7450199203187251,0.8745886021132859,weak validation effect; not significant after FDR correction; held-out effect does not replicate,0,0.4888888888888889,0.4822222222222222,-0.018937521014220415
-0.010218367469946537,rejected,fdr_null,-0.021929042610090932,IF x11 = 1 THEN y = 1 increases,NoCounterfactual,0.6334661354581673,0.8745886021132859,weak validation effect; not significant after FDR correction; held-out effect does not replicate,0,0.47333333333333333,0.5155555555555555,-0.004844194875039565
-0.021640201190946638,rejected,fdr_null,0.02151153603034134,IF x9 = 1 THEN y = 1 increases,NoCounterfactual,0.701195219123506,0.8745886021132859,weak validation effect; not significant after FDR correction; held-out effect does not replicate,0,0.49777777777777776,0.4777777777777778,-0.017565561603166746
-0.006370847774250593,rejected,fdr_null,0.001422334604215647,IF x23 = 1 THEN y = 1 increases,NoCounterfactual,0.601593625498008,0.8745886021132859,weak validation effect; not significant after FDR correction; held-out effect does not replicate,0,0.5044444444444445,0.5211111111111111,-0.007692726292303775
-0.03934102264866794,rejected,fdr_null,0.007688334392879803,IF x25 = 1 THEN y = 1 increases,NoCounterfactual,0.8366533864541833,0.9412350597609561,weak validation effect; not significant after FDR correction; held-out effect does not replicate,0,0.5377777777777778,0.5144444444444445,-0.030074481913300477
-0.03810412210767639,rejected,fdr_null,0.0684241045541728,IF x14 = 1 THEN y = 1 increases,NoCounterfactual,0.952191235059761,0.952191235059761,weak validation effect; not significant after FDR correction,0,0.47,0.4922222222222222,-0.04981452302038519
-0.039764510071703806,rejected,fdr_null,-0.030851909844851366,IF x19 = 1 THEN y = 1 increases,NoCounterfactual,0.9203187250996016,0.952191235059761,weak validation effect; not significant after FDR correction; held-out effect does not replicate,0,0.5077777777777778,0.4955555555555556,-0.036397937614823905
-0.04029835970635607,rejected,fdr_null,-0.022350956520018395,IF x20 = 1 THEN y = 1 increases,NoCounterfactual,0.9402390438247012,0.952191235059761,weak validation effect; not significant after FDR correction; held-out effect does not replicate,0,0.47888888888888886,0.49666666666666665,-0.04674281819932741
0.5028923305756411,accepted,holdout,-0.6309883813464905,IF x5 = 1 THEN y = 1 increases,NoHeldout,0.00398406374501992,0.02151394422310757,passes all verification gates,0,0.5422222222222223,0.4111111111111111,0.5815910249872515
0.24504760193377828,accepted,valid,0.12329436863860616,IF x0 = 1 THEN y = 1 increases,NoHeldout,0.00398406374501992,0.02151394422310757,passes all verification gates,0,0.5033333333333333,0.5044444444444445,0.24974812824717016
0.438786584876904,rejected,support,0.4762503932054105,IF x2 = 1 THEN y = 1 increases,NoHeldout,0.00398406374501992,0.02151394422310757,insufficient support,0,0.03666666666666667,0.017777777777777778,0.4934954751131222
0.0,rejected,counterfactual,0.2023470839260313,IF x4 = 1 THEN y = 1 increases,NoHeldout,0.00398406374501992,0.02151394422310757,matched counterfactual contrast is weak,0,0.49333333333333335,0.5022222222222222,0.27042509481668775
0.023830639400433437,rejected,redundant,0.09548364153627314,IF x6 = 1 THEN y = 1 increases,NoHeldout,0.00398406374501992,0.02151394422310757,matched counterfactual contrast is weak,0,0.5066666666666667,0.5044444444444445,0.22307935441812687
0.04099078070295743,rejected,fdr_null,-0.00604635539133358,IF x10 = 1 THEN y = 1 increases,NoHeldout,0.027888446215139442,0.1254980079681275,not significant after FDR correction; matched counterfactual contrast is weak,0,0.5088888888888888,0.4911111111111111,0.07167697445118454
0.0633691930661077,rejected,fdr_null,-0.022494331961808056,IF x13 = 1 THEN y = 1 increases,NoHeldout,0.11553784860557768,0.3899402390438247,weak validation effect; not significant after FDR correction,0,0.4922222222222222,0.5055555555555555,0.04383257192245954
0.046441258703058146,rejected,fdr_null,-0.011466723292460679,IF x27 = 1 THEN y = 1 increases,NoHeldout,0.11553784860557768,0.3899402390438247,weak validation effect; not significant after FDR correction,0,0.4988888888888889,0.5,0.04222222222222227
0.050818791408955365,rejected,fdr_null,-0.04773545490910708,IF x18 = 1 THEN y = 1 increases,NoHeldout,0.15139442231075698,0.4541832669322709,weak validation effect; not significant after FDR correction,0,0.49666666666666665,0.5011111111111111,0.036321167018108724
0.02610562672180948,rejected,fdr_null,-0.007467256672132105,IF x15 = 1 THEN y = 1 increases,NoHeldout,0.24302788844621515,0.6561752988047809,weak validation effect; not significant after FDR correction; matched counterfactual contrast is weak,0,0.5044444444444445,0.48444444444444446,0.0226391964568175
0.0004916815550803399,rejected,fdr_null,-0.007563959955506128,IF x26 = 1 THEN y = 1 increases,NoHeldout,0.27091633466135456,0.664976457805143,weak validation effect; not significant after FDR correction; matched counterfactual contrast is weak,0,0.48333333333333334,0.47444444444444445,0.022453718603165806
0.01052471675425857,rejected,statistical,0.22664047996986736,IF x3 = 1 THEN y = 1 increases,NoHeldout,0.43824701195219123,0.8390438247011951,weak validation effect; not significant after FDR correction; matched counterfactual contrast is weak,0,0.24222222222222223,0.058888888888888886,0.012586041745561438
0.008294772661350388,rejected,fdr_null,0.04088904725847403,IF x22 = 1 THEN y = 1 increases,NoHeldout,0.46215139442231074,0.8390438247011951,weak validation effect; not significant after FDR correction; matched counterfactual contrast is weak,0,0.5233333333333333,0.4922222222222222,0.003531718786274174
0.0021196535520062636,rejected,fdr_null,0.019478305555418296,IF x16 = 1 THEN y = 1 increases,NoHeldout,0.46613545816733065,0.8390438247011951,weak validation effect; not significant after FDR correction; matched counterfactual contrast is weak,0,0.5122222222222222,0.49666666666666665,0.002148243625642643
0.0027364430235243277,rejected,fdr_null,-0.009855649576903935,IF x17 = 1 THEN y = 1 increases,NoHeldout,0.4262948207171315,0.8390438247011951,weak validation effect; not significant after FDR correction; matched counterfactual contrast is weak,0,0.45555555555555555,0.49333333333333335,0.010964912280701733
-0.02207062550404672,rejected,fdr_null,0.05992176386913228,IF x8 = 1 THEN y = 1 increases,NoHeldout,0.6414342629482072,0.8745886021132859,weak validation effect; not significant after FDR correction; matched counterfactual contrast is weak,0,0.5066666666666667,0.5166666666666667,-0.006303299962921782
0.002478669311273869,rejected,fdr_null,-0.050608017630287716,IF x21 = 1 THEN y = 1 increases,NoHeldout,0.649402390438247,0.8745886021132859,weak validation effect; not significant after FDR correction; matched counterfactual contrast is weak,0,0.48777777777777775,0.51,-0.006447023253745965
-0.021584447985064287,rejected,fdr_null,0.04429816758583882,IF x7 = 1 THEN y = 1 increases,NoHeldout,0.7330677290836654,0.8745886021132859,weak validation effect; not significant after FDR correction; matched counterfactual contrast is weak,0,0.5133333333333333,0.5055555555555555,-0.01839733300407459
-0.008330546544802381,rejected,fdr_null,0.0431590656284761,IF x12 = 1 THEN y = 1 increases,NoHeldout,0.5657370517928287,0.8745886021132859,weak validation effect; not significant after FDR correction; matched counterfactual contrast is weak,0,0.5166666666666667,0.5011111111111111,-0.0036790305137309187
-0.027996162215335428,rejected,fdr_null,-0.03023715415019762,IF x24 = 1 THEN y = 1 increases,NoHeldout,0.7450199203187251,0.8745886021132859,weak validation effect; not significant after FDR correction; matched counterfactual contrast is weak,0,0.4888888888888889,0.4822222222222222,-0.018937521014220415
-0.010218367469946537,rejected,fdr_null,-0.021929042610090932,IF x11 = 1 THEN y = 1 increases,NoHeldout,0.6334661354581673,0.8745886021132859,weak validation effect; not significant after FDR correction; matched counterfactual contrast is weak,0,0.47333333333333333,0.5155555555555555,-0.004844194875039565
-0.021640201190946638,rejected,fdr_null,0.02151153603034134,IF x9 = 1 THEN y = 1 increases,NoHeldout,0.701195219123506,0.8745886021132859,weak validation effect; not significant after FDR correction; matched counterfactual contrast is weak,0,0.49777777777777776,0.4777777777777778,-0.017565561603166746
-0.006370847774250593,rejected,fdr_null,0.001422334604215647,IF x23 = 1 THEN y = 1 increases,NoHeldout,0.601593625498008,0.8745886021132859,weak validation effect; not significant after FDR correction; matched counterfactual contrast is weak,0,0.5044444444444445,0.5211111111111111,-0.007692726292303775
-0.03934102264866794,rejected,fdr_null,0.007688334392879803,IF x25 = 1 THEN y = 1 increases,NoHeldout,0.8366533864541833,0.9412350597609561,weak validation effect; not significant after FDR correction; matched counterfactual contrast is weak,0,0.5377777777777778,0.5144444444444445,-0.030074481913300477
-0.03810412210767639,rejected,fdr_null,0.0684241045541728,IF x14 = 1 THEN y = 1 increases,NoHeldout,0.952191235059761,0.952191235059761,weak validation effect; not significant after FDR correction; matched counterfactual contrast is weak,0,0.47,0.4922222222222222,-0.04981452302038519
-0.039764510071703806,rejected,fdr_null,-0.030851909844851366,IF x19 = 1 THEN y = 1 increases,NoHeldout,0.9203187250996016,0.952191235059761,weak validation effect; not significant after FDR correction; matched counterfactual contrast is weak,0,0.5077777777777778,0.4955555555555556,-0.036397937614823905
-0.04029835970635607,rejected,fdr_null,-0.022350956520018395,IF x20 = 1 THEN y = 1 increases,NoHeldout,0.9402390438247012,0.952191235059761,weak validation effect; not significant after FDR correction; matched counterfactual contrast is weak,0,0.47888888888888886,0.49666666666666665,-0.04674281819932741
0.0,accepted,counterfactual,0.2023470839260313,IF x4 = 1 THEN y = 1 increases,NoEffect,0.00398406374501992,0.02151394422310757,passes all verification gates,0,0.49333333333333335,0.5022222222222222,0.27042509481668775
0.24504760193377828,accepted,valid,0.12329436863860616,IF x0 = 1 THEN y = 1 increases,NoEffect,0.00398406374501992,0.02151394422310757,passes all verification gates,0,0.5033333333333333,0.5044444444444445,0.24974812824717016
0.023830639400433437,accepted,redundant,0.09548364153627314,IF x6 = 1 THEN y = 1 increases,NoEffect,0.00398406374501992,0.02151394422310757,passes all verification gates,0,0.5066666666666667,0.5044444444444445,0.22307935441812687
0.5028923305756411,rejected,holdout,-0.6309883813464905,IF x5 = 1 THEN y = 1 increases,NoEffect,0.00398406374501992,0.02151394422310757,held-out effect does not replicate,0,0.5422222222222223,0.4111111111111111,0.5815910249872515
0.438786584876904,rejected,support,0.4762503932054105,IF x2 = 1 THEN y = 1 increases,NoEffect,0.00398406374501992,0.02151394422310757,insufficient support,0,0.03666666666666667,0.017777777777777778,0.4934954751131222
0.04099078070295743,rejected,fdr_null,-0.00604635539133358,IF x10 = 1 THEN y = 1 increases,NoEffect,0.027888446215139442,0.1254980079681275,not significant after FDR correction; held-out effect does not replicate,0,0.5088888888888888,0.4911111111111111,0.07167697445118454
0.0633691930661077,rejected,fdr_null,-0.022494331961808056,IF x13 = 1 THEN y = 1 increases,NoEffect,0.11553784860557768,0.3899402390438247,not significant after FDR correction; held-out effect does not replicate,0,0.4922222222222222,0.5055555555555555,0.04383257192245954
0.046441258703058146,rejected,fdr_null,-0.011466723292460679,IF x27 = 1 THEN y = 1 increases,NoEffect,0.11553784860557768,0.3899402390438247,not significant after FDR correction; held-out effect does not replicate,0,0.4988888888888889,0.5,0.04222222222222227
0.050818791408955365,rejected,fdr_null,-0.04773545490910708,IF x18 = 1 THEN y = 1 increases,NoEffect,0.15139442231075698,0.4541832669322709,not significant after FDR correction; held-out effect does not replicate,0,0.49666666666666665,0.5011111111111111,0.036321167018108724
0.02610562672180948,rejected,fdr_null,-0.007467256672132105,IF x15 = 1 THEN y = 1 increases,NoEffect,0.24302788844621515,0.6561752988047809,not significant after FDR correction; held-out effect does not replicate,0,0.5044444444444445,0.48444444444444446,0.0226391964568175
0.0004916815550803399,rejected,fdr_null,-0.007563959955506128,IF x26 = 1 THEN y = 1 increases,NoEffect,0.27091633466135456,0.664976457805143,not significant after FDR correction; held-out effect does not replicate,0,0.48333333333333334,0.47444444444444445,0.022453718603165806
0.01052471675425857,rejected,statistical,0.22664047996986736,IF x3 = 1 THEN y = 1 increases,NoEffect,0.43824701195219123,0.8390438247011951,not significant after FDR correction,0,0.24222222222222223,0.058888888888888886,0.012586041745561438
0.008294772661350388,rejected,fdr_null,0.04088904725847403,IF x22 = 1 THEN y = 1 increases,NoEffect,0.46215139442231074,0.8390438247011951,not significant after FDR correction; held-out effect does not replicate,0,0.5233333333333333,0.4922222222222222,0.003531718786274174
0.0021196535520062636,rejected,fdr_null,0.019478305555418296,IF x16 = 1 THEN y = 1 increases,NoEffect,0.46613545816733065,0.8390438247011951,not significant after FDR correction; held-out effect does not replicate,0,0.5122222222222222,0.49666666666666665,0.002148243625642643
0.0027364430235243277,rejected,fdr_null,-0.009855649576903935,IF x17 = 1 THEN y = 1 increases,NoEffect,0.4262948207171315,0.8390438247011951,not significant after FDR correction; held-out effect does not replicate,0,0.45555555555555555,0.49333333333333335,0.010964912280701733
-0.02207062550404672,rejected,fdr_null,0.05992176386913228,IF x8 = 1 THEN y = 1 increases,NoEffect,0.6414342629482072,0.8745886021132859,not significant after FDR correction; held-out effect does not replicate,0,0.5066666666666667,0.5166666666666667,-0.006303299962921782
0.002478669311273869,rejected,fdr_null,-0.050608017630287716,IF x21 = 1 THEN y = 1 increases,NoEffect,0.649402390438247,0.8745886021132859,not significant after FDR correction; held-out effect does not replicate,0,0.48777777777777775,0.51,-0.006447023253745965
-0.021584447985064287,rejected,fdr_null,0.04429816758583882,IF x7 = 1 THEN y = 1 increases,NoEffect,0.7330677290836654,0.8745886021132859,not significant after FDR correction; held-out effect does not replicate,0,0.5133333333333333,0.5055555555555555,-0.01839733300407459
-0.008330546544802381,rejected,fdr_null,0.0431590656284761,IF x12 = 1 THEN y = 1 increases,NoEffect,0.5657370517928287,0.8745886021132859,not significant after FDR correction; held-out effect does not replicate,0,0.5166666666666667,0.5011111111111111,-0.0036790305137309187
-0.027996162215335428,rejected,fdr_null,-0.03023715415019762,IF x24 = 1 THEN y = 1 increases,NoEffect,0.7450199203187251,0.8745886021132859,not significant after FDR correction; held-out effect does not replicate,0,0.4888888888888889,0.4822222222222222,-0.018937521014220415
-0.010218367469946537,rejected,fdr_null,-0.021929042610090932,IF x11 = 1 THEN y = 1 increases,NoEffect,0.6334661354581673,0.8745886021132859,not significant after FDR correction; held-out effect does not replicate,0,0.47333333333333333,0.5155555555555555,-0.004844194875039565
-0.021640201190946638,rejected,fdr_null,0.02151153603034134,IF x9 = 1 THEN y = 1 increases,NoEffect,0.701195219123506,0.8745886021132859,not significant after FDR correction; held-out effect does not replicate,0,0.49777777777777776,0.4777777777777778,-0.017565561603166746
-0.006370847774250593,rejected,fdr_null,0.001422334604215647,IF x23 = 1 THEN y = 1 increases,NoEffect,0.601593625498008,0.8745886021132859,not significant after FDR correction; held-out effect does not replicate,0,0.5044444444444445,0.5211111111111111,-0.007692726292303775
-0.03934102264866794,rejected,fdr_null,0.007688334392879803,IF x25 = 1 THEN y = 1 increases,NoEffect,0.8366533864541833,0.9412350597609561,not significant after FDR correction; held-out effect does not replicate,0,0.5377777777777778,0.5144444444444445,-0.030074481913300477
-0.03810412210767639,rejected,fdr_null,0.0684241045541728,IF x14 = 1 THEN y = 1 increases,NoEffect,0.952191235059761,0.952191235059761,not significant after FDR correction,0,0.47,0.4922222222222222,-0.04981452302038519
-0.039764510071703806,rejected,fdr_null,-0.030851909844851366,IF x19 = 1 THEN y = 1 increases,NoEffect,0.9203187250996016,0.952191235059761,not significant after FDR correction; held-out effect does not replicate,0,0.5077777777777778,0.4955555555555556,-0.036397937614823905
-0.04029835970635607,rejected,fdr_null,-0.022350956520018395,IF x20 = 1 THEN y = 1 increases,NoEffect,0.9402390438247012,0.952191235059761,not significant after FDR correction; held-out effect does not replicate,0,0.47888888888888886,0.49666666666666665,-0.04674281819932741
0.16806517504209642,accepted,valid,0.09845132743362833,IF x0 = 1 THEN y = 1 increases,FullVerifier,0.00398406374501992,0.02151394422310757,passes all verification gates,1,0.5022222222222222,0.5,0.16444444444444442
0.5169938184215431,rejected,holdout,-0.5903372725266347,IF x5 = 1 THEN y = 1 increases,FullVerifier,0.00398406374501992,0.02151394422310757,held-out effect does not replicate,1,0.5622222222222222,0.43222222222222223,0.5571815936291058
0.5752740401565363,rejected,support,0.44971751412429384,IF x2 = 1 THEN y = 1 increases,FullVerifier,0.00398406374501992,0.02151394422310757,insufficient support,1,0.016666666666666666,0.03,0.5773195876288659
0.0,rejected,counterfactual,0.22615137671317442,IF x4 = 1 THEN y = 1 increases,FullVerifier,0.00398406374501992,0.02151394422310757,matched counterfactual contrast is weak,1,0.5055555555555555,0.4677777777777778,0.23001205004487774
-0.060880372313418404,rejected,redundant,0.10461076157385674,IF x6 = 1 THEN y = 1 increases,FullVerifier,0.00398406374501992,0.02151394422310757,matched counterfactual contrast is weak,1,0.4855555555555556,0.5022222222222222,0.13041245259165613
0.06271714482237549,rejected,fdr_null,-0.003101479623081327,IF x23 = 1 THEN y = 1 increases,FullVerifier,0.0199203187250996,0.0896414342629482,not significant after FDR correction; held-out effect does not replicate,1,0.5044444444444445,0.51,0.06687119292161309
0.0436702171887433,rejected,fdr_null,-0.05132764343290658,IF x10 = 1 THEN y = 1 increases,FullVerifier,0.0398406374501992,0.15367103016505407,not significant after FDR correction; matched counterfactual contrast is weak; held-out effect does not replicate,1,0.5066666666666667,0.4811111111111111,0.051589676130378626
0.04182982102429893,rejected,fdr_null,0.006330895461212183,IF x7 = 1 THEN y = 1 increases,FullVerifier,0.13147410358565736,0.4437250996015936,weak validation effect; not significant after FDR correction; matched counterfactual contrast is weak; held-out effect does not replicate,1,0.4988888888888889,0.48444444444444446,0.03827902562480229
0.0157097092695018,rejected,fdr_null,-0.04933878906481648,IF x25 = 1 THEN y = 1 increases,FullVerifier,0.17131474103585656,0.5139442231075697,weak validation effect; not significant after FDR correction; matched counterfactual contrast is weak; held-out effect does not replicate,1,0.5133333333333333,0.5188888888888888,0.03297545633026888
0.028035580770623136,rejected,fdr_null,-0.02410876103091869,IF x19 = 1 THEN y = 1 increases,FullVerifier,0.21912350597609562,0.5916334661354582,weak validation effect; not significant after FDR correction; matched counterfactual contrast is weak; held-out effect does not replicate,1,0.5011111111111111,0.5244444444444445,0.025681134167590658
0.025837740798854633,rejected,fdr_null,0.015489470224533064,IF x20 = 1 THEN y = 1 increases,FullVerifier,0.2868525896414343,0.699203187250996,weak validation effect; not significant after FDR correction; matched counterfactual contrast is weak; held-out effect does not replicate,1,0.5144444444444445,0.5033333333333333,0.022282471813562077
0.011921902616544149,rejected,fdr_null,0.009154539702625752,IF x14 = 1 THEN y = 1 increases,FullVerifier,0.3107569721115538,0.699203187250996,weak validation effect; not significant after FDR correction; matched counterfactual contrast is weak; held-out effect does not replicate,1,0.5155555555555555,0.4822222222222222,0.018967188148968528
0.01030165129347863,rejected,fdr_null,0.03232736269760139,IF x22 = 1 THEN y = 1 increases,FullVerifier,0.38247011952191234,0.7933266932270917,weak validation effect; not significant after FDR correction; matched counterfactual contrast is weak; held-out effect does not replicate,1,0.49666666666666665,0.4866666666666667,0.013105615845341867
-0.0246177728502845,rejected,fdr_null,0.02521012555650537,IF x11 = 1 THEN y = 1 increases,FullVerifier,0.46613545816733065,0.7933266932270917,weak validation effect; not significant after FDR correction; matched counterfactual contrast is weak; held-out effect does not replicate,1,0.48777777777777775,0.5055555555555555,0.006025435238918353
-0.00417292170940979,rejected,fdr_null,0.014548794761248651,IF x13 = 1 THEN y = 1 increases,FullVerifier,0.4701195219123506,0.7933266932270917,weak validation effect; not significant after FDR correction; matched counterfactual contrast is weak; held-out effect does not replicate,1,0.49666666666666665,0.5122222222222222,0.006146882828751976
0.024222667532110862,rejected,fdr_null,-0.0032297731751040892,IF x26 = 1 THEN y = 1 increases,FullVerifier,0.41434262948207173,0.7933266932270917,weak validation effect; not significant after FDR correction; matched counterfactual contrast is weak; held-out effect does not replicate,1,0.49666666666666665,0.46,0.008230452674897082
0.009019278842689217,rejected,fdr_null,0.005379640434326871,IF x17 = 1 THEN y = 1 increases,FullVerifier,0.5418326693227091,0.8605577689243028,weak validation effect; not significant after FDR correction; matched counterfactual contrast is weak; held-out effect does not replicate,1,0.5177777777777778,0.5144444444444445,-0.0012257142998354231
-0.007082594285574602,rejected,fdr_null,0.0195419786994408,IF x16 = 1 THEN y = 1 increases,FullVerifier,0.601593625498008,0.9023904382470119,weak validation effect; not significant after FDR correction; matched counterfactual contrast is weak; held-out effect does not replicate,1,0.4911111111111111,0.5111111111111111,-0.00573122529644271
-0.045152959817089285,rejected,statistical,0.19575364098964726,IF x3 = 1 THEN y = 1 increases,FullVerifier,0.8167330677290837,0.93800796812749,insufficient support; weak validation effect; not significant after FDR correction; matched counterfactual contrast is weak,1,0.22777777777777777,0.043333333333333335,-0.048959170910390426
-0.04335517112625201,rejected,fdr_null,0.06895936482447923,IF x9 = 1 THEN y = 1 increases,FullVerifier,0.8366533864541833,0.93800796812749,weak validation effect; not significant after FDR correction; matched counterfactual contrast is weak; held-out effect does not replicate,1,0.47,0.4922222222222222,-0.02977510607505024
-0.022505072052566646,rejected,fdr_null,0.06768883342247578,IF x8 = 1 THEN y = 1 increases,FullVerifier,0.8685258964143426,0.93800796812749,weak validation effect; not significant after FDR correction; matched counterfactual contrast is weak; held-out effect does not replicate,1,0.47333333333333333,0.5222222222222223,-0.029292429490351324
-0.04228670602370222,rejected,fdr_null,-0.022824168633127806,IF x21 = 1 THEN y = 1 increases,FullVerifier,0.8685258964143426,0.93800796812749,weak validation effect; not significant after FDR correction; matched counterfactual contrast is weak; held-out effect does not replicate,1,0.4688888888888889,0.4955555555555556,-0.034155785148456186
-0.007123682847563386,rejected,fdr_null,-0.014979606970708215,IF x24 = 1 THEN y = 1 increases,FullVerifier,0.6972111553784861,0.93800796812749,weak validation effect; not significant after FDR correction; matched counterfactual contrast is weak; held-out effect does not replicate,1,0.5166666666666667,0.5255555555555556,-0.011427383139163527
-0.04417178315297251,rejected,fdr_null,0.006751313441835438,IF x18 = 1 THEN y = 1 increases,FullVerifier,0.8605577689243028,0.93800796812749,weak validation effect; not significant after FDR correction; matched counterfactual contrast is weak; held-out effect does not replicate,1,0.4855555555555556,0.5033333333333333,-0.03105323199549609
0.01335840475157164,rejected,fdr_null,-0.004165450506829427,IF x12 = 1 THEN y = 1 increases,FullVerifier,0.6892430278884463,0.93800796812749,weak validation effect; not significant after FDR correction; matched counterfactual contrast is weak; held-out effect does not replicate,1,0.47888888888888886,0.5144444444444445,-0.014570184499656524
-0.03930082207609241,rejected,fdr_null,0.014548794761248651,IF x15 = 1 THEN y = 1 increases,FullVerifier,0.9043824701195219,0.939166411277965,weak validation effect; not significant after FDR correction; matched counterfactual contrast is weak; held-out effect does not replicate,1,0.49666666666666665,0.5388888888888889,-0.0425288784001987
-0.06106269023890944,rejected,fdr_null,-0.008297105949571504,IF x27 = 1 THEN y = 1 increases,FullVerifier,0.9721115537848606,0.9721115537848606,weak validation effect; not significant after FDR correction; matched counterfactual contrast is weak; held-out effect does not replicate,1,0.5388888888888889,0.4855555555555556,-0.05660032323272263
0.5752740401565363,accepted,support,0.44971751412429384,IF x2 = 1 THEN y = 1 increases,NoSupport,0.00398406374501992,0.02151394422310757,passes all verification gates,1,0.016666666666666666,0.03,0.5773195876288659
0.16806517504209642,accepted,valid,0.09845132743362833,IF x0 = 1 THEN y = 1 increases,NoSupport,0.00398406374501992,0.02151394422310757,passes all verification gates,1,0.5022222222222222,0.5,0.16444444444444442
0.5169938184215431,rejected,holdout,-0.5903372725266347,IF x5 = 1 THEN y = 1 increases,NoSupport,0.00398406374501992,0.02151394422310757,held-out effect does not replicate,1,0.5622222222222222,0.43222222222222223,0.5571815936291058
0.0,rejected,counterfactual,0.22615137671317442,IF x4 = 1 THEN y = 1 increases,NoSupport,0.00398406374501992,0.02151394422310757,matched counterfactual contrast is weak,1,0.5055555555555555,0.4677777777777778,0.23001205004487774
-0.060880372313418404,rejected,redundant,0.10461076157385674,IF x6 = 1 THEN y = 1 increases,NoSupport,0.00398406374501992,0.02151394422310757,matched counterfactual contrast is weak,1,0.4855555555555556,0.5022222222222222,0.13041245259165613
0.06271714482237549,rejected,fdr_null,-0.003101479623081327,IF x23 = 1 THEN y = 1 increases,NoSupport,0.0199203187250996,0.0896414342629482,not significant after FDR correction; held-out effect does not replicate,1,0.5044444444444445,0.51,0.06687119292161309
0.0436702171887433,rejected,fdr_null,-0.05132764343290658,IF x10 = 1 THEN y = 1 increases,NoSupport,0.0398406374501992,0.15367103016505407,not significant after FDR correction; matched counterfactual contrast is weak; held-out effect does not replicate,1,0.5066666666666667,0.4811111111111111,0.051589676130378626
0.04182982102429893,rejected,fdr_null,0.006330895461212183,IF x7 = 1 THEN y = 1 increases,NoSupport,0.13147410358565736,0.4437250996015936,weak validation effect; not significant after FDR correction; matched counterfactual contrast is weak; held-out effect does not replicate,1,0.4988888888888889,0.48444444444444446,0.03827902562480229
0.0157097092695018,rejected,fdr_null,-0.04933878906481648,IF x25 = 1 THEN y = 1 increases,NoSupport,0.17131474103585656,0.5139442231075697,weak validation effect; not significant after FDR correction; matched counterfactual contrast is weak; held-out effect does not replicate,1,0.5133333333333333,0.5188888888888888,0.03297545633026888
0.028035580770623136,rejected,fdr_null,-0.02410876103091869,IF x19 = 1 THEN y = 1 increases,NoSupport,0.21912350597609562,0.5916334661354582,weak validation effect; not significant after FDR correction; matched counterfactual contrast is weak; held-out effect does not replicate,1,0.5011111111111111,0.5244444444444445,0.025681134167590658
0.025837740798854633,rejected,fdr_null,0.015489470224533064,IF x20 = 1 THEN y = 1 increases,NoSupport,0.2868525896414343,0.699203187250996,weak validation effect; not significant after FDR correction; matched counterfactual contrast is weak; held-out effect does not replicate,1,0.5144444444444445,0.5033333333333333,0.022282471813562077
0.011921902616544149,rejected,fdr_null,0.009154539702625752,IF x14 = 1 THEN y = 1 increases,NoSupport,0.3107569721115538,0.699203187250996,weak validation effect; not significant after FDR correction; matched counterfactual contrast is weak; held-out effect does not replicate,1,0.5155555555555555,0.4822222222222222,0.018967188148968528
0.01030165129347863,rejected,fdr_null,0.03232736269760139,IF x22 = 1 THEN y = 1 increases,NoSupport,0.38247011952191234,0.7933266932270917,weak validation effect; not significant after FDR correction; matched counterfactual contrast is weak; held-out effect does not replicate,1,0.49666666666666665,0.4866666666666667,0.013105615845341867
-0.0246177728502845,rejected,fdr_null,0.02521012555650537,IF x11 = 1 THEN y = 1 increases,NoSupport,0.46613545816733065,0.7933266932270917,weak validation effect; not significant after FDR correction; matched counterfactual contrast is weak; held-out effect does not replicate,1,0.48777777777777775,0.5055555555555555,0.006025435238918353
-0.00417292170940979,rejected,fdr_null,0.014548794761248651,IF x13 = 1 THEN y = 1 increases,NoSupport,0.4701195219123506,0.7933266932270917,weak validation effect; not significant after FDR correction; matched counterfactual contrast is weak; held-out effect does not replicate,1,0.49666666666666665,0.5122222222222222,0.006146882828751976
0.024222667532110862,rejected,fdr_null,-0.0032297731751040892,IF x26 = 1 THEN y = 1 increases,NoSupport,0.41434262948207173,0.7933266932270917,weak validation effect; not significant after FDR correction; matched counterfactual contrast is weak; held-out effect does not replicate,1,0.49666666666666665,0.46,0.008230452674897082
0.009019278842689217,rejected,fdr_null,0.005379640434326871,IF x17 = 1 THEN y = 1 increases,NoSupport,0.5418326693227091,0.8605577689243028,weak validation effect; not significant after FDR correction; matched counterfactual contrast is weak; held-out effect does not replicate,1,0.5177777777777778,0.5144444444444445,-0.0012257142998354231
-0.007082594285574602,rejected,fdr_null,0.0195419786994408,IF x16 = 1 THEN y = 1 increases,NoSupport,0.601593625498008,0.9023904382470119,weak validation effect; not significant after FDR correction; matched counterfactual contrast is weak; held-out effect does not replicate,1,0.4911111111111111,0.5111111111111111,-0.00573122529644271
-0.045152959817089285,rejected,statistical,0.19575364098964726,IF x3 = 1 THEN y = 1 increases,NoSupport,0.8167330677290837,0.93800796812749,weak validation effect; not significant after FDR correction; matched counterfactual contrast is weak,1,0.22777777777777777,0.043333333333333335,-0.048959170910390426
-0.04335517112625201,rejected,fdr_null,0.06895936482447923,IF x9 = 1 THEN y = 1 increases,NoSupport,0.8366533864541833,0.93800796812749,weak validation effect; not significant after FDR correction; matched counterfactual contrast is weak; held-out effect does not replicate,1,0.47,0.4922222222222222,-0.02977510607505024
-0.022505072052566646,rejected,fdr_null,0.06768883342247578,IF x8 = 1 THEN y = 1 increases,NoSupport,0.8685258964143426,0.93800796812749,weak validation effect; not significant after FDR correction; matched counterfactual contrast is weak; held-out effect does not replicate,1,0.47333333333333333,0.5222222222222223,-0.029292429490351324
-0.04228670602370222,rejected,fdr_null,-0.022824168633127806,IF x21 = 1 THEN y = 1 increases,NoSupport,0.8685258964143426,0.93800796812749,weak validation effect; not significant after FDR correction; matched counterfactual contrast is weak; held-out effect does not replicate,1,0.4688888888888889,0.4955555555555556,-0.034155785148456186
-0.007123682847563386,rejected,fdr_null,-0.014979606970708215,IF x24 = 1 THEN y = 1 increases,NoSupport,0.6972111553784861,0.93800796812749,weak validation effect; not significant after FDR correction; matched counterfactual contrast is weak; held-out effect does not replicate,1,0.5166666666666667,0.5255555555555556,-0.011427383139163527
-0.04417178315297251,rejected,fdr_null,0.006751313441835438,IF x18 = 1 THEN y = 1 increases,NoSupport,0.8605577689243028,0.93800796812749,weak validation effect; not significant after FDR correction; matched counterfactual contrast is weak; held-out effect does not replicate,1,0.4855555555555556,0.5033333333333333,-0.03105323199549609
0.01335840475157164,rejected,fdr_null,-0.004165450506829427,IF x12 = 1 THEN y = 1 increases,NoSupport,0.6892430278884463,0.93800796812749,weak validation effect; not significant after FDR correction; matched counterfactual contrast is weak; held-out effect does not replicate,1,0.47888888888888886,0.5144444444444445,-0.014570184499656524
-0.03930082207609241,rejected,fdr_null,0.014548794761248651,IF x15 = 1 THEN y = 1 increases,NoSupport,0.9043824701195219,0.939166411277965,weak validation effect; not significant after FDR correction; matched counterfactual contrast is weak; held-out effect does not replicate,1,0.49666666666666665,0.5388888888888889,-0.0425288784001987
-0.06106269023890944,rejected,fdr_null,-0.008297105949571504,IF x27 = 1 THEN y = 1 increases,NoSupport,0.9721115537848606,0.9721115537848606,weak validation effect; not significant after FDR correction; matched counterfactual contrast is weak; held-out effect does not replicate,1,0.5388888888888889,0.4855555555555556,-0.05660032323272263
0.16806517504209642,accepted,valid,0.09845132743362833,IF x0 = 1 THEN y = 1 increases,NoStatTest,0.00398406374501992,0.02151394422310757,passes all verification gates,1,0.5022222222222222,0.5,0.16444444444444442
0.5169938184215431,rejected,holdout,-0.5903372725266347,IF x5 = 1 THEN y = 1 increases,NoStatTest,0.00398406374501992,0.02151394422310757,held-out effect does not replicate,1,0.5622222222222222,0.43222222222222223,0.5571815936291058
0.5752740401565363,rejected,support,0.44971751412429384,IF x2 = 1 THEN y = 1 increases,NoStatTest,0.00398406374501992,0.02151394422310757,insufficient support,1,0.016666666666666666,0.03,0.5773195876288659
0.0,rejected,counterfactual,0.22615137671317442,IF x4 = 1 THEN y = 1 increases,NoStatTest,0.00398406374501992,0.02151394422310757,matched counterfactual contrast is weak,1,0.5055555555555555,0.4677777777777778,0.23001205004487774
-0.060880372313418404,rejected,redundant,0.10461076157385674,IF x6 = 1 THEN y = 1 increases,NoStatTest,0.00398406374501992,0.02151394422310757,matched counterfactual contrast is weak,1,0.4855555555555556,0.5022222222222222,0.13041245259165613
0.06271714482237549,rejected,fdr_null,-0.003101479623081327,IF x23 = 1 THEN y = 1 increases,NoStatTest,0.0199203187250996,0.0896414342629482,held-out effect does not replicate,1,0.5044444444444445,0.51,0.06687119292161309
0.0436702171887433,rejected,fdr_null,-0.05132764343290658,IF x10 = 1 THEN y = 1 increases,NoStatTest,0.0398406374501992,0.15367103016505407,matched counterfactual contrast is weak; held-out effect does not replicate,1,0.5066666666666667,0.4811111111111111,0.051589676130378626
0.04182982102429893,rejected,fdr_null,0.006330895461212183,IF x7 = 1 THEN y = 1 increases,NoStatTest,0.13147410358565736,0.4437250996015936,weak validation effect; matched counterfactual contrast is weak; held-out effect does not replicate,1,0.4988888888888889,0.48444444444444446,0.03827902562480229
0.0157097092695018,rejected,fdr_null,-0.04933878906481648,IF x25 = 1 THEN y = 1 increases,NoStatTest,0.17131474103585656,0.5139442231075697,weak validation effect; matched counterfactual contrast is weak; held-out effect does not replicate,1,0.5133333333333333,0.5188888888888888,0.03297545633026888
0.028035580770623136,rejected,fdr_null,-0.02410876103091869,IF x19 = 1 THEN y = 1 increases,NoStatTest,0.21912350597609562,0.5916334661354582,weak validation effect; matched counterfactual contrast is weak; held-out effect does not replicate,1,0.5011111111111111,0.5244444444444445,0.025681134167590658
0.025837740798854633,rejected,fdr_null,0.015489470224533064,IF x20 = 1 THEN y = 1 increases,NoStatTest,0.2868525896414343,0.699203187250996,weak validation effect; matched counterfactual contrast is weak; held-out effect does not replicate,1,0.5144444444444445,0.5033333333333333,0.022282471813562077
0.011921902616544149,rejected,fdr_null,0.009154539702625752,IF x14 = 1 THEN y = 1 increases,NoStatTest,0.3107569721115538,0.699203187250996,weak validation effect; matched counterfactual contrast is weak; held-out effect does not replicate,1,0.5155555555555555,0.4822222222222222,0.018967188148968528
0.01030165129347863,rejected,fdr_null,0.03232736269760139,IF x22 = 1 THEN y = 1 increases,NoStatTest,0.38247011952191234,0.7933266932270917,weak validation effect; matched counterfactual contrast is weak; held-out effect does not replicate,1,0.49666666666666665,0.4866666666666667,0.013105615845341867
-0.0246177728502845,rejected,fdr_null,0.02521012555650537,IF x11 = 1 THEN y = 1 increases,NoStatTest,0.46613545816733065,0.7933266932270917,weak validation effect; matched counterfactual contrast is weak; held-out effect does not replicate,1,0.48777777777777775,0.5055555555555555,0.006025435238918353
-0.00417292170940979,rejected,fdr_null,0.014548794761248651,IF x13 = 1 THEN y = 1 increases,NoStatTest,0.4701195219123506,0.7933266932270917,weak validation effect; matched counterfactual contrast is weak; held-out effect does not replicate,1,0.49666666666666665,0.5122222222222222,0.006146882828751976
0.024222667532110862,rejected,fdr_null,-0.0032297731751040892,IF x26 = 1 THEN y = 1 increases,NoStatTest,0.41434262948207173,0.7933266932270917,weak validation effect; matched counterfactual contrast is weak; held-out effect does not replicate,1,0.49666666666666665,0.46,0.008230452674897082
0.009019278842689217,rejected,fdr_null,0.005379640434326871,IF x17 = 1 THEN y = 1 increases,NoStatTest,0.5418326693227091,0.8605577689243028,weak validation effect; matched counterfactual contrast is weak; held-out effect does not replicate,1,0.5177777777777778,0.5144444444444445,-0.0012257142998354231
-0.007082594285574602,rejected,fdr_null,0.0195419786994408,IF x16 = 1 THEN y = 1 increases,NoStatTest,0.601593625498008,0.9023904382470119,weak validation effect; matched counterfactual contrast is weak; held-out effect does not replicate,1,0.4911111111111111,0.5111111111111111,-0.00573122529644271
-0.045152959817089285,rejected,statistical,0.19575364098964726,IF x3 = 1 THEN y = 1 increases,NoStatTest,0.8167330677290837,0.93800796812749,insufficient support; weak validation effect; matched counterfactual contrast is weak,1,0.22777777777777777,0.043333333333333335,-0.048959170910390426
-0.04335517112625201,rejected,fdr_null,0.06895936482447923,IF x9 = 1 THEN y = 1 increases,NoStatTest,0.8366533864541833,0.93800796812749,weak validation effect; matched counterfactual contrast is weak; held-out effect does not replicate,1,0.47,0.4922222222222222,-0.02977510607505024
-0.022505072052566646,rejected,fdr_null,0.06768883342247578,IF x8 = 1 THEN y = 1 increases,NoStatTest,0.8685258964143426,0.93800796812749,weak validation effect; matched counterfactual contrast is weak; held-out effect does not replicate,1,0.47333333333333333,0.5222222222222223,-0.029292429490351324
-0.04228670602370222,rejected,fdr_null,-0.022824168633127806,IF x21 = 1 THEN y = 1 increases,NoStatTest,0.8685258964143426,0.93800796812749,weak validation effect; matched counterfactual contrast is weak; held-out effect does not replicate,1,0.4688888888888889,0.4955555555555556,-0.034155785148456186
-0.007123682847563386,rejected,fdr_null,-0.014979606970708215,IF x24 = 1 THEN y = 1 increases,NoStatTest,0.6972111553784861,0.93800796812749,weak validation effect; matched counterfactual contrast is weak; held-out effect does not replicate,1,0.5166666666666667,0.5255555555555556,-0.011427383139163527
-0.04417178315297251,rejected,fdr_null,0.006751313441835438,IF x18 = 1 THEN y = 1 increases,NoStatTest,0.8605577689243028,0.93800796812749,weak validation effect; matched counterfactual contrast is weak; held-out effect does not replicate,1,0.4855555555555556,0.5033333333333333,-0.03105323199549609
0.01335840475157164,rejected,fdr_null,-0.004165450506829427,IF x12 = 1 THEN y = 1 increases,NoStatTest,0.6892430278884463,0.93800796812749,weak validation effect; matched counterfactual contrast is weak; held-out effect does not replicate,1,0.47888888888888886,0.5144444444444445,-0.014570184499656524
-0.03930082207609241,rejected,fdr_null,0.014548794761248651,IF x15 = 1 THEN y = 1 increases,NoStatTest,0.9043824701195219,0.939166411277965,weak validation effect; matched counterfactual contrast is weak; held-out effect does not replicate,1,0.49666666666666665,0.5388888888888889,-0.0425288784001987
-0.06106269023890944,rejected,fdr_null,-0.008297105949571504,IF x27 = 1 THEN y = 1 increases,NoStatTest,0.9721115537848606,0.9721115537848606,weak validation effect; matched counterfactual contrast is weak; held-out effect does not replicate,1,0.5388888888888889,0.4855555555555556,-0.05660032323272263
0.16806517504209642,accepted,valid,0.09845132743362833,IF x0 = 1 THEN y = 1 increases,NoFDR,0.00398406374501992,0.00398406374501992,passes all verification gates,1,0.5022222222222222,0.5,0.16444444444444442
0.5169938184215431,rejected,holdout,-0.5903372725266347,IF x5 = 1 THEN y = 1 increases,NoFDR,0.00398406374501992,0.00398406374501992,held-out effect does not replicate,1,0.5622222222222222,0.43222222222222223,0.5571815936291058
0.5752740401565363,rejected,support,0.44971751412429384,IF x2 = 1 THEN y = 1 increases,NoFDR,0.00398406374501992,0.00398406374501992,insufficient support,1,0.016666666666666666,0.03,0.5773195876288659
0.0,rejected,counterfactual,0.22615137671317442,IF x4 = 1 THEN y = 1 increases,NoFDR,0.00398406374501992,0.00398406374501992,matched counterfactual contrast is weak,1,0.5055555555555555,0.4677777777777778,0.23001205004487774
-0.060880372313418404,rejected,redundant,0.10461076157385674,IF x6 = 1 THEN y = 1 increases,NoFDR,0.00398406374501992,0.00398406374501992,matched counterfactual contrast is weak,1,0.4855555555555556,0.5022222222222222,0.13041245259165613
0.06271714482237549,rejected,fdr_null,-0.003101479623081327,IF x23 = 1 THEN y = 1 increases,NoFDR,0.0199203187250996,0.0199203187250996,held-out effect does not replicate,1,0.5044444444444445,0.51,0.06687119292161309
0.0436702171887433,rejected,fdr_null,-0.05132764343290658,IF x10 = 1 THEN y = 1 increases,NoFDR,0.0398406374501992,0.0398406374501992,matched counterfactual contrast is weak; held-out effect does not replicate,1,0.5066666666666667,0.4811111111111111,0.051589676130378626
0.04182982102429893,rejected,fdr_null,0.006330895461212183,IF x7 = 1 THEN y = 1 increases,NoFDR,0.13147410358565736,0.13147410358565736,weak validation effect; not significant after raw p-value test; matched counterfactual contrast is weak; held-out effect does not replicate,1,0.4988888888888889,0.48444444444444446,0.03827902562480229
0.0157097092695018,rejected,fdr_null,-0.04933878906481648,IF x25 = 1 THEN y = 1 increases,NoFDR,0.17131474103585656,0.17131474103585656,weak validation effect; not significant after raw p-value test; matched counterfactual contrast is weak; held-out effect does not replicate,1,0.5133333333333333,0.5188888888888888,0.03297545633026888
0.028035580770623136,rejected,fdr_null,-0.02410876103091869,IF x19 = 1 THEN y = 1 increases,NoFDR,0.21912350597609562,0.21912350597609562,weak validation effect; not significant after raw p-value test; matched counterfactual contrast is weak; held-out effect does not replicate,1,0.5011111111111111,0.5244444444444445,0.025681134167590658
0.025837740798854633,rejected,fdr_null,0.015489470224533064,IF x20 = 1 THEN y = 1 increases,NoFDR,0.2868525896414343,0.2868525896414343,weak validation effect; not significant after raw p-value test; matched counterfactual contrast is weak; held-out effect does not replicate,1,0.5144444444444445,0.5033333333333333,0.022282471813562077
0.011921902616544149,rejected,fdr_null,0.009154539702625752,IF x14 = 1 THEN y = 1 increases,NoFDR,0.3107569721115538,0.3107569721115538,weak validation effect; not significant after raw p-value test; matched counterfactual contrast is weak; held-out effect does not replicate,1,0.5155555555555555,0.4822222222222222,0.018967188148968528
0.01030165129347863,rejected,fdr_null,0.03232736269760139,IF x22 = 1 THEN y = 1 increases,NoFDR,0.38247011952191234,0.38247011952191234,weak validation effect; not significant after raw p-value test; matched counterfactual contrast is weak; held-out effect does not replicate,1,0.49666666666666665,0.4866666666666667,0.013105615845341867
0.024222667532110862,rejected,fdr_null,-0.0032297731751040892,IF x26 = 1 THEN y = 1 increases,NoFDR,0.41434262948207173,0.41434262948207173,weak validation effect; not significant after raw p-value test; matched counterfactual contrast is weak; held-out effect does not replicate,1,0.49666666666666665,0.46,0.008230452674897082
-0.0246177728502845,rejected,fdr_null,0.02521012555650537,IF x11 = 1 THEN y = 1 increases,NoFDR,0.46613545816733065,0.46613545816733065,weak validation effect; not significant after raw p-value test; matched counterfactual contrast is weak; held-out effect does not replicate,1,0.48777777777777775,0.5055555555555555,0.006025435238918353
-0.00417292170940979,rejected,fdr_null,0.014548794761248651,IF x13 = 1 THEN y = 1 increases,NoFDR,0.4701195219123506,0.4701195219123506,weak validation effect; not significant after raw p-value test; matched counterfactual contrast is weak; held-out effect does not replicate,1,0.49666666666666665,0.5122222222222222,0.006146882828751976
0.009019278842689217,rejected,fdr_null,0.005379640434326871,IF x17 = 1 THEN y = 1 increases,NoFDR,0.5418326693227091,0.5418326693227091,weak validation effect; not significant after raw p-value test; matched counterfactual contrast is weak; held-out effect does not replicate,1,0.5177777777777778,0.5144444444444445,-0.0012257142998354231
-0.007082594285574602,rejected,fdr_null,0.0195419786994408,IF x16 = 1 THEN y = 1 increases,NoFDR,0.601593625498008,0.601593625498008,weak validation effect; not significant after raw p-value test; matched counterfactual contrast is weak; held-out effect does not replicate,1,0.4911111111111111,0.5111111111111111,-0.00573122529644271
0.01335840475157164,rejected,fdr_null,-0.004165450506829427,IF x12 = 1 THEN y = 1 increases,NoFDR,0.6892430278884463,0.6892430278884463,weak validation effect; not significant after raw p-value test; matched counterfactual contrast is weak; held-out effect does not replicate,1,0.47888888888888886,0.5144444444444445,-0.014570184499656524
-0.007123682847563386,rejected,fdr_null,-0.014979606970708215,IF x24 = 1 THEN y = 1 increases,NoFDR,0.6972111553784861,0.6972111553784861,weak validation effect; not significant after raw p-value test; matched counterfactual contrast is weak; held-out effect does not replicate,1,0.5166666666666667,0.5255555555555556,-0.011427383139163527
-0.045152959817089285,rejected,statistical,0.19575364098964726,IF x3 = 1 THEN y = 1 increases,NoFDR,0.8167330677290837,0.8167330677290837,insufficient support; weak validation effect; not significant after raw p-value test; matched counterfactual contrast is weak,1,0.22777777777777777,0.043333333333333335,-0.048959170910390426
-0.04335517112625201,rejected,fdr_null,0.06895936482447923,IF x9 = 1 THEN y = 1 increases,NoFDR,0.8366533864541833,0.8366533864541833,weak validation effect; not significant after raw p-value test; matched counterfactual contrast is weak; held-out effect does not replicate,1,0.47,0.4922222222222222,-0.02977510607505024
-0.04417178315297251,rejected,fdr_null,0.006751313441835438,IF x18 = 1 THEN y = 1 increases,NoFDR,0.8605577689243028,0.8605577689243028,weak validation effect; not significant after raw p-value test; matched counterfactual contrast is weak; held-out effect does not replicate,1,0.4855555555555556,0.5033333333333333,-0.03105323199549609
-0.022505072052566646,rejected,fdr_null,0.06768883342247578,IF x8 = 1 THEN y = 1 increases,NoFDR,0.8685258964143426,0.8685258964143426,weak validation effect; not significant after raw p-value test; matched counterfactual contrast is weak; held-out effect does not replicate,1,0.47333333333333333,0.5222222222222223,-0.029292429490351324
-0.04228670602370222,rejected,fdr_null,-0.022824168633127806,IF x21 = 1 THEN y = 1 increases,NoFDR,0.8685258964143426,0.8685258964143426,weak validation effect; not significant after raw p-value test; matched counterfactual contrast is weak; held-out effect does not replicate,1,0.4688888888888889,0.4955555555555556,-0.034155785148456186
-0.03930082207609241,rejected,fdr_null,0.014548794761248651,IF x15 = 1 THEN y = 1 increases,NoFDR,0.9043824701195219,0.9043824701195219,weak validation effect; not significant after raw p-value test; matched counterfactual contrast is weak; held-out effect does not replicate,1,0.49666666666666665,0.5388888888888889,-0.0425288784001987
-0.06106269023890944,rejected,fdr_null,-0.008297105949571504,IF x27 = 1 THEN y = 1 increases,NoFDR,0.9721115537848606,0.9721115537848606,weak validation effect; not significant after raw p-value test; matched counterfactual contrast is weak; held-out effect does not replicate,1,0.5388888888888889,0.4855555555555556,-0.05660032323272263
0.0,accepted,counterfactual,0.22615137671317442,IF x4 = 1 THEN y = 1 increases,NoCounterfactual,0.00398406374501992,0.02151394422310757,passes all verification gates,1,0.5055555555555555,0.4677777777777778,0.23001205004487774
-0.060880372313418404,accepted,redundant,0.10461076157385674,IF x6 = 1 THEN y = 1 increases,NoCounterfactual,0.00398406374501992,0.02151394422310757,passes all verification gates,1,0.4855555555555556,0.5022222222222222,0.13041245259165613
0.16806517504209642,accepted,valid,0.09845132743362833,IF x0 = 1 THEN y = 1 increases,NoCounterfactual,0.00398406374501992,0.02151394422310757,passes all verification gates,1,0.5022222222222222,0.5,0.16444444444444442
0.5169938184215431,rejected,holdout,-0.5903372725266347,IF x5 = 1 THEN y = 1 increases,NoCounterfactual,0.00398406374501992,0.02151394422310757,held-out effect does not replicate,1,0.5622222222222222,0.43222222222222223,0.5571815936291058
0.5752740401565363,rejected,support,0.44971751412429384,IF x2 = 1 THEN y = 1 increases,NoCounterfactual,0.00398406374501992,0.02151394422310757,insufficient support,1,0.016666666666666666,0.03,0.5773195876288659
0.06271714482237549,rejected,fdr_null,-0.003101479623081327,IF x23 = 1 THEN y = 1 increases,NoCounterfactual,0.0199203187250996,0.0896414342629482,not significant after FDR correction; held-out effect does not replicate,1,0.5044444444444445,0.51,0.06687119292161309
0.0436702171887433,rejected,fdr_null,-0.05132764343290658,IF x10 = 1 THEN y = 1 increases,NoCounterfactual,0.0398406374501992,0.15367103016505407,not significant after FDR correction; held-out effect does not replicate,1,0.5066666666666667,0.4811111111111111,0.051589676130378626
0.04182982102429893,rejected,fdr_null,0.006330895461212183,IF x7 = 1 THEN y = 1 increases,NoCounterfactual,0.13147410358565736,0.4437250996015936,weak validation effect; not significant after FDR correction; held-out effect does not replicate,1,0.4988888888888889,0.48444444444444446,0.03827902562480229
0.0157097092695018,rejected,fdr_null,-0.04933878906481648,IF x25 = 1 THEN y = 1 increases,NoCounterfactual,0.17131474103585656,0.5139442231075697,weak validation effect; not significant after FDR correction; held-out effect does not replicate,1,0.5133333333333333,0.5188888888888888,0.03297545633026888
0.028035580770623136,rejected,fdr_null,-0.02410876103091869,IF x19 = 1 THEN y = 1 increases,NoCounterfactual,0.21912350597609562,0.5916334661354582,weak validation effect; not significant after FDR correction; held-out effect does not replicate,1,0.5011111111111111,0.5244444444444445,0.025681134167590658
0.025837740798854633,rejected,fdr_null,0.015489470224533064,IF x20 = 1 THEN y = 1 increases,NoCounterfactual,0.2868525896414343,0.699203187250996,weak validation effect; not significant after FDR correction; held-out effect does not replicate,1,0.5144444444444445,0.5033333333333333,0.022282471813562077
0.011921902616544149,rejected,fdr_null,0.009154539702625752,IF x14 = 1 THEN y = 1 increases,NoCounterfactual,0.3107569721115538,0.699203187250996,weak validation effect; not significant after FDR correction; held-out effect does not replicate,1,0.5155555555555555,0.4822222222222222,0.018967188148968528
0.01030165129347863,rejected,fdr_null,0.03232736269760139,IF x22 = 1 THEN y = 1 increases,NoCounterfactual,0.38247011952191234,0.7933266932270917,weak validation effect; not significant after FDR correction; held-out effect does not replicate,1,0.49666666666666665,0.4866666666666667,0.013105615845341867
-0.0246177728502845,rejected,fdr_null,0.02521012555650537,IF x11 = 1 THEN y = 1 increases,NoCounterfactual,0.46613545816733065,0.7933266932270917,weak validation effect; not significant after FDR correction; held-out effect does not replicate,1,0.48777777777777775,0.5055555555555555,0.006025435238918353
-0.00417292170940979,rejected,fdr_null,0.014548794761248651,IF x13 = 1 THEN y = 1 increases,NoCounterfactual,0.4701195219123506,0.7933266932270917,weak validation effect; not significant after FDR correction; held-out effect does not replicate,1,0.49666666666666665,0.5122222222222222,0.006146882828751976
0.024222667532110862,rejected,fdr_null,-0.0032297731751040892,IF x26 = 1 THEN y = 1 increases,NoCounterfactual,0.41434262948207173,0.7933266932270917,weak validation effect; not significant after FDR correction; held-out effect does not replicate,1,0.49666666666666665,0.46,0.008230452674897082
0.009019278842689217,rejected,fdr_null,0.005379640434326871,IF x17 = 1 THEN y = 1 increases,NoCounterfactual,0.5418326693227091,0.8605577689243028,weak validation effect; not significant after FDR correction; held-out effect does not replicate,1,0.5177777777777778,0.5144444444444445,-0.0012257142998354231
-0.007082594285574602,rejected,fdr_null,0.0195419786994408,IF x16 = 1 THEN y = 1 increases,NoCounterfactual,0.601593625498008,0.9023904382470119,weak validation effect; not significant after FDR correction; held-out effect does not replicate,1,0.4911111111111111,0.5111111111111111,-0.00573122529644271
-0.045152959817089285,rejected,statistical,0.19575364098964726,IF x3 = 1 THEN y = 1 increases,NoCounterfactual,0.8167330677290837,0.93800796812749,insufficient support; weak validation effect; not significant after FDR correction,1,0.22777777777777777,0.043333333333333335,-0.048959170910390426
-0.04335517112625201,rejected,fdr_null,0.06895936482447923,IF x9 = 1 THEN y = 1 increases,NoCounterfactual,0.8366533864541833,0.93800796812749,weak validation effect; not significant after FDR correction; held-out effect does not replicate,1,0.47,0.4922222222222222,-0.02977510607505024
-0.022505072052566646,rejected,fdr_null,0.06768883342247578,IF x8 = 1 THEN y = 1 increases,NoCounterfactual,0.8685258964143426,0.93800796812749,weak validation effect; not significant after FDR correction; held-out effect does not replicate,1,0.47333333333333333,0.5222222222222223,-0.029292429490351324
-0.04228670602370222,rejected,fdr_null,-0.022824168633127806,IF x21 = 1 THEN y = 1 increases,NoCounterfactual,0.8685258964143426,0.93800796812749,weak validation effect; not significant after FDR correction; held-out effect does not replicate,1,0.4688888888888889,0.4955555555555556,-0.034155785148456186
-0.007123682847563386,rejected,fdr_null,-0.014979606970708215,IF x24 = 1 THEN y = 1 increases,NoCounterfactual,0.6972111553784861,0.93800796812749,weak validation effect; not significant after FDR correction; held-out effect does not replicate,1,0.5166666666666667,0.5255555555555556,-0.011427383139163527
-0.04417178315297251,rejected,fdr_null,0.006751313441835438,IF x18 = 1 THEN y = 1 increases,NoCounterfactual,0.8605577689243028,0.93800796812749,weak validation effect; not significant after FDR correction; held-out effect does not replicate,1,0.4855555555555556,0.5033333333333333,-0.03105323199549609
0.01335840475157164,rejected,fdr_null,-0.004165450506829427,IF x12 = 1 THEN y = 1 increases,NoCounterfactual,0.6892430278884463,0.93800796812749,weak validation effect; not significant after FDR correction; held-out effect does not replicate,1,0.47888888888888886,0.5144444444444445,-0.014570184499656524
-0.03930082207609241,rejected,fdr_null,0.014548794761248651,IF x15 = 1 THEN y = 1 increases,NoCounterfactual,0.9043824701195219,0.939166411277965,weak validation effect; not significant after FDR correction; held-out effect does not replicate,1,0.49666666666666665,0.5388888888888889,-0.0425288784001987
-0.06106269023890944,rejected,fdr_null,-0.008297105949571504,IF x27 = 1 THEN y = 1 increases,NoCounterfactual,0.9721115537848606,0.9721115537848606,weak validation effect; not significant after FDR correction; held-out effect does not replicate,1,0.5388888888888889,0.4855555555555556,-0.05660032323272263
0.5169938184215431,accepted,holdout,-0.5903372725266347,IF x5 = 1 THEN y = 1 increases,NoHeldout,0.00398406374501992,0.02151394422310757,passes all verification gates,1,0.5622222222222222,0.43222222222222223,0.5571815936291058
0.16806517504209642,accepted,valid,0.09845132743362833,IF x0 = 1 THEN y = 1 increases,NoHeldout,0.00398406374501992,0.02151394422310757,passes all verification gates,1,0.5022222222222222,0.5,0.16444444444444442
0.5752740401565363,rejected,support,0.44971751412429384,IF x2 = 1 THEN y = 1 increases,NoHeldout,0.00398406374501992,0.02151394422310757,insufficient support,1,0.016666666666666666,0.03,0.5773195876288659
0.0,rejected,counterfactual,0.22615137671317442,IF x4 = 1 THEN y = 1 increases,NoHeldout,0.00398406374501992,0.02151394422310757,matched counterfactual contrast is weak,1,0.5055555555555555,0.4677777777777778,0.23001205004487774
-0.060880372313418404,rejected,redundant,0.10461076157385674,IF x6 = 1 THEN y = 1 increases,NoHeldout,0.00398406374501992,0.02151394422310757,matched counterfactual contrast is weak,1,0.4855555555555556,0.5022222222222222,0.13041245259165613
0.06271714482237549,rejected,fdr_null,-0.003101479623081327,IF x23 = 1 THEN y = 1 increases,NoHeldout,0.0199203187250996,0.0896414342629482,not significant after FDR correction,1,0.5044444444444445,0.51,0.06687119292161309
0.0436702171887433,rejected,fdr_null,-0.05132764343290658,IF x10 = 1 THEN y = 1 increases,NoHeldout,0.0398406374501992,0.15367103016505407,not significant after FDR correction; matched counterfactual contrast is weak,1,0.5066666666666667,0.4811111111111111,0.051589676130378626
0.04182982102429893,rejected,fdr_null,0.006330895461212183,IF x7 = 1 THEN y = 1 increases,NoHeldout,0.13147410358565736,0.4437250996015936,weak validation effect; not significant after FDR correction; matched counterfactual contrast is weak,1,0.4988888888888889,0.48444444444444446,0.03827902562480229
0.0157097092695018,rejected,fdr_null,-0.04933878906481648,IF x25 = 1 THEN y = 1 increases,NoHeldout,0.17131474103585656,0.5139442231075697,weak validation effect; not significant after FDR correction; matched counterfactual contrast is weak,1,0.5133333333333333,0.5188888888888888,0.03297545633026888
0.028035580770623136,rejected,fdr_null,-0.02410876103091869,IF x19 = 1 THEN y = 1 increases,NoHeldout,0.21912350597609562,0.5916334661354582,weak validation effect; not significant after FDR correction; matched counterfactual contrast is weak,1,0.5011111111111111,0.5244444444444445,0.025681134167590658
0.025837740798854633,rejected,fdr_null,0.015489470224533064,IF x20 = 1 THEN y = 1 increases,NoHeldout,0.2868525896414343,0.699203187250996,weak validation effect; not significant after FDR correction; matched counterfactual contrast is weak,1,0.5144444444444445,0.5033333333333333,0.022282471813562077
0.011921902616544149,rejected,fdr_null,0.009154539702625752,IF x14 = 1 THEN y = 1 increases,NoHeldout,0.3107569721115538,0.699203187250996,weak validation effect; not significant after FDR correction; matched counterfactual contrast is weak,1,0.5155555555555555,0.4822222222222222,0.018967188148968528
0.01030165129347863,rejected,fdr_null,0.03232736269760139,IF x22 = 1 THEN y = 1 increases,NoHeldout,0.38247011952191234,0.7933266932270917,weak validation effect; not significant after FDR correction; matched counterfactual contrast is weak,1,0.49666666666666665,0.4866666666666667,0.013105615845341867
-0.0246177728502845,rejected,fdr_null,0.02521012555650537,IF x11 = 1 THEN y = 1 increases,NoHeldout,0.46613545816733065,0.7933266932270917,weak validation effect; not significant after FDR correction; matched counterfactual contrast is weak,1,0.48777777777777775,0.5055555555555555,0.006025435238918353
-0.00417292170940979,rejected,fdr_null,0.014548794761248651,IF x13 = 1 THEN y = 1 increases,NoHeldout,0.4701195219123506,0.7933266932270917,weak validation effect; not significant after FDR correction; matched counterfactual contrast is weak,1,0.49666666666666665,0.5122222222222222,0.006146882828751976
0.024222667532110862,rejected,fdr_null,-0.0032297731751040892,IF x26 = 1 THEN y = 1 increases,NoHeldout,0.41434262948207173,0.7933266932270917,weak validation effect; not significant after FDR correction; matched counterfactual contrast is weak,1,0.49666666666666665,0.46,0.008230452674897082
0.009019278842689217,rejected,fdr_null,0.005379640434326871,IF x17 = 1 THEN y = 1 increases,NoHeldout,0.5418326693227091,0.8605577689243028,weak validation effect; not significant after FDR correction; matched counterfactual contrast is weak,1,0.5177777777777778,0.5144444444444445,-0.0012257142998354231
-0.007082594285574602,rejected,fdr_null,0.0195419786994408,IF x16 = 1 THEN y = 1 increases,NoHeldout,0.601593625498008,0.9023904382470119,weak validation effect; not significant after FDR correction; matched counterfactual contrast is weak,1,0.4911111111111111,0.5111111111111111,-0.00573122529644271
-0.045152959817089285,rejected,statistical,0.19575364098964726,IF x3 = 1 THEN y = 1 increases,NoHeldout,0.8167330677290837,0.93800796812749,insufficient support; weak validation effect; not significant after FDR correction; matched counterfactual contrast is weak,1,0.22777777777777777,0.043333333333333335,-0.048959170910390426
-0.04335517112625201,rejected,fdr_null,0.06895936482447923,IF x9 = 1 THEN y = 1 increases,NoHeldout,0.8366533864541833,0.93800796812749,weak validation effect; not significant after FDR correction; matched counterfactual contrast is weak,1,0.47,0.4922222222222222,-0.02977510607505024
-0.022505072052566646,rejected,fdr_null,0.06768883342247578,IF x8 = 1 THEN y = 1 increases,NoHeldout,0.8685258964143426,0.93800796812749,weak validation effect; not significant after FDR correction; matched counterfactual contrast is weak,1,0.47333333333333333,0.5222222222222223,-0.029292429490351324
-0.04228670602370222,rejected,fdr_null,-0.022824168633127806,IF x21 = 1 THEN y = 1 increases,NoHeldout,0.8685258964143426,0.93800796812749,weak validation effect; not significant after FDR correction; matched counterfactual contrast is weak,1,0.4688888888888889,0.4955555555555556,-0.034155785148456186
-0.007123682847563386,rejected,fdr_null,-0.014979606970708215,IF x24 = 1 THEN y = 1 increases,NoHeldout,0.6972111553784861,0.93800796812749,weak validation effect; not significant after FDR correction; matched counterfactual contrast is weak,1,0.5166666666666667,0.5255555555555556,-0.011427383139163527
-0.04417178315297251,rejected,fdr_null,0.006751313441835438,IF x18 = 1 THEN y = 1 increases,NoHeldout,0.8605577689243028,0.93800796812749,weak validation effect; not significant after FDR correction; matched counterfactual contrast is weak,1,0.4855555555555556,0.5033333333333333,-0.03105323199549609
0.01335840475157164,rejected,fdr_null,-0.004165450506829427,IF x12 = 1 THEN y = 1 increases,NoHeldout,0.6892430278884463,0.93800796812749,weak validation effect; not significant after FDR correction; matched counterfactual contrast is weak,1,0.47888888888888886,0.5144444444444445,-0.014570184499656524
-0.03930082207609241,rejected,fdr_null,0.014548794761248651,IF x15 = 1 THEN y = 1 increases,NoHeldout,0.9043824701195219,0.939166411277965,weak validation effect; not significant after FDR correction; matched counterfactual contrast is weak,1,0.49666666666666665,0.5388888888888889,-0.0425288784001987
-0.06106269023890944,rejected,fdr_null,-0.008297105949571504,IF x27 = 1 THEN y = 1 increases,NoHeldout,0.9721115537848606,0.9721115537848606,weak validation effect; not significant after FDR correction; matched counterfactual contrast is weak,1,0.5388888888888889,0.4855555555555556,-0.05660032323272263
0.0,accepted,counterfactual,0.22615137671317442,IF x4 = 1 THEN y = 1 increases,NoEffect,0.00398406374501992,0.02151394422310757,passes all verification gates,1,0.5055555555555555,0.4677777777777778,0.23001205004487774
-0.060880372313418404,accepted,redundant,0.10461076157385674,IF x6 = 1 THEN y = 1 increases,NoEffect,0.00398406374501992,0.02151394422310757,passes all verification gates,1,0.4855555555555556,0.5022222222222222,0.13041245259165613
0.16806517504209642,accepted,valid,0.09845132743362833,IF x0 = 1 THEN y = 1 increases,NoEffect,0.00398406374501992,0.02151394422310757,passes all verification gates,1,0.5022222222222222,0.5,0.16444444444444442
0.5169938184215431,rejected,holdout,-0.5903372725266347,IF x5 = 1 THEN y = 1 increases,NoEffect,0.00398406374501992,0.02151394422310757,held-out effect does not replicate,1,0.5622222222222222,0.43222222222222223,0.5571815936291058
0.5752740401565363,rejected,support,0.44971751412429384,IF x2 = 1 THEN y = 1 increases,NoEffect,0.00398406374501992,0.02151394422310757,insufficient support,1,0.016666666666666666,0.03,0.5773195876288659
0.06271714482237549,rejected,fdr_null,-0.003101479623081327,IF x23 = 1 THEN y = 1 increases,NoEffect,0.0199203187250996,0.0896414342629482,not significant after FDR correction; held-out effect does not replicate,1,0.5044444444444445,0.51,0.06687119292161309
0.0436702171887433,rejected,fdr_null,-0.05132764343290658,IF x10 = 1 THEN y = 1 increases,NoEffect,0.0398406374501992,0.15367103016505407,not significant after FDR correction; held-out effect does not replicate,1,0.5066666666666667,0.4811111111111111,0.051589676130378626
0.04182982102429893,rejected,fdr_null,0.006330895461212183,IF x7 = 1 THEN y = 1 increases,NoEffect,0.13147410358565736,0.4437250996015936,not significant after FDR correction; held-out effect does not replicate,1,0.4988888888888889,0.48444444444444446,0.03827902562480229
0.0157097092695018,rejected,fdr_null,-0.04933878906481648,IF x25 = 1 THEN y = 1 increases,NoEffect,0.17131474103585656,0.5139442231075697,not significant after FDR correction; held-out effect does not replicate,1,0.5133333333333333,0.5188888888888888,0.03297545633026888
0.028035580770623136,rejected,fdr_null,-0.02410876103091869,IF x19 = 1 THEN y = 1 increases,NoEffect,0.21912350597609562,0.5916334661354582,not significant after FDR correction; held-out effect does not replicate,1,0.5011111111111111,0.5244444444444445,0.025681134167590658
0.025837740798854633,rejected,fdr_null,0.015489470224533064,IF x20 = 1 THEN y = 1 increases,NoEffect,0.2868525896414343,0.699203187250996,not significant after FDR correction; held-out effect does not replicate,1,0.5144444444444445,0.5033333333333333,0.022282471813562077
0.011921902616544149,rejected,fdr_null,0.009154539702625752,IF x14 = 1 THEN y = 1 increases,NoEffect,0.3107569721115538,0.699203187250996,not significant after FDR correction; held-out effect does not replicate,1,0.5155555555555555,0.4822222222222222,0.018967188148968528
0.01030165129347863,rejected,fdr_null,0.03232736269760139,IF x22 = 1 THEN y = 1 increases,NoEffect,0.38247011952191234,0.7933266932270917,not significant after FDR correction; held-out effect does not replicate,1,0.49666666666666665,0.4866666666666667,0.013105615845341867
-0.0246177728502845,rejected,fdr_null,0.02521012555650537,IF x11 = 1 THEN y = 1 increases,NoEffect,0.46613545816733065,0.7933266932270917,not significant after FDR correction; held-out effect does not replicate,1,0.48777777777777775,0.5055555555555555,0.006025435238918353
-0.00417292170940979,rejected,fdr_null,0.014548794761248651,IF x13 = 1 THEN y = 1 increases,NoEffect,0.4701195219123506,0.7933266932270917,not significant after FDR correction; held-out effect does not replicate,1,0.49666666666666665,0.5122222222222222,0.006146882828751976
0.024222667532110862,rejected,fdr_null,-0.0032297731751040892,IF x26 = 1 THEN y = 1 increases,NoEffect,0.41434262948207173,0.7933266932270917,not significant after FDR correction; held-out effect does not replicate,1,0.49666666666666665,0.46,0.008230452674897082
0.009019278842689217,rejected,fdr_null,0.005379640434326871,IF x17 = 1 THEN y = 1 increases,NoEffect,0.5418326693227091,0.8605577689243028,not significant after FDR correction; held-out effect does not replicate,1,0.5177777777777778,0.5144444444444445,-0.0012257142998354231
-0.007082594285574602,rejected,fdr_null,0.0195419786994408,IF x16 = 1 THEN y = 1 increases,NoEffect,0.601593625498008,0.9023904382470119,not significant after FDR correction; held-out effect does not replicate,1,0.4911111111111111,0.5111111111111111,-0.00573122529644271
-0.045152959817089285,rejected,statistical,0.19575364098964726,IF x3 = 1 THEN y = 1 increases,NoEffect,0.8167330677290837,0.93800796812749,insufficient support; not significant after FDR correction,1,0.22777777777777777,0.043333333333333335,-0.048959170910390426
-0.04335517112625201,rejected,fdr_null,0.06895936482447923,IF x9 = 1 THEN y = 1 increases,NoEffect,0.8366533864541833,0.93800796812749,not significant after FDR correction; held-out effect does not replicate,1,0.47,0.4922222222222222,-0.02977510607505024
-0.022505072052566646,rejected,fdr_null,0.06768883342247578,IF x8 = 1 THEN y = 1 increases,NoEffect,0.8685258964143426,0.93800796812749,not significant after FDR correction; held-out effect does not replicate,1,0.47333333333333333,0.5222222222222223,-0.029292429490351324
-0.04228670602370222,rejected,fdr_null,-0.022824168633127806,IF x21 = 1 THEN y = 1 increases,NoEffect,0.8685258964143426,0.93800796812749,not significant after FDR correction; held-out effect does not replicate,1,0.4688888888888889,0.4955555555555556,-0.034155785148456186
-0.007123682847563386,rejected,fdr_null,-0.014979606970708215,IF x24 = 1 THEN y = 1 increases,NoEffect,0.6972111553784861,0.93800796812749,not significant after FDR correction; held-out effect does not replicate,1,0.5166666666666667,0.5255555555555556,-0.011427383139163527
-0.04417178315297251,rejected,fdr_null,0.006751313441835438,IF x18 = 1 THEN y = 1 increases,NoEffect,0.8605577689243028,0.93800796812749,not significant after FDR correction; held-out effect does not replicate,1,0.4855555555555556,0.5033333333333333,-0.03105323199549609
0.01335840475157164,rejected,fdr_null,-0.004165450506829427,IF x12 = 1 THEN y = 1 increases,NoEffect,0.6892430278884463,0.93800796812749,not significant after FDR correction; held-out effect does not replicate,1,0.47888888888888886,0.5144444444444445,-0.014570184499656524
-0.03930082207609241,rejected,fdr_null,0.014548794761248651,IF x15 = 1 THEN y = 1 increases,NoEffect,0.9043824701195219,0.939166411277965,not significant after FDR correction; held-out effect does not replicate,1,0.49666666666666665,0.5388888888888889,-0.0425288784001987
-0.06106269023890944,rejected,fdr_null,-0.008297105949571504,IF x27 = 1 THEN y = 1 increases,NoEffect,0.9721115537848606,0.9721115537848606,not significant after FDR correction; held-out effect does not replicate,1,0.5388888888888889,0.4855555555555556,-0.05660032323272263
0.17141881515860105,accepted,valid,0.20403717042372504,IF x0 = 1 THEN y = 1 increases,FullVerifier,0.00398406374501992,0.02151394422310757,passes all verification gates,2,0.49,0.4888888888888889,0.15988142292490115
0.5015818937410105,rejected,holdout,-0.6457834590541578,IF x5 = 1 THEN y = 1 increases,FullVerifier,0.00398406374501992,0.02151394422310757,held-out effect does not replicate,2,0.5633333333333334,0.43666666666666665,0.5474351446165892
0.6430344266463943,rejected,support,0.3593911782977842,IF x2 = 1 THEN y = 1 increases,FullVerifier,0.00398406374501992,0.02151394422310757,insufficient support,2,0.024444444444444446,0.028888888888888888,0.634307340256997
0.0,rejected,counterfactual,0.2299897281921618,IF x4 = 1 THEN y = 1 increases,FullVerifier,0.00398406374501992,0.02151394422310757,matched counterfactual contrast is weak,2,0.5022222222222222,0.5033333333333333,0.23762537594263447
-0.04414859964294887,rejected,redundant,0.16846738695478192,IF x6 = 1 THEN y = 1 increases,FullVerifier,0.00398406374501992,0.02151394422310757,matched counterfactual contrast is weak,2,0.49,0.49,0.12276021519718999
0.057916209718222894,rejected,fdr_null,-0.031143201438138368,IF x10 = 1 THEN y = 1 increases,FullVerifier,0.07171314741035857,0.29197495731360273,not significant after FDR correction; held-out effect does not replicate,2,0.5044444444444445,0.5266666666666666,0.0544066084269329
0.036891281963621285,rejected,fdr_null,-0.018273976257169533,IF x27 = 1 THEN y = 1 increases,FullVerifier,0.07569721115537849,0.29197495731360273,not significant after FDR correction; matched counterfactual contrast is weak; held-out effect does not replicate,2,0.49,0.5011111111111111,0.054020019851949874
0.12776437389546338,rejected,statistical,0.18896126675792246,IF x3 = 1 THEN y = 1 increases,FullVerifier,0.09561752988047809,0.298804780876494,not significant after FDR correction,2,0.23444444444444446,0.056666666666666664,0.11175777731587333
0.027376338217180853,rejected,fdr_null,0.013211281543790199,IF x15 = 1 THEN y = 1 increases,FullVerifier,0.099601593625498,0.298804780876494,weak validation effect; not significant after FDR correction; matched counterfactual contrast is weak; held-out effect does not replicate,2,0.5222222222222223,0.5044444444444445,0.04052665889650542
0.030663286258501305,rejected,fdr_null,-0.015188633023027975,IF x13 = 1 THEN y = 1 increases,FullVerifier,0.12350597609561753,0.33346613545816733,weak validation effect; not significant after FDR correction; matched counterfactual contrast is weak; held-out effect does not replicate,2,0.5233333333333333,0.48333333333333334,0.03418613274008159
0.049750149665822016,rejected,fdr_null,-0.031726195474460483,IF x22 = 1 THEN y = 1 increases,FullVerifier,0.14342629482071714,0.3520463600144875,weak validation effect; not significant after FDR correction; held-out effect does not replicate,2,0.5077777777777778,0.5033333333333333,0.03761648665866629
0.02271545758177847,rejected,fdr_null,0.06896994605702539,IF x9 = 1 THEN y = 1 increases,FullVerifier,0.26294820717131473,0.5916334661354582,weak validation effect; not significant after FDR correction; matched counterfactual contrast is weak,2,0.4911111111111111,0.4722222222222222,0.022910216718266263
0.02078215822641127,rejected,fdr_null,-0.05665297092288246,IF x11 = 1 THEN y = 1 increases,FullVerifier,0.33067729083665337,0.6838360842344907,weak validation effect; not significant after FDR correction; matched counterfactual contrast is weak; held-out effect does not replicate,2,0.49777777777777776,0.4866666666666667,0.0206665480638083
0.019811809701858023,rejected,fdr_null,-0.0009136706092635061,IF x18 = 1 THEN y = 1 increases,FullVerifier,0.3545816733067729,0.6838360842344907,weak validation effect; not significant after FDR correction; matched counterfactual contrast is weak; held-out effect does not replicate,2,0.5522222222222222,0.4722222222222222,0.01399380804953565
0.00018431586920298078,rejected,fdr_null,-0.046740698294769734,IF x16 = 1 THEN y = 1 increases,FullVerifier,0.41434262948207173,0.7458167330677291,weak validation effect; not significant after FDR correction; matched counterfactual contrast is weak; held-out effect does not replicate,2,0.5088888888888888,0.5111111111111111,0.009090909090909094
0.013137604323437984,rejected,fdr_null,0.028838744096899793,IF x23 = 1 THEN y = 1 increases,FullVerifier,0.44621513944223107,0.7529880478087649,weak validation effect; not significant after FDR correction; matched counterfactual contrast is weak; held-out effect does not replicate,2,0.5088888888888888,0.48777777777777775,0.005786173466614586
-0.012286599840130174,rejected,fdr_null,-0.006793773857320884,IF x12 = 1 THEN y = 1 increases,FullVerifier,0.5258964143426295,0.8352472463088821,weak validation effect; not significant after FDR correction; matched counterfactual contrast is weak; held-out effect does not replicate,2,0.5177777777777778,0.5011111111111111,0.005130889535256977
0.000840454013335352,rejected,fdr_null,0.03492769744160179,IF x21 = 1 THEN y = 1 increases,FullVerifier,0.6414342629482072,0.9115118473474523,weak validation effect; not significant after FDR correction; matched counterfactual contrast is weak; held-out effect does not replicate,2,0.5166666666666667,0.5,-0.011111111111111072
-0.007774057902091198,rejected,fdr_null,0.004358655043586568,IF x19 = 1 THEN y = 1 increases,FullVerifier,0.6175298804780877,0.9115118473474523,weak validation effect; not significant after FDR correction; matched counterfactual contrast is weak; held-out effect does not replicate,2,0.5133333333333333,0.4722222222222222,-0.008297213622291022
-0.020686378290942234,rejected,fdr_null,-0.01884779516358459,IF x24 = 1 THEN y = 1 increases,FullVerifier,0.7131474103585658,0.916903813318156,weak validation effect; not significant after FDR correction; matched counterfactual contrast is weak; held-out effect does not replicate,2,0.49333333333333335,0.5144444444444445,-0.013309873425228935
-0.0070319703029540215,rejected,fdr_null,0.00268372122907512,IF x20 = 1 THEN y = 1 increases,FullVerifier,0.7091633466135459,0.916903813318156,weak validation effect; not significant after FDR correction; matched counterfactual contrast is weak; held-out effect does not replicate,2,0.5144444444444445,0.5111111111111111,-0.01758893280632412
-0.023426574587942867,rejected,fdr_null,0.09169296413173916,IF x25 = 1 THEN y = 1 increases,FullVerifier,0.896414342629482,0.9639901930738584,weak validation effect; not significant after FDR correction; matched counterfactual contrast is weak,2,0.49666666666666665,0.5366666666666666,-0.03531584670152077
-0.009447834761195449,rejected,fdr_null,0.043280632411067166,IF x7 = 1 THEN y = 1 increases,FullVerifier,0.7888446215139442,0.9639901930738584,weak validation effect; not significant after FDR correction; matched counterfactual contrast is weak; held-out effect does not replicate,2,0.5111111111111111,0.5022222222222222,-0.018627528445006314
-0.04409554949643961,rejected,fdr_null,0.004415163667252697,IF x8 = 1 THEN y = 1 increases,FullVerifier,0.9203187250996016,0.9639901930738584,weak validation effect; not significant after FDR correction; matched counterfactual contrast is weak; held-out effect does not replicate,2,0.5044444444444445,0.5,-0.04222222222222222
-0.040736927415717696,rejected,fdr_null,0.00408668730650158,IF x26 = 1 THEN y = 1 increases,FullVerifier,0.9282868525896414,0.9639901930738584,weak validation effect; not significant after FDR correction; matched counterfactual contrast is weak; held-out effect does not replicate,2,0.4722222222222222,0.4888888888888889,-0.040217391304347816
-0.01815255027642427,rejected,fdr_null,-0.0036407766990291246,IF x14 = 1 THEN y = 1 increases,FullVerifier,0.8645418326693227,0.9639901930738584,weak validation effect; not significant after FDR correction; matched counterfactual contrast is weak; held-out effect does not replicate,2,0.5422222222222223,0.5144444444444445,-0.031102500358323737
-0.06159359501081764,rejected,fdr_null,-0.05446033501896336,IF x17 = 1 THEN y = 1 increases,FullVerifier,0.9920318725099602,0.99203187250996,weak validation effect; not significant after FDR correction; matched counterfactual contrast is weak; held-out effect does not replicate,2,0.5022222222222222,0.5166666666666667,-0.06533185020393029
0.6430344266463943,accepted,support,0.3593911782977842,IF x2 = 1 THEN y = 1 increases,NoSupport,0.00398406374501992,0.02151394422310757,passes all verification gates,2,0.024444444444444446,0.028888888888888888,0.634307340256997
0.17141881515860105,accepted,valid,0.20403717042372504,IF x0 = 1 THEN y = 1 increases,NoSupport,0.00398406374501992,0.02151394422310757,passes all verification gates,2,0.49,0.4888888888888889,0.15988142292490115
0.5015818937410105,rejected,holdout,-0.6457834590541578,IF x5 = 1 THEN y = 1 increases,NoSupport,0.00398406374501992,0.02151394422310757,held-out effect does not replicate,2,0.5633333333333334,0.43666666666666665,0.5474351446165892
0.0,rejected,counterfactual,0.2299897281921618,IF x4 = 1 THEN y = 1 increases,NoSupport,0.00398406374501992,0.02151394422310757,matched counterfactual contrast is weak,2,0.5022222222222222,0.5033333333333333,0.23762537594263447
-0.04414859964294887,rejected,redundant,0.16846738695478192,IF x6 = 1 THEN y = 1 increases,NoSupport,0.00398406374501992,0.02151394422310757,matched counterfactual contrast is weak,2,0.49,0.49,0.12276021519718999
0.057916209718222894,rejected,fdr_null,-0.031143201438138368,IF x10 = 1 THEN y = 1 increases,NoSupport,0.07171314741035857,0.29197495731360273,not significant after FDR correction; held-out effect does not replicate,2,0.5044444444444445,0.5266666666666666,0.0544066084269329
0.036891281963621285,rejected,fdr_null,-0.018273976257169533,IF x27 = 1 THEN y = 1 increases,NoSupport,0.07569721115537849,0.29197495731360273,not significant after FDR correction; matched counterfactual contrast is weak; held-out effect does not replicate,2,0.49,0.5011111111111111,0.054020019851949874
0.12776437389546338,rejected,statistical,0.18896126675792246,IF x3 = 1 THEN y = 1 increases,NoSupport,0.09561752988047809,0.298804780876494,not significant after FDR correction,2,0.23444444444444446,0.056666666666666664,0.11175777731587333
0.027376338217180853,rejected,fdr_null,0.013211281543790199,IF x15 = 1 THEN y = 1 increases,NoSupport,0.099601593625498,0.298804780876494,weak validation effect; not significant after FDR correction; matched counterfactual contrast is weak; held-out effect does not replicate,2,0.5222222222222223,0.5044444444444445,0.04052665889650542
0.030663286258501305,rejected,fdr_null,-0.015188633023027975,IF x13 = 1 THEN y = 1 increases,NoSupport,0.12350597609561753,0.33346613545816733,weak validation effect; not significant after FDR correction; matched counterfactual contrast is weak; held-out effect does not replicate,2,0.5233333333333333,0.48333333333333334,0.03418613274008159
0.049750149665822016,rejected,fdr_null,-0.031726195474460483,IF x22 = 1 THEN y = 1 increases,NoSupport,0.14342629482071714,0.3520463600144875,weak validation effect; not significant after FDR correction; held-out effect does not replicate,2,0.5077777777777778,0.5033333333333333,0.03761648665866629
0.02271545758177847,rejected,fdr_null,0.06896994605702539,IF x9 = 1 THEN y = 1 increases,NoSupport,0.26294820717131473,0.5916334661354582,weak validation effect; not significant after FDR correction; matched counterfactual contrast is weak,2,0.4911111111111111,0.4722222222222222,0.022910216718266263
0.02078215822641127,rejected,fdr_null,-0.05665297092288246,IF x11 = 1 THEN y = 1 increases,NoSupport,0.33067729083665337,0.6838360842344907,weak validation effect; not significant after FDR correction; matched counterfactual contrast is weak; held-out effect does not replicate,2,0.49777777777777776,0.4866666666666667,0.0206665480638083
0.019811809701858023,rejected,fdr_null,-0.0009136706092635061,IF x18 = 1 THEN y = 1 increases,NoSupport,0.3545816733067729,0.6838360842344907,weak validation effect; not significant after FDR correction; matched counterfactual contrast is weak; held-out effect does not replicate,2,0.5522222222222222,0.4722222222222222,0.01399380804953565
0.00018431586920298078,rejected,fdr_null,-0.046740698294769734,IF x16 = 1 THEN y = 1 increases,NoSupport,0.41434262948207173,0.7458167330677291,weak validation effect; not significant after FDR correction; matched counterfactual contrast is weak; held-out effect does not replicate,2,0.5088888888888888,0.5111111111111111,0.009090909090909094
0.013137604323437984,rejected,fdr_null,0.028838744096899793,IF x23 = 1 THEN y = 1 increases,NoSupport,0.44621513944223107,0.7529880478087649,weak validation effect; not significant after FDR correction; matched counterfactual contrast is weak; held-out effect does not replicate,2,0.5088888888888888,0.48777777777777775,0.005786173466614586
-0.012286599840130174,rejected,fdr_null,-0.006793773857320884,IF x12 = 1 THEN y = 1 increases,NoSupport,0.5258964143426295,0.8352472463088821,weak validation effect; not significant after FDR correction; matched counterfactual contrast is weak; held-out effect does not replicate,2,0.5177777777777778,0.5011111111111111,0.005130889535256977
0.000840454013335352,rejected,fdr_null,0.03492769744160179,IF x21 = 1 THEN y = 1 increases,NoSupport,0.6414342629482072,0.9115118473474523,weak validation effect; not significant after FDR correction; matched counterfactual contrast is weak; held-out effect does not replicate,2,0.5166666666666667,0.5,-0.011111111111111072
-0.007774057902091198,rejected,fdr_null,0.004358655043586568,IF x19 = 1 THEN y = 1 increases,NoSupport,0.6175298804780877,0.9115118473474523,weak validation effect; not significant after FDR correction; matched counterfactual contrast is weak; held-out effect does not replicate,2,0.5133333333333333,0.4722222222222222,-0.008297213622291022
-0.020686378290942234,rejected,fdr_null,-0.01884779516358459,IF x24 = 1 THEN y = 1 increases,NoSupport,0.7131474103585658,0.916903813318156,weak validation effect; not significant after FDR correction; matched counterfactual contrast is weak; held-out effect does not replicate,2,0.49333333333333335,0.5144444444444445,-0.013309873425228935
-0.0070319703029540215,rejected,fdr_null,0.00268372122907512,IF x20 = 1 THEN y = 1 increases,NoSupport,0.7091633466135459,0.916903813318156,weak validation effect; not significant after FDR correction; matched counterfactual contrast is weak; held-out effect does not replicate,2,0.5144444444444445,0.5111111111111111,-0.01758893280632412
-0.023426574587942867,rejected,fdr_null,0.09169296413173916,IF x25 = 1 THEN y = 1 increases,NoSupport,0.896414342629482,0.9639901930738584,weak validation effect; not significant after FDR correction; matched counterfactual contrast is weak,2,0.49666666666666665,0.5366666666666666,-0.03531584670152077
-0.009447834761195449,rejected,fdr_null,0.043280632411067166,IF x7 = 1 THEN y = 1 increases,NoSupport,0.7888446215139442,0.9639901930738584,weak validation effect; not significant after FDR correction; matched counterfactual contrast is weak; held-out effect does not replicate,2,0.5111111111111111,0.5022222222222222,-0.018627528445006314
-0.04409554949643961,rejected,fdr_null,0.004415163667252697,IF x8 = 1 THEN y = 1 increases,NoSupport,0.9203187250996016,0.9639901930738584,weak validation effect; not significant after FDR correction; matched counterfactual contrast is weak; held-out effect does not replicate,2,0.5044444444444445,0.5,-0.04222222222222222
-0.040736927415717696,rejected,fdr_null,0.00408668730650158,IF x26 = 1 THEN y = 1 increases,NoSupport,0.9282868525896414,0.9639901930738584,weak validation effect; not significant after FDR correction; matched counterfactual contrast is weak; held-out effect does not replicate,2,0.4722222222222222,0.4888888888888889,-0.040217391304347816
-0.01815255027642427,rejected,fdr_null,-0.0036407766990291246,IF x14 = 1 THEN y = 1 increases,NoSupport,0.8645418326693227,0.9639901930738584,weak validation effect; not significant after FDR correction; matched counterfactual contrast is weak; held-out effect does not replicate,2,0.5422222222222223,0.5144444444444445,-0.031102500358323737
-0.06159359501081764,rejected,fdr_null,-0.05446033501896336,IF x17 = 1 THEN y = 1 increases,NoSupport,0.9920318725099602,0.99203187250996,weak validation effect; not significant after FDR correction; matched counterfactual contrast is weak; held-out effect does not replicate,2,0.5022222222222222,0.5166666666666667,-0.06533185020393029
0.17141881515860105,accepted,valid,0.20403717042372504,IF x0 = 1 THEN y = 1 increases,NoStatTest,0.00398406374501992,0.02151394422310757,passes all verification gates,2,0.49,0.4888888888888889,0.15988142292490115
0.12776437389546338,accepted,statistical,0.18896126675792246,IF x3 = 1 THEN y = 1 increases,NoStatTest,0.09561752988047809,0.298804780876494,passes all verification gates,2,0.23444444444444446,0.056666666666666664,0.11175777731587333
0.5015818937410105,rejected,holdout,-0.6457834590541578,IF x5 = 1 THEN y = 1 increases,NoStatTest,0.00398406374501992,0.02151394422310757,held-out effect does not replicate,2,0.5633333333333334,0.43666666666666665,0.5474351446165892
0.6430344266463943,rejected,support,0.3593911782977842,IF x2 = 1 THEN y = 1 increases,NoStatTest,0.00398406374501992,0.02151394422310757,insufficient support,2,0.024444444444444446,0.028888888888888888,0.634307340256997
0.0,rejected,counterfactual,0.2299897281921618,IF x4 = 1 THEN y = 1 increases,NoStatTest,0.00398406374501992,0.02151394422310757,matched counterfactual contrast is weak,2,0.5022222222222222,0.5033333333333333,0.23762537594263447
-0.04414859964294887,rejected,redundant,0.16846738695478192,IF x6 = 1 THEN y = 1 increases,NoStatTest,0.00398406374501992,0.02151394422310757,matched counterfactual contrast is weak,2,0.49,0.49,0.12276021519718999
0.057916209718222894,rejected,fdr_null,-0.031143201438138368,IF x10 = 1 THEN y = 1 increases,NoStatTest,0.07171314741035857,0.29197495731360273,held-out effect does not replicate,2,0.5044444444444445,0.5266666666666666,0.0544066084269329
0.036891281963621285,rejected,fdr_null,-0.018273976257169533,IF x27 = 1 THEN y = 1 increases,NoStatTest,0.07569721115537849,0.29197495731360273,matched counterfactual contrast is weak; held-out effect does not replicate,2,0.49,0.5011111111111111,0.054020019851949874
0.027376338217180853,rejected,fdr_null,0.013211281543790199,IF x15 = 1 THEN y = 1 increases,NoStatTest,0.099601593625498,0.298804780876494,weak validation effect; matched counterfactual contrast is weak; held-out effect does not replicate,2,0.5222222222222223,0.5044444444444445,0.04052665889650542
0.030663286258501305,rejected,fdr_null,-0.015188633023027975,IF x13 = 1 THEN y = 1 increases,NoStatTest,0.12350597609561753,0.33346613545816733,weak validation effect; matched counterfactual contrast is weak; held-out effect does not replicate,2,0.5233333333333333,0.48333333333333334,0.03418613274008159
0.049750149665822016,rejected,fdr_null,-0.031726195474460483,IF x22 = 1 THEN y = 1 increases,NoStatTest,0.14342629482071714,0.3520463600144875,weak validation effect; held-out effect does not replicate,2,0.5077777777777778,0.5033333333333333,0.03761648665866629
0.02271545758177847,rejected,fdr_null,0.06896994605702539,IF x9 = 1 THEN y = 1 increases,NoStatTest,0.26294820717131473,0.5916334661354582,weak validation effect; matched counterfactual contrast is weak,2,0.4911111111111111,0.4722222222222222,0.022910216718266263
0.02078215822641127,rejected,fdr_null,-0.05665297092288246,IF x11 = 1 THEN y = 1 increases,NoStatTest,0.33067729083665337,0.6838360842344907,weak validation effect; matched counterfactual contrast is weak; held-out effect does not replicate,2,0.49777777777777776,0.4866666666666667,0.0206665480638083
0.019811809701858023,rejected,fdr_null,-0.0009136706092635061,IF x18 = 1 THEN y = 1 increases,NoStatTest,0.3545816733067729,0.6838360842344907,weak validation effect; matched counterfactual contrast is weak; held-out effect does not replicate,2,0.5522222222222222,0.4722222222222222,0.01399380804953565
0.00018431586920298078,rejected,fdr_null,-0.046740698294769734,IF x16 = 1 THEN y = 1 increases,NoStatTest,0.41434262948207173,0.7458167330677291,weak validation effect; matched counterfactual contrast is weak; held-out effect does not replicate,2,0.5088888888888888,0.5111111111111111,0.009090909090909094
0.013137604323437984,rejected,fdr_null,0.028838744096899793,IF x23 = 1 THEN y = 1 increases,NoStatTest,0.44621513944223107,0.7529880478087649,weak validation effect; matched counterfactual contrast is weak; held-out effect does not replicate,2,0.5088888888888888,0.48777777777777775,0.005786173466614586
-0.012286599840130174,rejected,fdr_null,-0.006793773857320884,IF x12 = 1 THEN y = 1 increases,NoStatTest,0.5258964143426295,0.8352472463088821,weak validation effect; matched counterfactual contrast is weak; held-out effect does not replicate,2,0.5177777777777778,0.5011111111111111,0.005130889535256977
0.000840454013335352,rejected,fdr_null,0.03492769744160179,IF x21 = 1 THEN y = 1 increases,NoStatTest,0.6414342629482072,0.9115118473474523,weak validation effect; matched counterfactual contrast is weak; held-out effect does not replicate,2,0.5166666666666667,0.5,-0.011111111111111072
-0.007774057902091198,rejected,fdr_null,0.004358655043586568,IF x19 = 1 THEN y = 1 increases,NoStatTest,0.6175298804780877,0.9115118473474523,weak validation effect; matched counterfactual contrast is weak; held-out effect does not replicate,2,0.5133333333333333,0.4722222222222222,-0.008297213622291022
-0.020686378290942234,rejected,fdr_null,-0.01884779516358459,IF x24 = 1 THEN y = 1 increases,NoStatTest,0.7131474103585658,0.916903813318156,weak validation effect; matched counterfactual contrast is weak; held-out effect does not replicate,2,0.49333333333333335,0.5144444444444445,-0.013309873425228935
-0.0070319703029540215,rejected,fdr_null,0.00268372122907512,IF x20 = 1 THEN y = 1 increases,NoStatTest,0.7091633466135459,0.916903813318156,weak validation effect; matched counterfactual contrast is weak; held-out effect does not replicate,2,0.5144444444444445,0.5111111111111111,-0.01758893280632412
-0.023426574587942867,rejected,fdr_null,0.09169296413173916,IF x25 = 1 THEN y = 1 increases,NoStatTest,0.896414342629482,0.9639901930738584,weak validation effect; matched counterfactual contrast is weak,2,0.49666666666666665,0.5366666666666666,-0.03531584670152077
-0.009447834761195449,rejected,fdr_null,0.043280632411067166,IF x7 = 1 THEN y = 1 increases,NoStatTest,0.7888446215139442,0.9639901930738584,weak validation effect; matched counterfactual contrast is weak; held-out effect does not replicate,2,0.5111111111111111,0.5022222222222222,-0.018627528445006314
-0.04409554949643961,rejected,fdr_null,0.004415163667252697,IF x8 = 1 THEN y = 1 increases,NoStatTest,0.9203187250996016,0.9639901930738584,weak validation effect; matched counterfactual contrast is weak; held-out effect does not replicate,2,0.5044444444444445,0.5,-0.04222222222222222
-0.040736927415717696,rejected,fdr_null,0.00408668730650158,IF x26 = 1 THEN y = 1 increases,NoStatTest,0.9282868525896414,0.9639901930738584,weak validation effect; matched counterfactual contrast is weak; held-out effect does not replicate,2,0.4722222222222222,0.4888888888888889,-0.040217391304347816
-0.01815255027642427,rejected,fdr_null,-0.0036407766990291246,IF x14 = 1 THEN y = 1 increases,NoStatTest,0.8645418326693227,0.9639901930738584,weak validation effect; matched counterfactual contrast is weak; held-out effect does not replicate,2,0.5422222222222223,0.5144444444444445,-0.031102500358323737
-0.06159359501081764,rejected,fdr_null,-0.05446033501896336,IF x17 = 1 THEN y = 1 increases,NoStatTest,0.9920318725099602,0.99203187250996,weak validation effect; matched counterfactual contrast is weak; held-out effect does not replicate,2,0.5022222222222222,0.5166666666666667,-0.06533185020393029
0.17141881515860105,accepted,valid,0.20403717042372504,IF x0 = 1 THEN y = 1 increases,NoFDR,0.00398406374501992,0.00398406374501992,passes all verification gates,2,0.49,0.4888888888888889,0.15988142292490115
0.5015818937410105,rejected,holdout,-0.6457834590541578,IF x5 = 1 THEN y = 1 increases,NoFDR,0.00398406374501992,0.00398406374501992,held-out effect does not replicate,2,0.5633333333333334,0.43666666666666665,0.5474351446165892
0.6430344266463943,rejected,support,0.3593911782977842,IF x2 = 1 THEN y = 1 increases,NoFDR,0.00398406374501992,0.00398406374501992,insufficient support,2,0.024444444444444446,0.028888888888888888,0.634307340256997
0.0,rejected,counterfactual,0.2299897281921618,IF x4 = 1 THEN y = 1 increases,NoFDR,0.00398406374501992,0.00398406374501992,matched counterfactual contrast is weak,2,0.5022222222222222,0.5033333333333333,0.23762537594263447
-0.04414859964294887,rejected,redundant,0.16846738695478192,IF x6 = 1 THEN y = 1 increases,NoFDR,0.00398406374501992,0.00398406374501992,matched counterfactual contrast is weak,2,0.49,0.49,0.12276021519718999
0.057916209718222894,rejected,fdr_null,-0.031143201438138368,IF x10 = 1 THEN y = 1 increases,NoFDR,0.07171314741035857,0.07171314741035857,not significant after raw p-value test; held-out effect does not replicate,2,0.5044444444444445,0.5266666666666666,0.0544066084269329
0.036891281963621285,rejected,fdr_null,-0.018273976257169533,IF x27 = 1 THEN y = 1 increases,NoFDR,0.07569721115537849,0.07569721115537849,not significant after raw p-value test; matched counterfactual contrast is weak; held-out effect does not replicate,2,0.49,0.5011111111111111,0.054020019851949874
0.12776437389546338,rejected,statistical,0.18896126675792246,IF x3 = 1 THEN y = 1 increases,NoFDR,0.09561752988047809,0.09561752988047809,not significant after raw p-value test,2,0.23444444444444446,0.056666666666666664,0.11175777731587333
0.027376338217180853,rejected,fdr_null,0.013211281543790199,IF x15 = 1 THEN y = 1 increases,NoFDR,0.099601593625498,0.099601593625498,weak validation effect; not significant after raw p-value test; matched counterfactual contrast is weak; held-out effect does not replicate,2,0.5222222222222223,0.5044444444444445,0.04052665889650542
0.030663286258501305,rejected,fdr_null,-0.015188633023027975,IF x13 = 1 THEN y = 1 increases,NoFDR,0.12350597609561753,0.12350597609561753,weak validation effect; not significant after raw p-value test; matched counterfactual contrast is weak; held-out effect does not replicate,2,0.5233333333333333,0.48333333333333334,0.03418613274008159
0.049750149665822016,rejected,fdr_null,-0.031726195474460483,IF x22 = 1 THEN y = 1 increases,NoFDR,0.14342629482071714,0.14342629482071714,weak validation effect; not significant after raw p-value test; held-out effect does not replicate,2,0.5077777777777778,0.5033333333333333,0.03761648665866629
0.02271545758177847,rejected,fdr_null,0.06896994605702539,IF x9 = 1 THEN y = 1 increases,NoFDR,0.26294820717131473,0.26294820717131473,weak validation effect; not significant after raw p-value test; matched counterfactual contrast is weak,2,0.4911111111111111,0.4722222222222222,0.022910216718266263
0.02078215822641127,rejected,fdr_null,-0.05665297092288246,IF x11 = 1 THEN y = 1 increases,NoFDR,0.33067729083665337,0.33067729083665337,weak validation effect; not significant after raw p-value test; matched counterfactual contrast is weak; held-out effect does not replicate,2,0.49777777777777776,0.4866666666666667,0.0206665480638083
0.019811809701858023,rejected,fdr_null,-0.0009136706092635061,IF x18 = 1 THEN y = 1 increases,NoFDR,0.3545816733067729,0.3545816733067729,weak validation effect; not significant after raw p-value test; matched counterfactual contrast is weak; held-out effect does not replicate,2,0.5522222222222222,0.4722222222222222,0.01399380804953565
0.00018431586920298078,rejected,fdr_null,-0.046740698294769734,IF x16 = 1 THEN y = 1 increases,NoFDR,0.41434262948207173,0.41434262948207173,weak validation effect; not significant after raw p-value test; matched counterfactual contrast is weak; held-out effect does not replicate,2,0.5088888888888888,0.5111111111111111,0.009090909090909094
0.013137604323437984,rejected,fdr_null,0.028838744096899793,IF x23 = 1 THEN y = 1 increases,NoFDR,0.44621513944223107,0.44621513944223107,weak validation effect; not significant after raw p-value test; matched counterfactual contrast is weak; held-out effect does not replicate,2,0.5088888888888888,0.48777777777777775,0.005786173466614586
-0.012286599840130174,rejected,fdr_null,-0.006793773857320884,IF x12 = 1 THEN y = 1 increases,NoFDR,0.5258964143426295,0.5258964143426295,weak validation effect; not significant after raw p-value test; matched counterfactual contrast is weak; held-out effect does not replicate,2,0.5177777777777778,0.5011111111111111,0.005130889535256977
-0.007774057902091198,rejected,fdr_null,0.004358655043586568,IF x19 = 1 THEN y = 1 increases,NoFDR,0.6175298804780877,0.6175298804780877,weak validation effect; not significant after raw p-value test; matched counterfactual contrast is weak; held-out effect does not replicate,2,0.5133333333333333,0.4722222222222222,-0.008297213622291022
0.000840454013335352,rejected,fdr_null,0.03492769744160179,IF x21 = 1 THEN y = 1 increases,NoFDR,0.6414342629482072,0.6414342629482072,weak validation effect; not significant after raw p-value test; matched counterfactual contrast is weak; held-out effect does not replicate,2,0.5166666666666667,0.5,-0.011111111111111072
-0.0070319703029540215,rejected,fdr_null,0.00268372122907512,IF x20 = 1 THEN y = 1 increases,NoFDR,0.7091633466135459,0.7091633466135459,weak validation effect; not significant after raw p-value test; matched counterfactual contrast is weak; held-out effect does not replicate,2,0.5144444444444445,0.5111111111111111,-0.01758893280632412
-0.020686378290942234,rejected,fdr_null,-0.01884779516358459,IF x24 = 1 THEN y = 1 increases,NoFDR,0.7131474103585658,0.7131474103585658,weak validation effect; not significant after raw p-value test; matched counterfactual contrast is weak; held-out effect does not replicate,2,0.49333333333333335,0.5144444444444445,-0.013309873425228935
-0.009447834761195449,rejected,fdr_null,0.043280632411067166,IF x7 = 1 THEN y = 1 increases,NoFDR,0.7888446215139442,0.7888446215139442,weak validation effect; not significant after raw p-value test; matched counterfactual contrast is weak; held-out effect does not replicate,2,0.5111111111111111,0.5022222222222222,-0.018627528445006314
-0.01815255027642427,rejected,fdr_null,-0.0036407766990291246,IF x14 = 1 THEN y = 1 increases,NoFDR,0.8645418326693227,0.8645418326693227,weak validation effect; not significant after raw p-value test; matched counterfactual contrast is weak; held-out effect does not replicate,2,0.5422222222222223,0.5144444444444445,-0.031102500358323737
-0.023426574587942867,rejected,fdr_null,0.09169296413173916,IF x25 = 1 THEN y = 1 increases,NoFDR,0.896414342629482,0.896414342629482,weak validation effect; not significant after raw p-value test; matched counterfactual contrast is weak,2,0.49666666666666665,0.5366666666666666,-0.03531584670152077
-0.04409554949643961,rejected,fdr_null,0.004415163667252697,IF x8 = 1 THEN y = 1 increases,NoFDR,0.9203187250996016,0.9203187250996016,weak validation effect; not significant after raw p-value test; matched counterfactual contrast is weak; held-out effect does not replicate,2,0.5044444444444445,0.5,-0.04222222222222222
-0.040736927415717696,rejected,fdr_null,0.00408668730650158,IF x26 = 1 THEN y = 1 increases,NoFDR,0.9282868525896414,0.9282868525896414,weak validation effect; not significant after raw p-value test; matched counterfactual contrast is weak; held-out effect does not replicate,2,0.4722222222222222,0.4888888888888889,-0.040217391304347816
-0.06159359501081764,rejected,fdr_null,-0.05446033501896336,IF x17 = 1 THEN y = 1 increases,NoFDR,0.9920318725099602,0.9920318725099602,weak validation effect; not significant after raw p-value test; matched counterfactual contrast is weak; held-out effect does not replicate,2,0.5022222222222222,0.5166666666666667,-0.06533185020393029
0.0,accepted,counterfactual,0.2299897281921618,IF x4 = 1 THEN y = 1 increases,NoCounterfactual,0.00398406374501992,0.02151394422310757,passes all verification gates,2,0.5022222222222222,0.5033333333333333,0.23762537594263447
0.17141881515860105,accepted,valid,0.20403717042372504,IF x0 = 1 THEN y = 1 increases,NoCounterfactual,0.00398406374501992,0.02151394422310757,passes all verification gates,2,0.49,0.4888888888888889,0.15988142292490115
-0.04414859964294887,accepted,redundant,0.16846738695478192,IF x6 = 1 THEN y = 1 increases,NoCounterfactual,0.00398406374501992,0.02151394422310757,passes all verification gates,2,0.49,0.49,0.12276021519718999
0.5015818937410105,rejected,holdout,-0.6457834590541578,IF x5 = 1 THEN y = 1 increases,NoCounterfactual,0.00398406374501992,0.02151394422310757,held-out effect does not replicate,2,0.5633333333333334,0.43666666666666665,0.5474351446165892
0.6430344266463943,rejected,support,0.3593911782977842,IF x2 = 1 THEN y = 1 increases,NoCounterfactual,0.00398406374501992,0.02151394422310757,insufficient support,2,0.024444444444444446,0.028888888888888888,0.634307340256997
0.057916209718222894,rejected,fdr_null,-0.031143201438138368,IF x10 = 1 THEN y = 1 increases,NoCounterfactual,0.07171314741035857,0.29197495731360273,not significant after FDR correction; held-out effect does not replicate,2,0.5044444444444445,0.5266666666666666,0.0544066084269329
0.036891281963621285,rejected,fdr_null,-0.018273976257169533,IF x27 = 1 THEN y = 1 increases,NoCounterfactual,0.07569721115537849,0.29197495731360273,not significant after FDR correction; held-out effect does not replicate,2,0.49,0.5011111111111111,0.054020019851949874
0.12776437389546338,rejected,statistical,0.18896126675792246,IF x3 = 1 THEN y = 1 increases,NoCounterfactual,0.09561752988047809,0.298804780876494,not significant after FDR correction,2,0.23444444444444446,0.056666666666666664,0.11175777731587333
0.027376338217180853,rejected,fdr_null,0.013211281543790199,IF x15 = 1 THEN y = 1 increases,NoCounterfactual,0.099601593625498,0.298804780876494,weak validation effect; not significant after FDR correction; held-out effect does not replicate,2,0.5222222222222223,0.5044444444444445,0.04052665889650542
0.030663286258501305,rejected,fdr_null,-0.015188633023027975,IF x13 = 1 THEN y = 1 increases,NoCounterfactual,0.12350597609561753,0.33346613545816733,weak validation effect; not significant after FDR correction; held-out effect does not replicate,2,0.5233333333333333,0.48333333333333334,0.03418613274008159
0.049750149665822016,rejected,fdr_null,-0.031726195474460483,IF x22 = 1 THEN y = 1 increases,NoCounterfactual,0.14342629482071714,0.3520463600144875,weak validation effect; not significant after FDR correction; held-out effect does not replicate,2,0.5077777777777778,0.5033333333333333,0.03761648665866629
0.02271545758177847,rejected,fdr_null,0.06896994605702539,IF x9 = 1 THEN y = 1 increases,NoCounterfactual,0.26294820717131473,0.5916334661354582,weak validation effect; not significant after FDR correction,2,0.4911111111111111,0.4722222222222222,0.022910216718266263
0.02078215822641127,rejected,fdr_null,-0.05665297092288246,IF x11 = 1 THEN y = 1 increases,NoCounterfactual,0.33067729083665337,0.6838360842344907,weak validation effect; not significant after FDR correction; held-out effect does not replicate,2,0.49777777777777776,0.4866666666666667,0.0206665480638083
0.019811809701858023,rejected,fdr_null,-0.0009136706092635061,IF x18 = 1 THEN y = 1 increases,NoCounterfactual,0.3545816733067729,0.6838360842344907,weak validation effect; not significant after FDR correction; held-out effect does not replicate,2,0.5522222222222222,0.4722222222222222,0.01399380804953565
0.00018431586920298078,rejected,fdr_null,-0.046740698294769734,IF x16 = 1 THEN y = 1 increases,NoCounterfactual,0.41434262948207173,0.7458167330677291,weak validation effect; not significant after FDR correction; held-out effect does not replicate,2,0.5088888888888888,0.5111111111111111,0.009090909090909094
0.013137604323437984,rejected,fdr_null,0.028838744096899793,IF x23 = 1 THEN y = 1 increases,NoCounterfactual,0.44621513944223107,0.7529880478087649,weak validation effect; not significant after FDR correction; held-out effect does not replicate,2,0.5088888888888888,0.48777777777777775,0.005786173466614586
-0.012286599840130174,rejected,fdr_null,-0.006793773857320884,IF x12 = 1 THEN y = 1 increases,NoCounterfactual,0.5258964143426295,0.8352472463088821,weak validation effect; not significant after FDR correction; held-out effect does not replicate,2,0.5177777777777778,0.5011111111111111,0.005130889535256977
0.000840454013335352,rejected,fdr_null,0.03492769744160179,IF x21 = 1 THEN y = 1 increases,NoCounterfactual,0.6414342629482072,0.9115118473474523,weak validation effect; not significant after FDR correction; held-out effect does not replicate,2,0.5166666666666667,0.5,-0.011111111111111072
-0.007774057902091198,rejected,fdr_null,0.004358655043586568,IF x19 = 1 THEN y = 1 increases,NoCounterfactual,0.6175298804780877,0.9115118473474523,weak validation effect; not significant after FDR correction; held-out effect does not replicate,2,0.5133333333333333,0.4722222222222222,-0.008297213622291022
-0.020686378290942234,rejected,fdr_null,-0.01884779516358459,IF x24 = 1 THEN y = 1 increases,NoCounterfactual,0.7131474103585658,0.916903813318156,weak validation effect; not significant after FDR correction; held-out effect does not replicate,2,0.49333333333333335,0.5144444444444445,-0.013309873425228935
-0.0070319703029540215,rejected,fdr_null,0.00268372122907512,IF x20 = 1 THEN y = 1 increases,NoCounterfactual,0.7091633466135459,0.916903813318156,weak validation effect; not significant after FDR correction; held-out effect does not replicate,2,0.5144444444444445,0.5111111111111111,-0.01758893280632412
-0.023426574587942867,rejected,fdr_null,0.09169296413173916,IF x25 = 1 THEN y = 1 increases,NoCounterfactual,0.896414342629482,0.9639901930738584,weak validation effect; not significant after FDR correction,2,0.49666666666666665,0.5366666666666666,-0.03531584670152077
-0.009447834761195449,rejected,fdr_null,0.043280632411067166,IF x7 = 1 THEN y = 1 increases,NoCounterfactual,0.7888446215139442,0.9639901930738584,weak validation effect; not significant after FDR correction; held-out effect does not replicate,2,0.5111111111111111,0.5022222222222222,-0.018627528445006314
-0.04409554949643961,rejected,fdr_null,0.004415163667252697,IF x8 = 1 THEN y = 1 increases,NoCounterfactual,0.9203187250996016,0.9639901930738584,weak validation effect; not significant after FDR correction; held-out effect does not replicate,2,0.5044444444444445,0.5,-0.04222222222222222
-0.040736927415717696,rejected,fdr_null,0.00408668730650158,IF x26 = 1 THEN y = 1 increases,NoCounterfactual,0.9282868525896414,0.9639901930738584,weak validation effect; not significant after FDR correction; held-out effect does not replicate,2,0.4722222222222222,0.4888888888888889,-0.040217391304347816
-0.01815255027642427,rejected,fdr_null,-0.0036407766990291246,IF x14 = 1 THEN y = 1 increases,NoCounterfactual,0.8645418326693227,0.9639901930738584,weak validation effect; not significant after FDR correction; held-out effect does not replicate,2,0.5422222222222223,0.5144444444444445,-0.031102500358323737
-0.06159359501081764,rejected,fdr_null,-0.05446033501896336,IF x17 = 1 THEN y = 1 increases,NoCounterfactual,0.9920318725099602,0.99203187250996,weak validation effect; not significant after FDR correction; held-out effect does not replicate,2,0.5022222222222222,0.5166666666666667,-0.06533185020393029
0.5015818937410105,accepted,holdout,-0.6457834590541578,IF x5 = 1 THEN y = 1 increases,NoHeldout,0.00398406374501992,0.02151394422310757,passes all verification gates,2,0.5633333333333334,0.43666666666666665,0.5474351446165892
0.17141881515860105,accepted,valid,0.20403717042372504,IF x0 = 1 THEN y = 1 increases,NoHeldout,0.00398406374501992,0.02151394422310757,passes all verification gates,2,0.49,0.4888888888888889,0.15988142292490115
0.6430344266463943,rejected,support,0.3593911782977842,IF x2 = 1 THEN y = 1 increases,NoHeldout,0.00398406374501992,0.02151394422310757,insufficient support,2,0.024444444444444446,0.028888888888888888,0.634307340256997
0.0,rejected,counterfactual,0.2299897281921618,IF x4 = 1 THEN y = 1 increases,NoHeldout,0.00398406374501992,0.02151394422310757,matched counterfactual contrast is weak,2,0.5022222222222222,0.5033333333333333,0.23762537594263447
-0.04414859964294887,rejected,redundant,0.16846738695478192,IF x6 = 1 THEN y = 1 increases,NoHeldout,0.00398406374501992,0.02151394422310757,matched counterfactual contrast is weak,2,0.49,0.49,0.12276021519718999
0.057916209718222894,rejected,fdr_null,-0.031143201438138368,IF x10 = 1 THEN y = 1 increases,NoHeldout,0.07171314741035857,0.29197495731360273,not significant after FDR correction,2,0.5044444444444445,0.5266666666666666,0.0544066084269329
0.036891281963621285,rejected,fdr_null,-0.018273976257169533,IF x27 = 1 THEN y = 1 increases,NoHeldout,0.07569721115537849,0.29197495731360273,not significant after FDR correction; matched counterfactual contrast is weak,2,0.49,0.5011111111111111,0.054020019851949874
0.12776437389546338,rejected,statistical,0.18896126675792246,IF x3 = 1 THEN y = 1 increases,NoHeldout,0.09561752988047809,0.298804780876494,not significant after FDR correction,2,0.23444444444444446,0.056666666666666664,0.11175777731587333
0.027376338217180853,rejected,fdr_null,0.013211281543790199,IF x15 = 1 THEN y = 1 increases,NoHeldout,0.099601593625498,0.298804780876494,weak validation effect; not significant after FDR correction; matched counterfactual contrast is weak,2,0.5222222222222223,0.5044444444444445,0.04052665889650542
0.030663286258501305,rejected,fdr_null,-0.015188633023027975,IF x13 = 1 THEN y = 1 increases,NoHeldout,0.12350597609561753,0.33346613545816733,weak validation effect; not significant after FDR correction; matched counterfactual contrast is weak,2,0.5233333333333333,0.48333333333333334,0.03418613274008159
0.049750149665822016,rejected,fdr_null,-0.031726195474460483,IF x22 = 1 THEN y = 1 increases,NoHeldout,0.14342629482071714,0.3520463600144875,weak validation effect; not significant after FDR correction,2,0.5077777777777778,0.5033333333333333,0.03761648665866629
0.02271545758177847,rejected,fdr_null,0.06896994605702539,IF x9 = 1 THEN y = 1 increases,NoHeldout,0.26294820717131473,0.5916334661354582,weak validation effect; not significant after FDR correction; matched counterfactual contrast is weak,2,0.4911111111111111,0.4722222222222222,0.022910216718266263
0.02078215822641127,rejected,fdr_null,-0.05665297092288246,IF x11 = 1 THEN y = 1 increases,NoHeldout,0.33067729083665337,0.6838360842344907,weak validation effect; not significant after FDR correction; matched counterfactual contrast is weak,2,0.49777777777777776,0.4866666666666667,0.0206665480638083
0.019811809701858023,rejected,fdr_null,-0.0009136706092635061,IF x18 = 1 THEN y = 1 increases,NoHeldout,0.3545816733067729,0.6838360842344907,weak validation effect; not significant after FDR correction; matched counterfactual contrast is weak,2,0.5522222222222222,0.4722222222222222,0.01399380804953565
0.00018431586920298078,rejected,fdr_null,-0.046740698294769734,IF x16 = 1 THEN y = 1 increases,NoHeldout,0.41434262948207173,0.7458167330677291,weak validation effect; not significant after FDR correction; matched counterfactual contrast is weak,2,0.5088888888888888,0.5111111111111111,0.009090909090909094
0.013137604323437984,rejected,fdr_null,0.028838744096899793,IF x23 = 1 THEN y = 1 increases,NoHeldout,0.44621513944223107,0.7529880478087649,weak validation effect; not significant after FDR correction; matched counterfactual contrast is weak,2,0.5088888888888888,0.48777777777777775,0.005786173466614586
-0.012286599840130174,rejected,fdr_null,-0.006793773857320884,IF x12 = 1 THEN y = 1 increases,NoHeldout,0.5258964143426295,0.8352472463088821,weak validation effect; not significant after FDR correction; matched counterfactual contrast is weak,2,0.5177777777777778,0.5011111111111111,0.005130889535256977
0.000840454013335352,rejected,fdr_null,0.03492769744160179,IF x21 = 1 THEN y = 1 increases,NoHeldout,0.6414342629482072,0.9115118473474523,weak validation effect; not significant after FDR correction; matched counterfactual contrast is weak,2,0.5166666666666667,0.5,-0.011111111111111072
-0.007774057902091198,rejected,fdr_null,0.004358655043586568,IF x19 = 1 THEN y = 1 increases,NoHeldout,0.6175298804780877,0.9115118473474523,weak validation effect; not significant after FDR correction; matched counterfactual contrast is weak,2,0.5133333333333333,0.4722222222222222,-0.008297213622291022
-0.020686378290942234,rejected,fdr_null,-0.01884779516358459,IF x24 = 1 THEN y = 1 increases,NoHeldout,0.7131474103585658,0.916903813318156,weak validation effect; not significant after FDR correction; matched counterfactual contrast is weak,2,0.49333333333333335,0.5144444444444445,-0.013309873425228935
-0.0070319703029540215,rejected,fdr_null,0.00268372122907512,IF x20 = 1 THEN y = 1 increases,NoHeldout,0.7091633466135459,0.916903813318156,weak validation effect; not significant after FDR correction; matched counterfactual contrast is weak,2,0.5144444444444445,0.5111111111111111,-0.01758893280632412
-0.023426574587942867,rejected,fdr_null,0.09169296413173916,IF x25 = 1 THEN y = 1 increases,NoHeldout,0.896414342629482,0.9639901930738584,weak validation effect; not significant after FDR correction; matched counterfactual contrast is weak,2,0.49666666666666665,0.5366666666666666,-0.03531584670152077
-0.009447834761195449,rejected,fdr_null,0.043280632411067166,IF x7 = 1 THEN y = 1 increases,NoHeldout,0.7888446215139442,0.9639901930738584,weak validation effect; not significant after FDR correction; matched counterfactual contrast is weak,2,0.5111111111111111,0.5022222222222222,-0.018627528445006314
-0.04409554949643961,rejected,fdr_null,0.004415163667252697,IF x8 = 1 THEN y = 1 increases,NoHeldout,0.9203187250996016,0.9639901930738584,weak validation effect; not significant after FDR correction; matched counterfactual contrast is weak,2,0.5044444444444445,0.5,-0.04222222222222222
-0.040736927415717696,rejected,fdr_null,0.00408668730650158,IF x26 = 1 THEN y = 1 increases,NoHeldout,0.9282868525896414,0.9639901930738584,weak validation effect; not significant after FDR correction; matched counterfactual contrast is weak,2,0.4722222222222222,0.4888888888888889,-0.040217391304347816
-0.01815255027642427,rejected,fdr_null,-0.0036407766990291246,IF x14 = 1 THEN y = 1 increases,NoHeldout,0.8645418326693227,0.9639901930738584,weak validation effect; not significant after FDR correction; matched counterfactual contrast is weak,2,0.5422222222222223,0.5144444444444445,-0.031102500358323737
-0.06159359501081764,rejected,fdr_null,-0.05446033501896336,IF x17 = 1 THEN y = 1 increases,NoHeldout,0.9920318725099602,0.99203187250996,weak validation effect; not significant after FDR correction; matched counterfactual contrast is weak,2,0.5022222222222222,0.5166666666666667,-0.06533185020393029
0.0,accepted,counterfactual,0.2299897281921618,IF x4 = 1 THEN y = 1 increases,NoEffect,0.00398406374501992,0.02151394422310757,passes all verification gates,2,0.5022222222222222,0.5033333333333333,0.23762537594263447
0.17141881515860105,accepted,valid,0.20403717042372504,IF x0 = 1 THEN y = 1 increases,NoEffect,0.00398406374501992,0.02151394422310757,passes all verification gates,2,0.49,0.4888888888888889,0.15988142292490115
-0.04414859964294887,accepted,redundant,0.16846738695478192,IF x6 = 1 THEN y = 1 increases,NoEffect,0.00398406374501992,0.02151394422310757,passes all verification gates,2,0.49,0.49,0.12276021519718999
0.5015818937410105,rejected,holdout,-0.6457834590541578,IF x5 = 1 THEN y = 1 increases,NoEffect,0.00398406374501992,0.02151394422310757,held-out effect does not replicate,2,0.5633333333333334,0.43666666666666665,0.5474351446165892
0.6430344266463943,rejected,support,0.3593911782977842,IF x2 = 1 THEN y = 1 increases,NoEffect,0.00398406374501992,0.02151394422310757,insufficient support,2,0.024444444444444446,0.028888888888888888,0.634307340256997
0.057916209718222894,rejected,fdr_null,-0.031143201438138368,IF x10 = 1 THEN y = 1 increases,NoEffect,0.07171314741035857,0.29197495731360273,not significant after FDR correction; held-out effect does not replicate,2,0.5044444444444445,0.5266666666666666,0.0544066084269329
0.036891281963621285,rejected,fdr_null,-0.018273976257169533,IF x27 = 1 THEN y = 1 increases,NoEffect,0.07569721115537849,0.29197495731360273,not significant after FDR correction; held-out effect does not replicate,2,0.49,0.5011111111111111,0.054020019851949874
0.12776437389546338,rejected,statistical,0.18896126675792246,IF x3 = 1 THEN y = 1 increases,NoEffect,0.09561752988047809,0.298804780876494,not significant after FDR correction,2,0.23444444444444446,0.056666666666666664,0.11175777731587333
0.027376338217180853,rejected,fdr_null,0.013211281543790199,IF x15 = 1 THEN y = 1 increases,NoEffect,0.099601593625498,0.298804780876494,not significant after FDR correction; held-out effect does not replicate,2,0.5222222222222223,0.5044444444444445,0.04052665889650542
0.030663286258501305,rejected,fdr_null,-0.015188633023027975,IF x13 = 1 THEN y = 1 increases,NoEffect,0.12350597609561753,0.33346613545816733,not significant after FDR correction; held-out effect does not replicate,2,0.5233333333333333,0.48333333333333334,0.03418613274008159
0.049750149665822016,rejected,fdr_null,-0.031726195474460483,IF x22 = 1 THEN y = 1 increases,NoEffect,0.14342629482071714,0.3520463600144875,not significant after FDR correction; held-out effect does not replicate,2,0.5077777777777778,0.5033333333333333,0.03761648665866629
0.02271545758177847,rejected,fdr_null,0.06896994605702539,IF x9 = 1 THEN y = 1 increases,NoEffect,0.26294820717131473,0.5916334661354582,not significant after FDR correction,2,0.4911111111111111,0.4722222222222222,0.022910216718266263
0.02078215822641127,rejected,fdr_null,-0.05665297092288246,IF x11 = 1 THEN y = 1 increases,NoEffect,0.33067729083665337,0.6838360842344907,not significant after FDR correction; held-out effect does not replicate,2,0.49777777777777776,0.4866666666666667,0.0206665480638083
0.019811809701858023,rejected,fdr_null,-0.0009136706092635061,IF x18 = 1 THEN y = 1 increases,NoEffect,0.3545816733067729,0.6838360842344907,not significant after FDR correction; held-out effect does not replicate,2,0.5522222222222222,0.4722222222222222,0.01399380804953565
0.00018431586920298078,rejected,fdr_null,-0.046740698294769734,IF x16 = 1 THEN y = 1 increases,NoEffect,0.41434262948207173,0.7458167330677291,not significant after FDR correction; held-out effect does not replicate,2,0.5088888888888888,0.5111111111111111,0.009090909090909094
0.013137604323437984,rejected,fdr_null,0.028838744096899793,IF x23 = 1 THEN y = 1 increases,NoEffect,0.44621513944223107,0.7529880478087649,not significant after FDR correction; held-out effect does not replicate,2,0.5088888888888888,0.48777777777777775,0.005786173466614586
-0.012286599840130174,rejected,fdr_null,-0.006793773857320884,IF x12 = 1 THEN y = 1 increases,NoEffect,0.5258964143426295,0.8352472463088821,not significant after FDR correction; held-out effect does not replicate,2,0.5177777777777778,0.5011111111111111,0.005130889535256977
0.000840454013335352,rejected,fdr_null,0.03492769744160179,IF x21 = 1 THEN y = 1 increases,NoEffect,0.6414342629482072,0.9115118473474523,not significant after FDR correction; held-out effect does not replicate,2,0.5166666666666667,0.5,-0.011111111111111072
-0.007774057902091198,rejected,fdr_null,0.004358655043586568,IF x19 = 1 THEN y = 1 increases,NoEffect,0.6175298804780877,0.9115118473474523,not significant after FDR correction; held-out effect does not replicate,2,0.5133333333333333,0.4722222222222222,-0.008297213622291022
-0.020686378290942234,rejected,fdr_null,-0.01884779516358459,IF x24 = 1 THEN y = 1 increases,NoEffect,0.7131474103585658,0.916903813318156,not significant after FDR correction; held-out effect does not replicate,2,0.49333333333333335,0.5144444444444445,-0.013309873425228935
-0.0070319703029540215,rejected,fdr_null,0.00268372122907512,IF x20 = 1 THEN y = 1 increases,NoEffect,0.7091633466135459,0.916903813318156,not significant after FDR correction; held-out effect does not replicate,2,0.5144444444444445,0.5111111111111111,-0.01758893280632412
-0.023426574587942867,rejected,fdr_null,0.09169296413173916,IF x25 = 1 THEN y = 1 increases,NoEffect,0.896414342629482,0.9639901930738584,not significant after FDR correction,2,0.49666666666666665,0.5366666666666666,-0.03531584670152077
-0.009447834761195449,rejected,fdr_null,0.043280632411067166,IF x7 = 1 THEN y = 1 increases,NoEffect,0.7888446215139442,0.9639901930738584,not significant after FDR correction; held-out effect does not replicate,2,0.5111111111111111,0.5022222222222222,-0.018627528445006314
-0.04409554949643961,rejected,fdr_null,0.004415163667252697,IF x8 = 1 THEN y = 1 increases,NoEffect,0.9203187250996016,0.9639901930738584,not significant after FDR correction; held-out effect does not replicate,2,0.5044444444444445,0.5,-0.04222222222222222
-0.040736927415717696,rejected,fdr_null,0.00408668730650158,IF x26 = 1 THEN y = 1 increases,NoEffect,0.9282868525896414,0.9639901930738584,not significant after FDR correction; held-out effect does not replicate,2,0.4722222222222222,0.4888888888888889,-0.040217391304347816
-0.01815255027642427,rejected,fdr_null,-0.0036407766990291246,IF x14 = 1 THEN y = 1 increases,NoEffect,0.8645418326693227,0.9639901930738584,not significant after FDR correction; held-out effect does not replicate,2,0.5422222222222223,0.5144444444444445,-0.031102500358323737
-0.06159359501081764,rejected,fdr_null,-0.05446033501896336,IF x17 = 1 THEN y = 1 increases,NoEffect,0.9920318725099602,0.99203187250996,not significant after FDR correction; held-out effect does not replicate,2,0.5022222222222222,0.5166666666666667,-0.06533185020393029
0.1947204999959903,accepted,valid,0.14914517430720253,IF x0 = 1 THEN y = 1 increases,FullVerifier,0.00398406374501992,0.02151394422310757,passes all verification gates,3,0.47444444444444445,0.4922222222222222,0.1936764945591773
0.11361132305375148,accepted,redundant,0.14757160647571604,IF x6 = 1 THEN y = 1 increases,FullVerifier,0.00398406374501992,0.02151394422310757,passes all verification gates,3,0.4866666666666667,0.49333333333333335,0.18314366998577525
0.5673213552724448,rejected,support,0.6189402480270575,IF x2 = 1 THEN y = 1 increases,FullVerifier,0.00398406374501992,0.02151394422310757,insufficient support,3,0.014444444444444444,0.02666666666666667,0.5650684931506849
0.5224478460411527,rejected,holdout,-0.5838023594285403,IF x5 = 1 THEN y = 1 increases,FullVerifier,0.00398406374501992,0.02151394422310757,held-out effect does not replicate,3,0.5322222222222223,0.4388888888888889,0.5647324226093495
0.0,rejected,counterfactual,0.17490416991059166,IF x4 = 1 THEN y = 1 increases,FullVerifier,0.00398406374501992,0.02151394422310757,matched counterfactual contrast is weak,3,0.5322222222222223,0.5122222222222222,0.2533365615997707
0.07597711009813721,rejected,fdr_null,0.009695783668386415,IF x19 = 1 THEN y = 1 increases,FullVerifier,0.00796812749003984,0.035856573705179286,held-out effect does not replicate,3,0.4866666666666667,0.5088888888888888,0.08476753146673516
0.065005974661593,rejected,statistical,0.14880147142124095,IF x3 = 1 THEN y = 1 increases,FullVerifier,0.20717131474103587,0.5593625498007968,not significant after FDR correction,3,0.24555555555555555,0.05333333333333334,0.07482394366197181
0.008246756127137461,rejected,fdr_null,-0.00991350993573753,IF x22 = 1 THEN y = 1 increases,FullVerifier,0.1952191235059761,0.5593625498007968,weak validation effect; not significant after FDR correction; matched counterfactual contrast is weak; held-out effect does not replicate,3,0.5077777777777778,0.5166666666666667,0.033370411568409364
0.025711100992308403,rejected,fdr_null,0.0014667318547491037,IF x14 = 1 THEN y = 1 increases,FullVerifier,0.17131474103585656,0.5593625498007968,weak validation effect; not significant after FDR correction; matched counterfactual contrast is weak; held-out effect does not replicate,3,0.5033333333333333,0.47333333333333333,0.03476555535746123
0.037862742226175784,rejected,fdr_null,0.0005786035378886334,IF x21 = 1 THEN y = 1 increases,FullVerifier,0.18326693227091634,0.5593625498007968,weak validation effect; not significant after FDR correction; matched counterfactual contrast is weak; held-out effect does not replicate,3,0.4811111111111111,0.5366666666666666,0.030832476875642334
-0.002518113503513982,rejected,fdr_null,-0.06244912545414838,IF x12 = 1 THEN y = 1 increases,FullVerifier,0.350597609561753,0.6454183266932271,weak validation effect; not significant after FDR correction; matched counterfactual contrast is weak; held-out effect does not replicate,3,0.5355555555555556,0.5122222222222222,0.013193068450778
0.010525632234664713,rejected,fdr_null,0.06075825592248546,IF x9 = 1 THEN y = 1 increases,FullVerifier,0.3426294820717131,0.6454183266932271,weak validation effect; not significant after FDR correction; matched counterfactual contrast is weak; held-out effect does not replicate,3,0.49666666666666665,0.48333333333333334,0.015572858731924377
0.011339419471288255,rejected,fdr_null,-0.023407369316271465,IF x11 = 1 THEN y = 1 increases,FullVerifier,0.38247011952191234,0.6454183266932271,weak validation effect; not significant after FDR correction; matched counterfactual contrast is weak; held-out effect does not replicate,3,0.4822222222222222,0.48444444444444446,0.009490667510281547
-0.014183596420477918,rejected,fdr_null,-0.020186066316451368,IF x26 = 1 THEN y = 1 increases,FullVerifier,0.35856573705179284,0.6454183266932271,weak validation effect; not significant after FDR correction; matched counterfactual contrast is weak; held-out effect does not replicate,3,0.47444444444444445,0.4955555555555556,0.019853420517176645
0.006914392748476153,rejected,fdr_null,0.007527504342790925,IF x7 = 1 THEN y = 1 increases,FullVerifier,0.32669322709163345,0.6454183266932271,weak validation effect; not significant after FDR correction; matched counterfactual contrast is weak; held-out effect does not replicate,3,0.4766666666666667,0.5166666666666667,0.020022246941045596
-0.005064514500169442,rejected,fdr_null,0.007114624505928868,IF x25 = 1 THEN y = 1 increases,FullVerifier,0.3466135458167331,0.6454183266932271,weak validation effect; not significant after FDR correction; matched counterfactual contrast is weak; held-out effect does not replicate,3,0.5111111111111111,0.5033333333333333,0.012889461753855747
0.025036905343655637,rejected,fdr_null,-0.007341490545050067,IF x27 = 1 THEN y = 1 increases,FullVerifier,0.4860557768924303,0.7719709397703305,weak validation effect; not significant after FDR correction; matched counterfactual contrast is weak; held-out effect does not replicate,3,0.48333333333333334,0.4988888888888889,0.0060741040696496995
0.003415149515757975,rejected,fdr_null,0.03454169156981196,IF x17 = 1 THEN y = 1 increases,FullVerifier,0.6215139442231076,0.8832040260012581,weak validation effect; not significant after FDR correction; matched counterfactual contrast is weak; held-out effect does not replicate,3,0.5077777777777778,0.5344444444444445,-0.01056867405316092
0.0003781019453824995,rejected,fdr_null,-0.0016894228299314529,IF x10 = 1 THEN y = 1 increases,FullVerifier,0.6055776892430279,0.8832040260012581,weak validation effect; not significant after FDR correction; matched counterfactual contrast is weak; held-out effect does not replicate,3,0.4911111111111111,0.46111111111111114,-0.0007452490373866527
-0.009173949318076318,rejected,fdr_null,0.07389001956173802,IF x8 = 1 THEN y = 1 increases,FullVerifier,0.7569721115537849,0.9732498577120092,weak validation effect; not significant after FDR correction; matched counterfactual contrast is weak,3,0.4911111111111111,0.5244444444444445,-0.013662284175510853
-0.018160112196909075,rejected,fdr_null,-0.0047114833764643205,IF x24 = 1 THEN y = 1 increases,FullVerifier,0.7290836653386454,0.9732498577120092,weak validation effect; not significant after FDR correction; matched counterfactual contrast is weak; held-out effect does not replicate,3,0.5044444444444445,0.4866666666666667,-0.020458993061732822
-0.03008701991356272,rejected,fdr_null,0.05748024873972862,IF x20 = 1 THEN y = 1 increases,FullVerifier,0.796812749003984,0.9779065555957985,weak validation effect; not significant after FDR correction; matched counterfactual contrast is weak; held-out effect does not replicate,3,0.47888888888888886,0.48,-0.02403846153846151
-0.06720828575009392,rejected,fdr_null,-0.054830519798672706,IF x13 = 1 THEN y = 1 increases,FullVerifier,0.9880478087649402,0.9880478087649402,weak validation effect; not significant after FDR correction; matched counterfactual contrast is weak; held-out effect does not replicate,3,0.4766666666666667,0.5144444444444445,-0.08347707469443638
-0.055437037791669024,rejected,fdr_null,-0.03193381960505248,IF x18 = 1 THEN y = 1 increases,FullVerifier,0.9760956175298805,0.9880478087649402,weak validation effect; not significant after FDR correction; matched counterfactual contrast is weak; held-out effect does not replicate,3,0.5133333333333333,0.48444444444444446,-0.05279183802594112
-0.06876938676088516,rejected,fdr_null,0.029645762033868206,IF x15 = 1 THEN y = 1 increases,FullVerifier,0.9880478087649402,0.9880478087649402,weak validation effect; not significant after FDR correction; matched counterfactual contrast is weak; held-out effect does not replicate,3,0.49666666666666665,0.48,-0.0641025641025641
-0.05244073399746658,rejected,fdr_null,-0.029114705519199924,IF x16 = 1 THEN y = 1 increases,FullVerifier,0.9601593625498008,0.9880478087649402,weak validation effect; not significant after FDR correction; matched counterfactual contrast is weak; held-out effect does not replicate,3,0.49444444444444446,0.5244444444444445,-0.049303025502930475
-0.013902019372968736,rejected,fdr_null,0.013721685411056561,IF x23 = 1 THEN y = 1 increases,FullVerifier,0.9482071713147411,0.9880478087649402,weak validation effect; not significant after FDR correction; matched counterfactual contrast is weak; held-out effect does not replicate,3,0.47555555555555556,0.4911111111111111,-0.04475488549467488
0.5673213552724448,accepted,support,0.6189402480270575,IF x2 = 1 THEN y = 1 increases,NoSupport,0.00398406374501992,0.02151394422310757,passes all verification gates,3,0.014444444444444444,0.02666666666666667,0.5650684931506849
0.1947204999959903,accepted,valid,0.14914517430720253,IF x0 = 1 THEN y = 1 increases,NoSupport,0.00398406374501992,0.02151394422310757,passes all verification gates,3,0.47444444444444445,0.4922222222222222,0.1936764945591773
0.11361132305375148,accepted,redundant,0.14757160647571604,IF x6 = 1 THEN y = 1 increases,NoSupport,0.00398406374501992,0.02151394422310757,passes all verification gates,3,0.4866666666666667,0.49333333333333335,0.18314366998577525
0.5224478460411527,rejected,holdout,-0.5838023594285403,IF x5 = 1 THEN y = 1 increases,NoSupport,0.00398406374501992,0.02151394422310757,held-out effect does not replicate,3,0.5322222222222223,0.4388888888888889,0.5647324226093495
0.0,rejected,counterfactual,0.17490416991059166,IF x4 = 1 THEN y = 1 increases,NoSupport,0.00398406374501992,0.02151394422310757,matched counterfactual contrast is weak,3,0.5322222222222223,0.5122222222222222,0.2533365615997707
0.07597711009813721,rejected,fdr_null,0.009695783668386415,IF x19 = 1 THEN y = 1 increases,NoSupport,0.00796812749003984,0.035856573705179286,held-out effect does not replicate,3,0.4866666666666667,0.5088888888888888,0.08476753146673516
0.065005974661593,rejected,statistical,0.14880147142124095,IF x3 = 1 THEN y = 1 increases,NoSupport,0.20717131474103587,0.5593625498007968,not significant after FDR correction,3,0.24555555555555555,0.05333333333333334,0.07482394366197181
0.008246756127137461,rejected,fdr_null,-0.00991350993573753,IF x22 = 1 THEN y = 1 increases,NoSupport,0.1952191235059761,0.5593625498007968,weak validation effect; not significant after FDR correction; matched counterfactual contrast is weak; held-out effect does not replicate,3,0.5077777777777778,0.5166666666666667,0.033370411568409364
0.025711100992308403,rejected,fdr_null,0.0014667318547491037,IF x14 = 1 THEN y = 1 increases,NoSupport,0.17131474103585656,0.5593625498007968,weak validation effect; not significant after FDR correction; matched counterfactual contrast is weak; held-out effect does not replicate,3,0.5033333333333333,0.47333333333333333,0.03476555535746123
0.037862742226175784,rejected,fdr_null,0.0005786035378886334,IF x21 = 1 THEN y = 1 increases,NoSupport,0.18326693227091634,0.5593625498007968,weak validation effect; not significant after FDR correction; matched counterfactual contrast is weak; held-out effect does not replicate,3,0.4811111111111111,0.5366666666666666,0.030832476875642334
-0.002518113503513982,rejected,fdr_null,-0.06244912545414838,IF x12 = 1 THEN y = 1 increases,NoSupport,0.350597609561753,0.6454183266932271,weak validation effect; not significant after FDR correction; matched counterfactual contrast is weak; held-out effect does not replicate,3,0.5355555555555556,0.5122222222222222,0.013193068450778
0.010525632234664713,rejected,fdr_null,0.06075825592248546,IF x9 = 1 THEN y = 1 increases,NoSupport,0.3426294820717131,0.6454183266932271,weak validation effect; not significant after FDR correction; matched counterfactual contrast is weak; held-out effect does not replicate,3,0.49666666666666665,0.48333333333333334,0.015572858731924377
0.011339419471288255,rejected,fdr_null,-0.023407369316271465,IF x11 = 1 THEN y = 1 increases,NoSupport,0.38247011952191234,0.6454183266932271,weak validation effect; not significant after FDR correction; matched counterfactual contrast is weak; held-out effect does not replicate,3,0.4822222222222222,0.48444444444444446,0.009490667510281547
-0.014183596420477918,rejected,fdr_null,-0.020186066316451368,IF x26 = 1 THEN y = 1 increases,NoSupport,0.35856573705179284,0.6454183266932271,weak validation effect; not significant after FDR correction; matched counterfactual contrast is weak; held-out effect does not replicate,3,0.47444444444444445,0.4955555555555556,0.019853420517176645
0.006914392748476153,rejected,fdr_null,0.007527504342790925,IF x7 = 1 THEN y = 1 increases,NoSupport,0.32669322709163345,0.6454183266932271,weak validation effect; not significant after FDR correction; matched counterfactual contrast is weak; held-out effect does not replicate,3,0.4766666666666667,0.5166666666666667,0.020022246941045596
-0.005064514500169442,rejected,fdr_null,0.007114624505928868,IF x25 = 1 THEN y = 1 increases,NoSupport,0.3466135458167331,0.6454183266932271,weak validation effect; not significant after FDR correction; matched counterfactual contrast is weak; held-out effect does not replicate,3,0.5111111111111111,0.5033333333333333,0.012889461753855747
0.025036905343655637,rejected,fdr_null,-0.007341490545050067,IF x27 = 1 THEN y = 1 increases,NoSupport,0.4860557768924303,0.7719709397703305,weak validation effect; not significant after FDR correction; matched counterfactual contrast is weak; held-out effect does not replicate,3,0.48333333333333334,0.4988888888888889,0.0060741040696496995
0.003415149515757975,rejected,fdr_null,0.03454169156981196,IF x17 = 1 THEN y = 1 increases,NoSupport,0.6215139442231076,0.8832040260012581,weak validation effect; not significant after FDR correction; matched counterfactual contrast is weak; held-out effect does not replicate,3,0.5077777777777778,0.5344444444444445,-0.01056867405316092
0.0003781019453824995,rejected,fdr_null,-0.0016894228299314529,IF x10 = 1 THEN y = 1 increases,NoSupport,0.6055776892430279,0.8832040260012581,weak validation effect; not significant after FDR correction; matched counterfactual contrast is weak; held-out effect does not replicate,3,0.4911111111111111,0.46111111111111114,-0.0007452490373866527
-0.009173949318076318,rejected,fdr_null,0.07389001956173802,IF x8 = 1 THEN y = 1 increases,NoSupport,0.7569721115537849,0.9732498577120092,weak validation effect; not significant after FDR correction; matched counterfactual contrast is weak,3,0.4911111111111111,0.5244444444444445,-0.013662284175510853
-0.018160112196909075,rejected,fdr_null,-0.0047114833764643205,IF x24 = 1 THEN y = 1 increases,NoSupport,0.7290836653386454,0.9732498577120092,weak validation effect; not significant after FDR correction; matched counterfactual contrast is weak; held-out effect does not replicate,3,0.5044444444444445,0.4866666666666667,-0.020458993061732822
-0.03008701991356272,rejected,fdr_null,0.05748024873972862,IF x20 = 1 THEN y = 1 increases,NoSupport,0.796812749003984,0.9779065555957985,weak validation effect; not significant after FDR correction; matched counterfactual contrast is weak; held-out effect does not replicate,3,0.47888888888888886,0.48,-0.02403846153846151
-0.06720828575009392,rejected,fdr_null,-0.054830519798672706,IF x13 = 1 THEN y = 1 increases,NoSupport,0.9880478087649402,0.9880478087649402,weak validation effect; not significant after FDR correction; matched counterfactual contrast is weak; held-out effect does not replicate,3,0.4766666666666667,0.5144444444444445,-0.08347707469443638
-0.055437037791669024,rejected,fdr_null,-0.03193381960505248,IF x18 = 1 THEN y = 1 increases,NoSupport,0.9760956175298805,0.9880478087649402,weak validation effect; not significant after FDR correction; matched counterfactual contrast is weak; held-out effect does not replicate,3,0.5133333333333333,0.48444444444444446,-0.05279183802594112
-0.06876938676088516,rejected,fdr_null,0.029645762033868206,IF x15 = 1 THEN y = 1 increases,NoSupport,0.9880478087649402,0.9880478087649402,weak validation effect; not significant after FDR correction; matched counterfactual contrast is weak; held-out effect does not replicate,3,0.49666666666666665,0.48,-0.0641025641025641
-0.05244073399746658,rejected,fdr_null,-0.029114705519199924,IF x16 = 1 THEN y = 1 increases,NoSupport,0.9601593625498008,0.9880478087649402,weak validation effect; not significant after FDR correction; matched counterfactual contrast is weak; held-out effect does not replicate,3,0.49444444444444446,0.5244444444444445,-0.049303025502930475
-0.013902019372968736,rejected,fdr_null,0.013721685411056561,IF x23 = 1 THEN y = 1 increases,NoSupport,0.9482071713147411,0.9880478087649402,weak validation effect; not significant after FDR correction; matched counterfactual contrast is weak; held-out effect does not replicate,3,0.47555555555555556,0.4911111111111111,-0.04475488549467488
0.1947204999959903,accepted,valid,0.14914517430720253,IF x0 = 1 THEN y = 1 increases,NoStatTest,0.00398406374501992,0.02151394422310757,passes all verification gates,3,0.47444444444444445,0.4922222222222222,0.1936764945591773
0.11361132305375148,accepted,redundant,0.14757160647571604,IF x6 = 1 THEN y = 1 increases,NoStatTest,0.00398406374501992,0.02151394422310757,passes all verification gates,3,0.4866666666666667,0.49333333333333335,0.18314366998577525
0.065005974661593,accepted,statistical,0.14880147142124095,IF x3 = 1 THEN y = 1 increases,NoStatTest,0.20717131474103587,0.5593625498007968,passes all verification gates,3,0.24555555555555555,0.05333333333333334,0.07482394366197181
0.5673213552724448,rejected,support,0.6189402480270575,IF x2 = 1 THEN y = 1 increases,NoStatTest,0.00398406374501992,0.02151394422310757,insufficient support,3,0.014444444444444444,0.02666666666666667,0.5650684931506849
0.5224478460411527,rejected,holdout,-0.5838023594285403,IF x5 = 1 THEN y = 1 increases,NoStatTest,0.00398406374501992,0.02151394422310757,held-out effect does not replicate,3,0.5322222222222223,0.4388888888888889,0.5647324226093495
0.0,rejected,counterfactual,0.17490416991059166,IF x4 = 1 THEN y = 1 increases,NoStatTest,0.00398406374501992,0.02151394422310757,matched counterfactual contrast is weak,3,0.5322222222222223,0.5122222222222222,0.2533365615997707
0.07597711009813721,rejected,fdr_null,0.009695783668386415,IF x19 = 1 THEN y = 1 increases,NoStatTest,0.00796812749003984,0.035856573705179286,held-out effect does not replicate,3,0.4866666666666667,0.5088888888888888,0.08476753146673516
0.008246756127137461,rejected,fdr_null,-0.00991350993573753,IF x22 = 1 THEN y = 1 increases,NoStatTest,0.1952191235059761,0.5593625498007968,weak validation effect; matched counterfactual contrast is weak; held-out effect does not replicate,3,0.5077777777777778,0.5166666666666667,0.033370411568409364
0.025711100992308403,rejected,fdr_null,0.0014667318547491037,IF x14 = 1 THEN y = 1 increases,NoStatTest,0.17131474103585656,0.5593625498007968,weak validation effect; matched counterfactual contrast is weak; held-out effect does not replicate,3,0.5033333333333333,0.47333333333333333,0.03476555535746123
0.037862742226175784,rejected,fdr_null,0.0005786035378886334,IF x21 = 1 THEN y = 1 increases,NoStatTest,0.18326693227091634,0.5593625498007968,weak validation effect; matched counterfactual contrast is weak; held-out effect does not replicate,3,0.4811111111111111,0.5366666666666666,0.030832476875642334
-0.002518113503513982,rejected,fdr_null,-0.06244912545414838,IF x12 = 1 THEN y = 1 increases,NoStatTest,0.350597609561753,0.6454183266932271,weak validation effect; matched counterfactual contrast is weak; held-out effect does not replicate,3,0.5355555555555556,0.5122222222222222,0.013193068450778
0.010525632234664713,rejected,fdr_null,0.06075825592248546,IF x9 = 1 THEN y = 1 increases,NoStatTest,0.3426294820717131,0.6454183266932271,weak validation effect; matched counterfactual contrast is weak; held-out effect does not replicate,3,0.49666666666666665,0.48333333333333334,0.015572858731924377
0.011339419471288255,rejected,fdr_null,-0.023407369316271465,IF x11 = 1 THEN y = 1 increases,NoStatTest,0.38247011952191234,0.6454183266932271,weak validation effect; matched counterfactual contrast is weak; held-out effect does not replicate,3,0.4822222222222222,0.48444444444444446,0.009490667510281547
-0.014183596420477918,rejected,fdr_null,-0.020186066316451368,IF x26 = 1 THEN y = 1 increases,NoStatTest,0.35856573705179284,0.6454183266932271,weak validation effect; matched counterfactual contrast is weak; held-out effect does not replicate,3,0.47444444444444445,0.4955555555555556,0.019853420517176645
0.006914392748476153,rejected,fdr_null,0.007527504342790925,IF x7 = 1 THEN y = 1 increases,NoStatTest,0.32669322709163345,0.6454183266932271,weak validation effect; matched counterfactual contrast is weak; held-out effect does not replicate,3,0.4766666666666667,0.5166666666666667,0.020022246941045596
-0.005064514500169442,rejected,fdr_null,0.007114624505928868,IF x25 = 1 THEN y = 1 increases,NoStatTest,0.3466135458167331,0.6454183266932271,weak validation effect; matched counterfactual contrast is weak; held-out effect does not replicate,3,0.5111111111111111,0.5033333333333333,0.012889461753855747
0.025036905343655637,rejected,fdr_null,-0.007341490545050067,IF x27 = 1 THEN y = 1 increases,NoStatTest,0.4860557768924303,0.7719709397703305,weak validation effect; matched counterfactual contrast is weak; held-out effect does not replicate,3,0.48333333333333334,0.4988888888888889,0.0060741040696496995
0.003415149515757975,rejected,fdr_null,0.03454169156981196,IF x17 = 1 THEN y = 1 increases,NoStatTest,0.6215139442231076,0.8832040260012581,weak validation effect; matched counterfactual contrast is weak; held-out effect does not replicate,3,0.5077777777777778,0.5344444444444445,-0.01056867405316092
0.0003781019453824995,rejected,fdr_null,-0.0016894228299314529,IF x10 = 1 THEN y = 1 increases,NoStatTest,0.6055776892430279,0.8832040260012581,weak validation effect; matched counterfactual contrast is weak; held-out effect does not replicate,3,0.4911111111111111,0.46111111111111114,-0.0007452490373866527
-0.009173949318076318,rejected,fdr_null,0.07389001956173802,IF x8 = 1 THEN y = 1 increases,NoStatTest,0.7569721115537849,0.9732498577120092,weak validation effect; matched counterfactual contrast is weak,3,0.4911111111111111,0.5244444444444445,-0.013662284175510853
-0.018160112196909075,rejected,fdr_null,-0.0047114833764643205,IF x24 = 1 THEN y = 1 increases,NoStatTest,0.7290836653386454,0.9732498577120092,weak validation effect; matched counterfactual contrast is weak; held-out effect does not replicate,3,0.5044444444444445,0.4866666666666667,-0.020458993061732822
-0.03008701991356272,rejected,fdr_null,0.05748024873972862,IF x20 = 1 THEN y = 1 increases,NoStatTest,0.796812749003984,0.9779065555957985,weak validation effect; matched counterfactual contrast is weak; held-out effect does not replicate,3,0.47888888888888886,0.48,-0.02403846153846151
-0.06720828575009392,rejected,fdr_null,-0.054830519798672706,IF x13 = 1 THEN y = 1 increases,NoStatTest,0.9880478087649402,0.9880478087649402,weak validation effect; matched counterfactual contrast is weak; held-out effect does not replicate,3,0.4766666666666667,0.5144444444444445,-0.08347707469443638
-0.055437037791669024,rejected,fdr_null,-0.03193381960505248,IF x18 = 1 THEN y = 1 increases,NoStatTest,0.9760956175298805,0.9880478087649402,weak validation effect; matched counterfactual contrast is weak; held-out effect does not replicate,3,0.5133333333333333,0.48444444444444446,-0.05279183802594112
-0.06876938676088516,rejected,fdr_null,0.029645762033868206,IF x15 = 1 THEN y = 1 increases,NoStatTest,0.9880478087649402,0.9880478087649402,weak validation effect; matched counterfactual contrast is weak; held-out effect does not replicate,3,0.49666666666666665,0.48,-0.0641025641025641
-0.05244073399746658,rejected,fdr_null,-0.029114705519199924,IF x16 = 1 THEN y = 1 increases,NoStatTest,0.9601593625498008,0.9880478087649402,weak validation effect; matched counterfactual contrast is weak; held-out effect does not replicate,3,0.49444444444444446,0.5244444444444445,-0.049303025502930475
-0.013902019372968736,rejected,fdr_null,0.013721685411056561,IF x23 = 1 THEN y = 1 increases,NoStatTest,0.9482071713147411,0.9880478087649402,weak validation effect; matched counterfactual contrast is weak; held-out effect does not replicate,3,0.47555555555555556,0.4911111111111111,-0.04475488549467488
0.1947204999959903,accepted,valid,0.14914517430720253,IF x0 = 1 THEN y = 1 increases,NoFDR,0.00398406374501992,0.00398406374501992,passes all verification gates,3,0.47444444444444445,0.4922222222222222,0.1936764945591773
0.11361132305375148,accepted,redundant,0.14757160647571604,IF x6 = 1 THEN y = 1 increases,NoFDR,0.00398406374501992,0.00398406374501992,passes all verification gates,3,0.4866666666666667,0.49333333333333335,0.18314366998577525
0.5673213552724448,rejected,support,0.6189402480270575,IF x2 = 1 THEN y = 1 increases,NoFDR,0.00398406374501992,0.00398406374501992,insufficient support,3,0.014444444444444444,0.02666666666666667,0.5650684931506849
0.5224478460411527,rejected,holdout,-0.5838023594285403,IF x5 = 1 THEN y = 1 increases,NoFDR,0.00398406374501992,0.00398406374501992,held-out effect does not replicate,3,0.5322222222222223,0.4388888888888889,0.5647324226093495
0.0,rejected,counterfactual,0.17490416991059166,IF x4 = 1 THEN y = 1 increases,NoFDR,0.00398406374501992,0.00398406374501992,matched counterfactual contrast is weak,3,0.5322222222222223,0.5122222222222222,0.2533365615997707
0.07597711009813721,rejected,fdr_null,0.009695783668386415,IF x19 = 1 THEN y = 1 increases,NoFDR,0.00796812749003984,0.00796812749003984,held-out effect does not replicate,3,0.4866666666666667,0.5088888888888888,0.08476753146673516
0.025711100992308403,rejected,fdr_null,0.0014667318547491037,IF x14 = 1 THEN y = 1 increases,NoFDR,0.17131474103585656,0.17131474103585656,weak validation effect; not significant after raw p-value test; matched counterfactual contrast is weak; held-out effect does not replicate,3,0.5033333333333333,0.47333333333333333,0.03476555535746123
0.037862742226175784,rejected,fdr_null,0.0005786035378886334,IF x21 = 1 THEN y = 1 increases,NoFDR,0.18326693227091634,0.18326693227091634,weak validation effect; not significant after raw p-value test; matched counterfactual contrast is weak; held-out effect does not replicate,3,0.4811111111111111,0.5366666666666666,0.030832476875642334
0.008246756127137461,rejected,fdr_null,-0.00991350993573753,IF x22 = 1 THEN y = 1 increases,NoFDR,0.1952191235059761,0.1952191235059761,weak validation effect; not significant after raw p-value test; matched counterfactual contrast is weak; held-out effect does not replicate,3,0.5077777777777778,0.5166666666666667,0.033370411568409364
0.065005974661593,rejected,statistical,0.14880147142124095,IF x3 = 1 THEN y = 1 increases,NoFDR,0.20717131474103587,0.20717131474103587,not significant after raw p-value test,3,0.24555555555555555,0.05333333333333334,0.07482394366197181
0.006914392748476153,rejected,fdr_null,0.007527504342790925,IF x7 = 1 THEN y = 1 increases,NoFDR,0.32669322709163345,0.32669322709163345,weak validation effect; not significant after raw p-value test; matched counterfactual contrast is weak; held-out effect does not replicate,3,0.4766666666666667,0.5166666666666667,0.020022246941045596
0.010525632234664713,rejected,fdr_null,0.06075825592248546,IF x9 = 1 THEN y = 1 increases,NoFDR,0.3426294820717131,0.3426294820717131,weak validation effect; not significant after raw p-value test; matched counterfactual contrast is weak; held-out effect does not replicate,3,0.49666666666666665,0.48333333333333334,0.015572858731924377
-0.005064514500169442,rejected,fdr_null,0.007114624505928868,IF x25 = 1 THEN y = 1 increases,NoFDR,0.3466135458167331,0.3466135458167331,weak validation effect; not significant after raw p-value test; matched counterfactual contrast is weak; held-out effect does not replicate,3,0.5111111111111111,0.5033333333333333,0.012889461753855747
-0.002518113503513982,rejected,fdr_null,-0.06244912545414838,IF x12 = 1 THEN y = 1 increases,NoFDR,0.350597609561753,0.350597609561753,weak validation effect; not significant after raw p-value test; matched counterfactual contrast is weak; held-out effect does not replicate,3,0.5355555555555556,0.5122222222222222,0.013193068450778
-0.014183596420477918,rejected,fdr_null,-0.020186066316451368,IF x26 = 1 THEN y = 1 increases,NoFDR,0.35856573705179284,0.35856573705179284,weak validation effect; not significant after raw p-value test; matched counterfactual contrast is weak; held-out effect does not replicate,3,0.47444444444444445,0.4955555555555556,0.019853420517176645
0.011339419471288255,rejected,fdr_null,-0.023407369316271465,IF x11 = 1 THEN y = 1 increases,NoFDR,0.38247011952191234,0.38247011952191234,weak validation effect; not significant after raw p-value test; matched counterfactual contrast is weak; held-out effect does not replicate,3,0.4822222222222222,0.48444444444444446,0.009490667510281547
0.025036905343655637,rejected,fdr_null,-0.007341490545050067,IF x27 = 1 THEN y = 1 increases,NoFDR,0.4860557768924303,0.4860557768924303,weak validation effect; not significant after raw p-value test; matched counterfactual contrast is weak; held-out effect does not replicate,3,0.48333333333333334,0.4988888888888889,0.0060741040696496995
0.0003781019453824995,rejected,fdr_null,-0.0016894228299314529,IF x10 = 1 THEN y = 1 increases,NoFDR,0.6055776892430279,0.6055776892430279,weak validation effect; not significant after raw p-value test; matched counterfactual contrast is weak; held-out effect does not replicate,3,0.4911111111111111,0.46111111111111114,-0.0007452490373866527
0.003415149515757975,rejected,fdr_null,0.03454169156981196,IF x17 = 1 THEN y = 1 increases,NoFDR,0.6215139442231076,0.6215139442231076,weak validation effect; not significant after raw p-value test; matched counterfactual contrast is weak; held-out effect does not replicate,3,0.5077777777777778,0.5344444444444445,-0.01056867405316092
-0.018160112196909075,rejected,fdr_null,-0.0047114833764643205,IF x24 = 1 THEN y = 1 increases,NoFDR,0.7290836653386454,0.7290836653386454,weak validation effect; not significant after raw p-value test; matched counterfactual contrast is weak; held-out effect does not replicate,3,0.5044444444444445,0.4866666666666667,-0.020458993061732822
-0.009173949318076318,rejected,fdr_null,0.07389001956173802,IF x8 = 1 THEN y = 1 increases,NoFDR,0.7569721115537849,0.7569721115537849,weak validation effect; not significant after raw p-value test; matched counterfactual contrast is weak,3,0.4911111111111111,0.5244444444444445,-0.013662284175510853
-0.03008701991356272,rejected,fdr_null,0.05748024873972862,IF x20 = 1 THEN y = 1 increases,NoFDR,0.796812749003984,0.796812749003984,weak validation effect; not significant after raw p-value test; matched counterfactual contrast is weak; held-out effect does not replicate,3,0.47888888888888886,0.48,-0.02403846153846151
-0.013902019372968736,rejected,fdr_null,0.013721685411056561,IF x23 = 1 THEN y = 1 increases,NoFDR,0.9482071713147411,0.9482071713147411,weak validation effect; not significant after raw p-value test; matched counterfactual contrast is weak; held-out effect does not replicate,3,0.47555555555555556,0.4911111111111111,-0.04475488549467488
-0.05244073399746658,rejected,fdr_null,-0.029114705519199924,IF x16 = 1 THEN y = 1 increases,NoFDR,0.9601593625498008,0.9601593625498008,weak validation effect; not significant after raw p-value test; matched counterfactual contrast is weak; held-out effect does not replicate,3,0.49444444444444446,0.5244444444444445,-0.049303025502930475
-0.055437037791669024,rejected,fdr_null,-0.03193381960505248,IF x18 = 1 THEN y = 1 increases,NoFDR,0.9760956175298805,0.9760956175298805,weak validation effect; not significant after raw p-value test; matched counterfactual contrast is weak; held-out effect does not replicate,3,0.5133333333333333,0.48444444444444446,-0.05279183802594112
-0.06720828575009392,rejected,fdr_null,-0.054830519798672706,IF x13 = 1 THEN y = 1 increases,NoFDR,0.9880478087649402,0.9880478087649402,weak validation effect; not significant after raw p-value test; matched counterfactual contrast is weak; held-out effect does not replicate,3,0.4766666666666667,0.5144444444444445,-0.08347707469443638
-0.06876938676088516,rejected,fdr_null,0.029645762033868206,IF x15 = 1 THEN y = 1 increases,NoFDR,0.9880478087649402,0.9880478087649402,weak validation effect; not significant after raw p-value test; matched counterfactual contrast is weak; held-out effect does not replicate,3,0.49666666666666665,0.48,-0.0641025641025641
0.0,accepted,counterfactual,0.17490416991059166,IF x4 = 1 THEN y = 1 increases,NoCounterfactual,0.00398406374501992,0.02151394422310757,passes all verification gates,3,0.5322222222222223,0.5122222222222222,0.2533365615997707
0.1947204999959903,accepted,valid,0.14914517430720253,IF x0 = 1 THEN y = 1 increases,NoCounterfactual,0.00398406374501992,0.02151394422310757,passes all verification gates,3,0.47444444444444445,0.4922222222222222,0.1936764945591773
0.11361132305375148,accepted,redundant,0.14757160647571604,IF x6 = 1 THEN y = 1 increases,NoCounterfactual,0.00398406374501992,0.02151394422310757,passes all verification gates,3,0.4866666666666667,0.49333333333333335,0.18314366998577525
0.5673213552724448,rejected,support,0.6189402480270575,IF x2 = 1 THEN y = 1 increases,NoCounterfactual,0.00398406374501992,0.02151394422310757,insufficient support,3,0.014444444444444444,0.02666666666666667,0.5650684931506849
0.5224478460411527,rejected,holdout,-0.5838023594285403,IF x5 = 1 THEN y = 1 increases,NoCounterfactual,0.00398406374501992,0.02151394422310757,held-out effect does not replicate,3,0.5322222222222223,0.4388888888888889,0.5647324226093495
0.07597711009813721,rejected,fdr_null,0.009695783668386415,IF x19 = 1 THEN y = 1 increases,NoCounterfactual,0.00796812749003984,0.035856573705179286,held-out effect does not replicate,3,0.4866666666666667,0.5088888888888888,0.08476753146673516
0.065005974661593,rejected,statistical,0.14880147142124095,IF x3 = 1 THEN y = 1 increases,NoCounterfactual,0.20717131474103587,0.5593625498007968,not significant after FDR correction,3,0.24555555555555555,0.05333333333333334,0.07482394366197181
0.008246756127137461,rejected,fdr_null,-0.00991350993573753,IF x22 = 1 THEN y = 1 increases,NoCounterfactual,0.1952191235059761,0.5593625498007968,weak validation effect; not significant after FDR correction; held-out effect does not replicate,3,0.5077777777777778,0.5166666666666667,0.033370411568409364
0.025711100992308403,rejected,fdr_null,0.0014667318547491037,IF x14 = 1 THEN y = 1 increases,NoCounterfactual,0.17131474103585656,0.5593625498007968,weak validation effect; not significant after FDR correction; held-out effect does not replicate,3,0.5033333333333333,0.47333333333333333,0.03476555535746123
0.037862742226175784,rejected,fdr_null,0.0005786035378886334,IF x21 = 1 THEN y = 1 increases,NoCounterfactual,0.18326693227091634,0.5593625498007968,weak validation effect; not significant after FDR correction; held-out effect does not replicate,3,0.4811111111111111,0.5366666666666666,0.030832476875642334
-0.002518113503513982,rejected,fdr_null,-0.06244912545414838,IF x12 = 1 THEN y = 1 increases,NoCounterfactual,0.350597609561753,0.6454183266932271,weak validation effect; not significant after FDR correction; held-out effect does not replicate,3,0.5355555555555556,0.5122222222222222,0.013193068450778
0.010525632234664713,rejected,fdr_null,0.06075825592248546,IF x9 = 1 THEN y = 1 increases,NoCounterfactual,0.3426294820717131,0.6454183266932271,weak validation effect; not significant after FDR correction; held-out effect does not replicate,3,0.49666666666666665,0.48333333333333334,0.015572858731924377
0.011339419471288255,rejected,fdr_null,-0.023407369316271465,IF x11 = 1 THEN y = 1 increases,NoCounterfactual,0.38247011952191234,0.6454183266932271,weak validation effect; not significant after FDR correction; held-out effect does not replicate,3,0.4822222222222222,0.48444444444444446,0.009490667510281547
-0.014183596420477918,rejected,fdr_null,-0.020186066316451368,IF x26 = 1 THEN y = 1 increases,NoCounterfactual,0.35856573705179284,0.6454183266932271,weak validation effect; not significant after FDR correction; held-out effect does not replicate,3,0.47444444444444445,0.4955555555555556,0.019853420517176645
0.006914392748476153,rejected,fdr_null,0.007527504342790925,IF x7 = 1 THEN y = 1 increases,NoCounterfactual,0.32669322709163345,0.6454183266932271,weak validation effect; not significant after FDR correction; held-out effect does not replicate,3,0.4766666666666667,0.5166666666666667,0.020022246941045596
-0.005064514500169442,rejected,fdr_null,0.007114624505928868,IF x25 = 1 THEN y = 1 increases,NoCounterfactual,0.3466135458167331,0.6454183266932271,weak validation effect; not significant after FDR correction; held-out effect does not replicate,3,0.5111111111111111,0.5033333333333333,0.012889461753855747
0.025036905343655637,rejected,fdr_null,-0.007341490545050067,IF x27 = 1 THEN y = 1 increases,NoCounterfactual,0.4860557768924303,0.7719709397703305,weak validation effect; not significant after FDR correction; held-out effect does not replicate,3,0.48333333333333334,0.4988888888888889,0.0060741040696496995
0.003415149515757975,rejected,fdr_null,0.03454169156981196,IF x17 = 1 THEN y = 1 increases,NoCounterfactual,0.6215139442231076,0.8832040260012581,weak validation effect; not significant after FDR correction; held-out effect does not replicate,3,0.5077777777777778,0.5344444444444445,-0.01056867405316092
0.0003781019453824995,rejected,fdr_null,-0.0016894228299314529,IF x10 = 1 THEN y = 1 increases,NoCounterfactual,0.6055776892430279,0.8832040260012581,weak validation effect; not significant after FDR correction; held-out effect does not replicate,3,0.4911111111111111,0.46111111111111114,-0.0007452490373866527
-0.009173949318076318,rejected,fdr_null,0.07389001956173802,IF x8 = 1 THEN y = 1 increases,NoCounterfactual,0.7569721115537849,0.9732498577120092,weak validation effect; not significant after FDR correction,3,0.4911111111111111,0.5244444444444445,-0.013662284175510853
-0.018160112196909075,rejected,fdr_null,-0.0047114833764643205,IF x24 = 1 THEN y = 1 increases,NoCounterfactual,0.7290836653386454,0.9732498577120092,weak validation effect; not significant after FDR correction; held-out effect does not replicate,3,0.5044444444444445,0.4866666666666667,-0.020458993061732822
-0.03008701991356272,rejected,fdr_null,0.05748024873972862,IF x20 = 1 THEN y = 1 increases,NoCounterfactual,0.796812749003984,0.9779065555957985,weak validation effect; not significant after FDR correction; held-out effect does not replicate,3,0.47888888888888886,0.48,-0.02403846153846151
-0.06720828575009392,rejected,fdr_null,-0.054830519798672706,IF x13 = 1 THEN y = 1 increases,NoCounterfactual,0.9880478087649402,0.9880478087649402,weak validation effect; not significant after FDR correction; held-out effect does not replicate,3,0.4766666666666667,0.5144444444444445,-0.08347707469443638
-0.055437037791669024,rejected,fdr_null,-0.03193381960505248,IF x18 = 1 THEN y = 1 increases,NoCounterfactual,0.9760956175298805,0.9880478087649402,weak validation effect; not significant after FDR correction; held-out effect does not replicate,3,0.5133333333333333,0.48444444444444446,-0.05279183802594112
-0.06876938676088516,rejected,fdr_null,0.029645762033868206,IF x15 = 1 THEN y = 1 increases,NoCounterfactual,0.9880478087649402,0.9880478087649402,weak validation effect; not significant after FDR correction; held-out effect does not replicate,3,0.49666666666666665,0.48,-0.0641025641025641
-0.05244073399746658,rejected,fdr_null,-0.029114705519199924,IF x16 = 1 THEN y = 1 increases,NoCounterfactual,0.9601593625498008,0.9880478087649402,weak validation effect; not significant after FDR correction; held-out effect does not replicate,3,0.49444444444444446,0.5244444444444445,-0.049303025502930475
-0.013902019372968736,rejected,fdr_null,0.013721685411056561,IF x23 = 1 THEN y = 1 increases,NoCounterfactual,0.9482071713147411,0.9880478087649402,weak validation effect; not significant after FDR correction; held-out effect does not replicate,3,0.47555555555555556,0.4911111111111111,-0.04475488549467488
0.5224478460411527,accepted,holdout,-0.5838023594285403,IF x5 = 1 THEN y = 1 increases,NoHeldout,0.00398406374501992,0.02151394422310757,passes all verification gates,3,0.5322222222222223,0.4388888888888889,0.5647324226093495
0.1947204999959903,accepted,valid,0.14914517430720253,IF x0 = 1 THEN y = 1 increases,NoHeldout,0.00398406374501992,0.02151394422310757,passes all verification gates,3,0.47444444444444445,0.4922222222222222,0.1936764945591773
0.11361132305375148,accepted,redundant,0.14757160647571604,IF x6 = 1 THEN y = 1 increases,NoHeldout,0.00398406374501992,0.02151394422310757,passes all verification gates,3,0.4866666666666667,0.49333333333333335,0.18314366998577525
0.07597711009813721,accepted,fdr_null,0.009695783668386415,IF x19 = 1 THEN y = 1 increases,NoHeldout,0.00796812749003984,0.035856573705179286,passes all verification gates,3,0.4866666666666667,0.5088888888888888,0.08476753146673516
0.5673213552724448,rejected,support,0.6189402480270575,IF x2 = 1 THEN y = 1 increases,NoHeldout,0.00398406374501992,0.02151394422310757,insufficient support,3,0.014444444444444444,0.02666666666666667,0.5650684931506849
0.0,rejected,counterfactual,0.17490416991059166,IF x4 = 1 THEN y = 1 increases,NoHeldout,0.00398406374501992,0.02151394422310757,matched counterfactual contrast is weak,3,0.5322222222222223,0.5122222222222222,0.2533365615997707
0.065005974661593,rejected,statistical,0.14880147142124095,IF x3 = 1 THEN y = 1 increases,NoHeldout,0.20717131474103587,0.5593625498007968,not significant after FDR correction,3,0.24555555555555555,0.05333333333333334,0.07482394366197181
0.008246756127137461,rejected,fdr_null,-0.00991350993573753,IF x22 = 1 THEN y = 1 increases,NoHeldout,0.1952191235059761,0.5593625498007968,weak validation effect; not significant after FDR correction; matched counterfactual contrast is weak,3,0.5077777777777778,0.5166666666666667,0.033370411568409364
0.025711100992308403,rejected,fdr_null,0.0014667318547491037,IF x14 = 1 THEN y = 1 increases,NoHeldout,0.17131474103585656,0.5593625498007968,weak validation effect; not significant after FDR correction; matched counterfactual contrast is weak,3,0.5033333333333333,0.47333333333333333,0.03476555535746123
0.037862742226175784,rejected,fdr_null,0.0005786035378886334,IF x21 = 1 THEN y = 1 increases,NoHeldout,0.18326693227091634,0.5593625498007968,weak validation effect; not significant after FDR correction; matched counterfactual contrast is weak,3,0.4811111111111111,0.5366666666666666,0.030832476875642334
-0.002518113503513982,rejected,fdr_null,-0.06244912545414838,IF x12 = 1 THEN y = 1 increases,NoHeldout,0.350597609561753,0.6454183266932271,weak validation effect; not significant after FDR correction; matched counterfactual contrast is weak,3,0.5355555555555556,0.5122222222222222,0.013193068450778
0.010525632234664713,rejected,fdr_null,0.06075825592248546,IF x9 = 1 THEN y = 1 increases,NoHeldout,0.3426294820717131,0.6454183266932271,weak validation effect; not significant after FDR correction; matched counterfactual contrast is weak,3,0.49666666666666665,0.48333333333333334,0.015572858731924377
0.011339419471288255,rejected,fdr_null,-0.023407369316271465,IF x11 = 1 THEN y = 1 increases,NoHeldout,0.38247011952191234,0.6454183266932271,weak validation effect; not significant after FDR correction; matched counterfactual contrast is weak,3,0.4822222222222222,0.48444444444444446,0.009490667510281547
-0.014183596420477918,rejected,fdr_null,-0.020186066316451368,IF x26 = 1 THEN y = 1 increases,NoHeldout,0.35856573705179284,0.6454183266932271,weak validation effect; not significant after FDR correction; matched counterfactual contrast is weak,3,0.47444444444444445,0.4955555555555556,0.019853420517176645
0.006914392748476153,rejected,fdr_null,0.007527504342790925,IF x7 = 1 THEN y = 1 increases,NoHeldout,0.32669322709163345,0.6454183266932271,weak validation effect; not significant after FDR correction; matched counterfactual contrast is weak,3,0.4766666666666667,0.5166666666666667,0.020022246941045596
-0.005064514500169442,rejected,fdr_null,0.007114624505928868,IF x25 = 1 THEN y = 1 increases,NoHeldout,0.3466135458167331,0.6454183266932271,weak validation effect; not significant after FDR correction; matched counterfactual contrast is weak,3,0.5111111111111111,0.5033333333333333,0.012889461753855747
0.025036905343655637,rejected,fdr_null,-0.007341490545050067,IF x27 = 1 THEN y = 1 increases,NoHeldout,0.4860557768924303,0.7719709397703305,weak validation effect; not significant after FDR correction; matched counterfactual contrast is weak,3,0.48333333333333334,0.4988888888888889,0.0060741040696496995
0.003415149515757975,rejected,fdr_null,0.03454169156981196,IF x17 = 1 THEN y = 1 increases,NoHeldout,0.6215139442231076,0.8832040260012581,weak validation effect; not significant after FDR correction; matched counterfactual contrast is weak,3,0.5077777777777778,0.5344444444444445,-0.01056867405316092
0.0003781019453824995,rejected,fdr_null,-0.0016894228299314529,IF x10 = 1 THEN y = 1 increases,NoHeldout,0.6055776892430279,0.8832040260012581,weak validation effect; not significant after FDR correction; matched counterfactual contrast is weak,3,0.4911111111111111,0.46111111111111114,-0.0007452490373866527
-0.009173949318076318,rejected,fdr_null,0.07389001956173802,IF x8 = 1 THEN y = 1 increases,NoHeldout,0.7569721115537849,0.9732498577120092,weak validation effect; not significant after FDR correction; matched counterfactual contrast is weak,3,0.4911111111111111,0.5244444444444445,-0.013662284175510853
-0.018160112196909075,rejected,fdr_null,-0.0047114833764643205,IF x24 = 1 THEN y = 1 increases,NoHeldout,0.7290836653386454,0.9732498577120092,weak validation effect; not significant after FDR correction; matched counterfactual contrast is weak,3,0.5044444444444445,0.4866666666666667,-0.020458993061732822
-0.03008701991356272,rejected,fdr_null,0.05748024873972862,IF x20 = 1 THEN y = 1 increases,NoHeldout,0.796812749003984,0.9779065555957985,weak validation effect; not significant after FDR correction; matched counterfactual contrast is weak,3,0.47888888888888886,0.48,-0.02403846153846151
-0.06720828575009392,rejected,fdr_null,-0.054830519798672706,IF x13 = 1 THEN y = 1 increases,NoHeldout,0.9880478087649402,0.9880478087649402,weak validation effect; not significant after FDR correction; matched counterfactual contrast is weak,3,0.4766666666666667,0.5144444444444445,-0.08347707469443638
-0.055437037791669024,rejected,fdr_null,-0.03193381960505248,IF x18 = 1 THEN y = 1 increases,NoHeldout,0.9760956175298805,0.9880478087649402,weak validation effect; not significant after FDR correction; matched counterfactual contrast is weak,3,0.5133333333333333,0.48444444444444446,-0.05279183802594112
-0.06876938676088516,rejected,fdr_null,0.029645762033868206,IF x15 = 1 THEN y = 1 increases,NoHeldout,0.9880478087649402,0.9880478087649402,weak validation effect; not significant after FDR correction; matched counterfactual contrast is weak,3,0.49666666666666665,0.48,-0.0641025641025641
-0.05244073399746658,rejected,fdr_null,-0.029114705519199924,IF x16 = 1 THEN y = 1 increases,NoHeldout,0.9601593625498008,0.9880478087649402,weak validation effect; not significant after FDR correction; matched counterfactual contrast is weak,3,0.49444444444444446,0.5244444444444445,-0.049303025502930475
-0.013902019372968736,rejected,fdr_null,0.013721685411056561,IF x23 = 1 THEN y = 1 increases,NoHeldout,0.9482071713147411,0.9880478087649402,weak validation effect; not significant after FDR correction; matched counterfactual contrast is weak,3,0.47555555555555556,0.4911111111111111,-0.04475488549467488
0.0,accepted,counterfactual,0.17490416991059166,IF x4 = 1 THEN y = 1 increases,NoEffect,0.00398406374501992,0.02151394422310757,passes all verification gates,3,0.5322222222222223,0.5122222222222222,0.2533365615997707
0.1947204999959903,accepted,valid,0.14914517430720253,IF x0 = 1 THEN y = 1 increases,NoEffect,0.00398406374501992,0.02151394422310757,passes all verification gates,3,0.47444444444444445,0.4922222222222222,0.1936764945591773
0.11361132305375148,accepted,redundant,0.14757160647571604,IF x6 = 1 THEN y = 1 increases,NoEffect,0.00398406374501992,0.02151394422310757,passes all verification gates,3,0.4866666666666667,0.49333333333333335,0.18314366998577525
0.5673213552724448,rejected,support,0.6189402480270575,IF x2 = 1 THEN y = 1 increases,NoEffect,0.00398406374501992,0.02151394422310757,insufficient support,3,0.014444444444444444,0.02666666666666667,0.5650684931506849
0.5224478460411527,rejected,holdout,-0.5838023594285403,IF x5 = 1 THEN y = 1 increases,NoEffect,0.00398406374501992,0.02151394422310757,held-out effect does not replicate,3,0.5322222222222223,0.4388888888888889,0.5647324226093495
0.07597711009813721,rejected,fdr_null,0.009695783668386415,IF x19 = 1 THEN y = 1 increases,NoEffect,0.00796812749003984,0.035856573705179286,held-out effect does not replicate,3,0.4866666666666667,0.5088888888888888,0.08476753146673516
0.065005974661593,rejected,statistical,0.14880147142124095,IF x3 = 1 THEN y = 1 increases,NoEffect,0.20717131474103587,0.5593625498007968,not significant after FDR correction,3,0.24555555555555555,0.05333333333333334,0.07482394366197181
0.008246756127137461,rejected,fdr_null,-0.00991350993573753,IF x22 = 1 THEN y = 1 increases,NoEffect,0.1952191235059761,0.5593625498007968,not significant after FDR correction; held-out effect does not replicate,3,0.5077777777777778,0.5166666666666667,0.033370411568409364
0.025711100992308403,rejected,fdr_null,0.0014667318547491037,IF x14 = 1 THEN y = 1 increases,NoEffect,0.17131474103585656,0.5593625498007968,not significant after FDR correction; held-out effect does not replicate,3,0.5033333333333333,0.47333333333333333,0.03476555535746123
0.037862742226175784,rejected,fdr_null,0.0005786035378886334,IF x21 = 1 THEN y = 1 increases,NoEffect,0.18326693227091634,0.5593625498007968,not significant after FDR correction; held-out effect does not replicate,3,0.4811111111111111,0.5366666666666666,0.030832476875642334
-0.002518113503513982,rejected,fdr_null,-0.06244912545414838,IF x12 = 1 THEN y = 1 increases,NoEffect,0.350597609561753,0.6454183266932271,not significant after FDR correction; held-out effect does not replicate,3,0.5355555555555556,0.5122222222222222,0.013193068450778
0.010525632234664713,rejected,fdr_null,0.06075825592248546,IF x9 = 1 THEN y = 1 increases,NoEffect,0.3426294820717131,0.6454183266932271,not significant after FDR correction; held-out effect does not replicate,3,0.49666666666666665,0.48333333333333334,0.015572858731924377
0.011339419471288255,rejected,fdr_null,-0.023407369316271465,IF x11 = 1 THEN y = 1 increases,NoEffect,0.38247011952191234,0.6454183266932271,not significant after FDR correction; held-out effect does not replicate,3,0.4822222222222222,0.48444444444444446,0.009490667510281547
-0.014183596420477918,rejected,fdr_null,-0.020186066316451368,IF x26 = 1 THEN y = 1 increases,NoEffect,0.35856573705179284,0.6454183266932271,not significant after FDR correction; held-out effect does not replicate,3,0.47444444444444445,0.4955555555555556,0.019853420517176645
0.006914392748476153,rejected,fdr_null,0.007527504342790925,IF x7 = 1 THEN y = 1 increases,NoEffect,0.32669322709163345,0.6454183266932271,not significant after FDR correction; held-out effect does not replicate,3,0.4766666666666667,0.5166666666666667,0.020022246941045596
-0.005064514500169442,rejected,fdr_null,0.007114624505928868,IF x25 = 1 THEN y = 1 increases,NoEffect,0.3466135458167331,0.6454183266932271,not significant after FDR correction; held-out effect does not replicate,3,0.5111111111111111,0.5033333333333333,0.012889461753855747
0.025036905343655637,rejected,fdr_null,-0.007341490545050067,IF x27 = 1 THEN y = 1 increases,NoEffect,0.4860557768924303,0.7719709397703305,not significant after FDR correction; held-out effect does not replicate,3,0.48333333333333334,0.4988888888888889,0.0060741040696496995
0.003415149515757975,rejected,fdr_null,0.03454169156981196,IF x17 = 1 THEN y = 1 increases,NoEffect,0.6215139442231076,0.8832040260012581,not significant after FDR correction; held-out effect does not replicate,3,0.5077777777777778,0.5344444444444445,-0.01056867405316092
0.0003781019453824995,rejected,fdr_null,-0.0016894228299314529,IF x10 = 1 THEN y = 1 increases,NoEffect,0.6055776892430279,0.8832040260012581,not significant after FDR correction; held-out effect does not replicate,3,0.4911111111111111,0.46111111111111114,-0.0007452490373866527
-0.009173949318076318,rejected,fdr_null,0.07389001956173802,IF x8 = 1 THEN y = 1 increases,NoEffect,0.7569721115537849,0.9732498577120092,not significant after FDR correction,3,0.4911111111111111,0.5244444444444445,-0.013662284175510853
-0.018160112196909075,rejected,fdr_null,-0.0047114833764643205,IF x24 = 1 THEN y = 1 increases,NoEffect,0.7290836653386454,0.9732498577120092,not significant after FDR correction; held-out effect does not replicate,3,0.5044444444444445,0.4866666666666667,-0.020458993061732822
-0.03008701991356272,rejected,fdr_null,0.05748024873972862,IF x20 = 1 THEN y = 1 increases,NoEffect,0.796812749003984,0.9779065555957985,not significant after FDR correction; held-out effect does not replicate,3,0.47888888888888886,0.48,-0.02403846153846151
-0.06720828575009392,rejected,fdr_null,-0.054830519798672706,IF x13 = 1 THEN y = 1 increases,NoEffect,0.9880478087649402,0.9880478087649402,not significant after FDR correction; held-out effect does not replicate,3,0.4766666666666667,0.5144444444444445,-0.08347707469443638
-0.055437037791669024,rejected,fdr_null,-0.03193381960505248,IF x18 = 1 THEN y = 1 increases,NoEffect,0.9760956175298805,0.9880478087649402,not significant after FDR correction; held-out effect does not replicate,3,0.5133333333333333,0.48444444444444446,-0.05279183802594112
-0.06876938676088516,rejected,fdr_null,0.029645762033868206,IF x15 = 1 THEN y = 1 increases,NoEffect,0.9880478087649402,0.9880478087649402,not significant after FDR correction; held-out effect does not replicate,3,0.49666666666666665,0.48,-0.0641025641025641
-0.05244073399746658,rejected,fdr_null,-0.029114705519199924,IF x16 = 1 THEN y = 1 increases,NoEffect,0.9601593625498008,0.9880478087649402,not significant after FDR correction; held-out effect does not replicate,3,0.49444444444444446,0.5244444444444445,-0.049303025502930475
-0.013902019372968736,rejected,fdr_null,0.013721685411056561,IF x23 = 1 THEN y = 1 increases,NoEffect,0.9482071713147411,0.9880478087649402,not significant after FDR correction; held-out effect does not replicate,3,0.47555555555555556,0.4911111111111111,-0.04475488549467488
0.17252071439159827,accepted,valid,0.1039387578713421,IF x0 = 1 THEN y = 1 increases,FullVerifier,0.00398406374501992,0.02151394422310757,passes all verification gates,4,0.5055555555555555,0.5144444444444445,0.16906455263899256
0.48392836753743185,rejected,holdout,-0.6246391239422598,IF x5 = 1 THEN y = 1 increases,FullVerifier,0.00398406374501992,0.02151394422310757,held-out effect does not replicate,4,0.5444444444444444,0.4388888888888889,0.5301666875548314
0.66509007277126,rejected,support,0.37842465753424653,IF x2 = 1 THEN y = 1 increases,FullVerifier,0.00398406374501992,0.02151394422310757,insufficient support,4,0.02666666666666667,0.016666666666666666,0.6655367231638418
0.0,rejected,counterfactual,0.22150944892819613,IF x4 = 1 THEN y = 1 increases,FullVerifier,0.00398406374501992,0.02151394422310757,matched counterfactual contrast is weak,4,0.5311111111111111,0.4988888888888889,0.2615370940103408
-0.03212390728805391,rejected,redundant,0.08908250355618774,IF x6 = 1 THEN y = 1 increases,FullVerifier,0.00398406374501992,0.02151394422310757,matched counterfactual contrast is weak,4,0.49333333333333335,0.5133333333333333,0.1394473106801874
0.16902735615851888,rejected,statistical,0.14130248009622542,IF x3 = 1 THEN y = 1 increases,FullVerifier,0.00796812749003984,0.035856573705179286,insufficient support,4,0.2633333333333333,0.04888888888888889,0.1862786745964316
0.06273306072318816,rejected,fdr_null,0.058641670452974026,IF x12 = 1 THEN y = 1 increases,FullVerifier,0.01195219123505976,0.04610130904951622,held-out effect does not replicate,4,0.4955555555555556,0.47333333333333333,0.07484994354311525
0.041788344382230586,rejected,fdr_null,-0.011111111111111072,IF x23 = 1 THEN y = 1 increases,FullVerifier,0.05179282868525897,0.17480079681274902,not significant after FDR correction; matched counterfactual contrast is weak; held-out effect does not replicate,4,0.5,0.5011111111111111,0.06290895263680318
0.047836124923404666,rejected,fdr_null,-0.006718725225939415,IF x27 = 1 THEN y = 1 increases,FullVerifier,0.1553784860557769,0.46613545816733065,weak validation effect; not significant after FDR correction; held-out effect does not replicate,4,0.5288888888888889,0.5077777777777778,0.04037026243387287
0.02655637038805858,rejected,fdr_null,-0.019016633373548808,IF x7 = 1 THEN y = 1 increases,FullVerifier,0.1952191235059761,0.5270916334661354,weak validation effect; not significant after FDR correction; matched counterfactual contrast is weak; held-out effect does not replicate,4,0.5177777777777778,0.5155555555555555,0.025189813350205648
0.024399650950386553,rejected,fdr_null,-0.028055666711128913,IF x15 = 1 THEN y = 1 increases,FullVerifier,0.2788844621513944,0.6274900398406374,weak validation effect; not significant after FDR correction; matched counterfactual contrast is weak; held-out effect does not replicate,4,0.51,0.4855555555555556,0.022206186891776336
0.039646351438403934,rejected,fdr_null,0.015922433730652885,IF x11 = 1 THEN y = 1 increases,FullVerifier,0.27091633466135456,0.6274900398406374,weak validation effect; not significant after FDR correction; matched counterfactual contrast is weak; held-out effect does not replicate,4,0.4866666666666667,0.49777777777777776,0.02307206068268014
0.01830443081617633,rejected,fdr_null,0.03897951020045337,IF x18 = 1 THEN y = 1 increases,FullVerifier,0.3346613545816733,0.6950658902850138,weak validation effect; not significant after FDR correction; matched counterfactual contrast is weak; held-out effect does not replicate,4,0.49666666666666665,0.5066666666666667,0.01523233760075865
0.006771409071005,rejected,fdr_null,-0.0916409433263366,IF x24 = 1 THEN y = 1 increases,FullVerifier,0.41832669322709165,0.6992031872509961,weak validation effect; not significant after FDR correction; matched counterfactual contrast is weak; held-out effect does not replicate,4,0.5055555555555555,0.5133333333333333,0.006019095060190993
-0.005853895187685294,rejected,fdr_null,0.057437320678126846,IF x25 = 1 THEN y = 1 increases,FullVerifier,0.5179282868525896,0.6992031872509961,weak validation effect; not significant after FDR correction; matched counterfactual contrast is weak; held-out effect does not replicate,4,0.4988888888888889,0.5055555555555555,0.0034325225336461207
-0.005249254457165191,rejected,fdr_null,0.04753012316037525,IF x16 = 1 THEN y = 1 increases,FullVerifier,0.4701195219123506,0.6992031872509961,weak validation effect; not significant after FDR correction; matched counterfactual contrast is weak; held-out effect does not replicate,4,0.51,0.4888888888888889,0.004249011857707485
0.0039475134311558815,rejected,fdr_null,0.04655707211374355,IF x21 = 1 THEN y = 1 increases,FullVerifier,0.4940239043824701,0.6992031872509961,weak validation effect; not significant after FDR correction; matched counterfactual contrast is weak; held-out effect does not replicate,4,0.5211111111111111,0.5177777777777778,0.008771582840529257
0.023061401145057094,rejected,fdr_null,0.02293222122848715,IF x9 = 1 THEN y = 1 increases,FullVerifier,0.36254980079681276,0.6992031872509961,weak validation effect; not significant after FDR correction; matched counterfactual contrast is weak; held-out effect does not replicate,4,0.48777777777777775,0.5022222222222222,0.012484197218710469
0.0044288045588582485,rejected,fdr_null,0.01780745412220569,IF x10 = 1 THEN y = 1 increases,FullVerifier,0.4820717131474104,0.6992031872509961,weak validation effect; not significant after FDR correction; matched counterfactual contrast is weak; held-out effect does not replicate,4,0.4855555555555556,0.52,0.005698005698005659
0.014017640271208236,rejected,fdr_null,-0.004623044096728313,IF x22 = 1 THEN y = 1 increases,FullVerifier,0.4342629482071713,0.6992031872509961,weak validation effect; not significant after FDR correction; matched counterfactual contrast is weak; held-out effect does not replicate,4,0.5066666666666667,0.5044444444444445,0.009413089429288257
-0.0142558087194611,rejected,fdr_null,-0.012311658295924233,IF x14 = 1 THEN y = 1 increases,FullVerifier,0.5577689243027888,0.7171314741035856,weak validation effect; not significant after FDR correction; matched counterfactual contrast is weak; held-out effect does not replicate,4,0.5033333333333333,0.5066666666666667,-0.0025486012328117535
4.560489897931674e-05,rejected,fdr_null,0.05272525027808678,IF x17 = 1 THEN y = 1 increases,FullVerifier,0.7091633466135459,0.8324961025463365,weak validation effect; not significant after FDR correction; matched counterfactual contrast is weak; held-out effect does not replicate,4,0.48333333333333334,0.49777777777777776,-0.012484197218710469
-0.019000927841652263,rejected,fdr_null,0.04773441980973481,IF x13 = 1 THEN y = 1 increases,FullVerifier,0.701195219123506,0.8324961025463365,weak validation effect; not significant after FDR correction; matched counterfactual contrast is weak; held-out effect does not replicate,4,0.5177777777777778,0.5,-0.015555555555555545
-0.019143529626997714,rejected,fdr_null,-0.007683787899764649,IF x19 = 1 THEN y = 1 increases,FullVerifier,0.7649402390438247,0.8605577689243028,weak validation effect; not significant after FDR correction; matched counterfactual contrast is weak; held-out effect does not replicate,4,0.4822222222222222,0.4955555555555556,-0.018302680705635954
-0.04071035834733394,rejected,fdr_null,0.014193714071235264,IF x8 = 1 THEN y = 1 increases,FullVerifier,0.8446215139442231,0.8895188476861784,weak validation effect; not significant after FDR correction; matched counterfactual contrast is weak; held-out effect does not replicate,4,0.4955555555555556,0.47444444444444445,-0.033653346272484674
-0.029190589057467495,rejected,fdr_null,0.0008593271567136074,IF x26 = 1 THEN y = 1 increases,FullVerifier,0.8565737051792829,0.8895188476861784,weak validation effect; not significant after FDR correction; matched counterfactual contrast is weak; held-out effect does not replicate,4,0.4955555555555556,0.5011111111111111,-0.03042484160415604
-0.04718314667734904,rejected,fdr_null,-0.058298764440876005,IF x20 = 1 THEN y = 1 increases,FullVerifier,0.8924302788844621,0.8924302788844621,weak validation effect; not significant after FDR correction; matched counterfactual contrast is weak; held-out effect does not replicate,4,0.47,0.5166666666666667,-0.038635520949202806
0.66509007277126,accepted,support,0.37842465753424653,IF x2 = 1 THEN y = 1 increases,NoSupport,0.00398406374501992,0.02151394422310757,passes all verification gates,4,0.02666666666666667,0.016666666666666666,0.6655367231638418
0.17252071439159827,accepted,valid,0.1039387578713421,IF x0 = 1 THEN y = 1 increases,NoSupport,0.00398406374501992,0.02151394422310757,passes all verification gates,4,0.5055555555555555,0.5144444444444445,0.16906455263899256
0.16902735615851888,accepted,statistical,0.14130248009622542,IF x3 = 1 THEN y = 1 increases,NoSupport,0.00796812749003984,0.035856573705179286,passes all verification gates,4,0.2633333333333333,0.04888888888888889,0.1862786745964316
0.48392836753743185,rejected,holdout,-0.6246391239422598,IF x5 = 1 THEN y = 1 increases,NoSupport,0.00398406374501992,0.02151394422310757,held-out effect does not replicate,4,0.5444444444444444,0.4388888888888889,0.5301666875548314
0.0,rejected,counterfactual,0.22150944892819613,IF x4 = 1 THEN y = 1 increases,NoSupport,0.00398406374501992,0.02151394422310757,matched counterfactual contrast is weak,4,0.5311111111111111,0.4988888888888889,0.2615370940103408
-0.03212390728805391,rejected,redundant,0.08908250355618774,IF x6 = 1 THEN y = 1 increases,NoSupport,0.00398406374501992,0.02151394422310757,matched counterfactual contrast is weak,4,0.49333333333333335,0.5133333333333333,0.1394473106801874
0.06273306072318816,rejected,fdr_null,0.058641670452974026,IF x12 = 1 THEN y = 1 increases,NoSupport,0.01195219123505976,0.04610130904951622,held-out effect does not replicate,4,0.4955555555555556,0.47333333333333333,0.07484994354311525
0.041788344382230586,rejected,fdr_null,-0.011111111111111072,IF x23 = 1 THEN y = 1 increases,NoSupport,0.05179282868525897,0.17480079681274902,not significant after FDR correction; matched counterfactual contrast is weak; held-out effect does not replicate,4,0.5,0.5011111111111111,0.06290895263680318
0.047836124923404666,rejected,fdr_null,-0.006718725225939415,IF x27 = 1 THEN y = 1 increases,NoSupport,0.1553784860557769,0.46613545816733065,weak validation effect; not significant after FDR correction; held-out effect does not replicate,4,0.5288888888888889,0.5077777777777778,0.04037026243387287
0.02655637038805858,rejected,fdr_null,-0.019016633373548808,IF x7 = 1 THEN y = 1 increases,NoSupport,0.1952191235059761,0.5270916334661354,weak validation effect; not significant after FDR correction; matched counterfactual contrast is weak; held-out effect does not replicate,4,0.5177777777777778,0.5155555555555555,0.025189813350205648
0.024399650950386553,rejected,fdr_null,-0.028055666711128913,IF x15 = 1 THEN y = 1 increases,NoSupport,0.2788844621513944,0.6274900398406374,weak validation effect; not significant after FDR correction; matched counterfactual contrast is weak; held-out effect does not replicate,4,0.51,0.4855555555555556,0.022206186891776336
0.039646351438403934,rejected,fdr_null,0.015922433730652885,IF x11 = 1 THEN y = 1 increases,NoSupport,0.27091633466135456,0.6274900398406374,weak validation effect; not significant after FDR correction; matched counterfactual contrast is weak; held-out effect does not replicate,4,0.4866666666666667,0.49777777777777776,0.02307206068268014
0.01830443081617633,rejected,fdr_null,0.03897951020045337,IF x18 = 1 THEN y = 1 increases,NoSupport,0.3346613545816733,0.6950658902850138,weak validation effect; not significant after FDR correction; matched counterfactual contrast is weak; held-out effect does not replicate,4,0.49666666666666665,0.5066666666666667,0.01523233760075865
0.006771409071005,rejected,fdr_null,-0.0916409433263366,IF x24 = 1 THEN y = 1 increases,NoSupport,0.41832669322709165,0.6992031872509961,weak validation effect; not significant after FDR correction; matched counterfactual contrast is weak; held-out effect does not replicate,4,0.5055555555555555,0.5133333333333333,0.006019095060190993
-0.005853895187685294,rejected,fdr_null,0.057437320678126846,IF x25 = 1 THEN y = 1 increases,NoSupport,0.5179282868525896,0.6992031872509961,weak validation effect; not significant after FDR correction; matched counterfactual contrast is weak; held-out effect does not replicate,4,0.4988888888888889,0.5055555555555555,0.0034325225336461207
-0.005249254457165191,rejected,fdr_null,0.04753012316037525,IF x16 = 1 THEN y = 1 increases,NoSupport,0.4701195219123506,0.6992031872509961,weak validation effect; not significant after FDR correction; matched counterfactual contrast is weak; held-out effect does not replicate,4,0.51,0.4888888888888889,0.004249011857707485
0.0039475134311558815,rejected,fdr_null,0.04655707211374355,IF x21 = 1 THEN y = 1 increases,NoSupport,0.4940239043824701,0.6992031872509961,weak validation effect; not significant after FDR correction; matched counterfactual contrast is weak; held-out effect does not replicate,4,0.5211111111111111,0.5177777777777778,0.008771582840529257
0.023061401145057094,rejected,fdr_null,0.02293222122848715,IF x9 = 1 THEN y = 1 increases,NoSupport,0.36254980079681276,0.6992031872509961,weak validation effect; not significant after FDR correction; matched counterfactual contrast is weak; held-out effect does not replicate,4,0.48777777777777775,0.5022222222222222,0.012484197218710469
0.0044288045588582485,rejected,fdr_null,0.01780745412220569,IF x10 = 1 THEN y = 1 increases,NoSupport,0.4820717131474104,0.6992031872509961,weak validation effect; not significant after FDR correction; matched counterfactual contrast is weak; held-out effect does not replicate,4,0.4855555555555556,0.52,0.005698005698005659
0.014017640271208236,rejected,fdr_null,-0.004623044096728313,IF x22 = 1 THEN y = 1 increases,NoSupport,0.4342629482071713,0.6992031872509961,weak validation effect; not significant after FDR correction; matched counterfactual contrast is weak; held-out effect does not replicate,4,0.5066666666666667,0.5044444444444445,0.009413089429288257
-0.0142558087194611,rejected,fdr_null,-0.012311658295924233,IF x14 = 1 THEN y = 1 increases,NoSupport,0.5577689243027888,0.7171314741035856,weak validation effect; not significant after FDR correction; matched counterfactual contrast is weak; held-out effect does not replicate,4,0.5033333333333333,0.5066666666666667,-0.0025486012328117535
4.560489897931674e-05,rejected,fdr_null,0.05272525027808678,IF x17 = 1 THEN y = 1 increases,NoSupport,0.7091633466135459,0.8324961025463365,weak validation effect; not significant after FDR correction; matched counterfactual contrast is weak; held-out effect does not replicate,4,0.48333333333333334,0.49777777777777776,-0.012484197218710469
-0.019000927841652263,rejected,fdr_null,0.04773441980973481,IF x13 = 1 THEN y = 1 increases,NoSupport,0.701195219123506,0.8324961025463365,weak validation effect; not significant after FDR correction; matched counterfactual contrast is weak; held-out effect does not replicate,4,0.5177777777777778,0.5,-0.015555555555555545
-0.019143529626997714,rejected,fdr_null,-0.007683787899764649,IF x19 = 1 THEN y = 1 increases,NoSupport,0.7649402390438247,0.8605577689243028,weak validation effect; not significant after FDR correction; matched counterfactual contrast is weak; held-out effect does not replicate,4,0.4822222222222222,0.4955555555555556,-0.018302680705635954
-0.04071035834733394,rejected,fdr_null,0.014193714071235264,IF x8 = 1 THEN y = 1 increases,NoSupport,0.8446215139442231,0.8895188476861784,weak validation effect; not significant after FDR correction; matched counterfactual contrast is weak; held-out effect does not replicate,4,0.4955555555555556,0.47444444444444445,-0.033653346272484674
-0.029190589057467495,rejected,fdr_null,0.0008593271567136074,IF x26 = 1 THEN y = 1 increases,NoSupport,0.8565737051792829,0.8895188476861784,weak validation effect; not significant after FDR correction; matched counterfactual contrast is weak; held-out effect does not replicate,4,0.4955555555555556,0.5011111111111111,-0.03042484160415604
-0.04718314667734904,rejected,fdr_null,-0.058298764440876005,IF x20 = 1 THEN y = 1 increases,NoSupport,0.8924302788844621,0.8924302788844621,weak validation effect; not significant after FDR correction; matched counterfactual contrast is weak; held-out effect does not replicate,4,0.47,0.5166666666666667,-0.038635520949202806
0.17252071439159827,accepted,valid,0.1039387578713421,IF x0 = 1 THEN y = 1 increases,NoStatTest,0.00398406374501992,0.02151394422310757,passes all verification gates,4,0.5055555555555555,0.5144444444444445,0.16906455263899256
0.48392836753743185,rejected,holdout,-0.6246391239422598,IF x5 = 1 THEN y = 1 increases,NoStatTest,0.00398406374501992,0.02151394422310757,held-out effect does not replicate,4,0.5444444444444444,0.4388888888888889,0.5301666875548314
0.66509007277126,rejected,support,0.37842465753424653,IF x2 = 1 THEN y = 1 increases,NoStatTest,0.00398406374501992,0.02151394422310757,insufficient support,4,0.02666666666666667,0.016666666666666666,0.6655367231638418
0.0,rejected,counterfactual,0.22150944892819613,IF x4 = 1 THEN y = 1 increases,NoStatTest,0.00398406374501992,0.02151394422310757,matched counterfactual contrast is weak,4,0.5311111111111111,0.4988888888888889,0.2615370940103408
-0.03212390728805391,rejected,redundant,0.08908250355618774,IF x6 = 1 THEN y = 1 increases,NoStatTest,0.00398406374501992,0.02151394422310757,matched counterfactual contrast is weak,4,0.49333333333333335,0.5133333333333333,0.1394473106801874
0.16902735615851888,rejected,statistical,0.14130248009622542,IF x3 = 1 THEN y = 1 increases,NoStatTest,0.00796812749003984,0.035856573705179286,insufficient support,4,0.2633333333333333,0.04888888888888889,0.1862786745964316
0.06273306072318816,rejected,fdr_null,0.058641670452974026,IF x12 = 1 THEN y = 1 increases,NoStatTest,0.01195219123505976,0.04610130904951622,held-out effect does not replicate,4,0.4955555555555556,0.47333333333333333,0.07484994354311525
0.041788344382230586,rejected,fdr_null,-0.011111111111111072,IF x23 = 1 THEN y = 1 increases,NoStatTest,0.05179282868525897,0.17480079681274902,matched counterfactual contrast is weak; held-out effect does not replicate,4,0.5,0.5011111111111111,0.06290895263680318
0.047836124923404666,rejected,fdr_null,-0.006718725225939415,IF x27 = 1 THEN y = 1 increases,NoStatTest,0.1553784860557769,0.46613545816733065,weak validation effect; held-out effect does not replicate,4,0.5288888888888889,0.5077777777777778,0.04037026243387287
0.02655637038805858,rejected,fdr_null,-0.019016633373548808,IF x7 = 1 THEN y = 1 increases,NoStatTest,0.1952191235059761,0.5270916334661354,weak validation effect; matched counterfactual contrast is weak; held-out effect does not replicate,4,0.5177777777777778,0.5155555555555555,0.025189813350205648
0.024399650950386553,rejected,fdr_null,-0.028055666711128913,IF x15 = 1 THEN y = 1 increases,NoStatTest,0.2788844621513944,0.6274900398406374,weak validation effect; matched counterfactual contrast is weak; held-out effect does not replicate,4,0.51,0.4855555555555556,0.022206186891776336
0.039646351438403934,rejected,fdr_null,0.015922433730652885,IF x11 = 1 THEN y = 1 increases,NoStatTest,0.27091633466135456,0.6274900398406374,weak validation effect; matched counterfactual contrast is weak; held-out effect does not replicate,4,0.4866666666666667,0.49777777777777776,0.02307206068268014
0.01830443081617633,rejected,fdr_null,0.03897951020045337,IF x18 = 1 THEN y = 1 increases,NoStatTest,0.3346613545816733,0.6950658902850138,weak validation effect; matched counterfactual contrast is weak; held-out effect does not replicate,4,0.49666666666666665,0.5066666666666667,0.01523233760075865
0.006771409071005,rejected,fdr_null,-0.0916409433263366,IF x24 = 1 THEN y = 1 increases,NoStatTest,0.41832669322709165,0.6992031872509961,weak validation effect; matched counterfactual contrast is weak; held-out effect does not replicate,4,0.5055555555555555,0.5133333333333333,0.006019095060190993
-0.005853895187685294,rejected,fdr_null,0.057437320678126846,IF x25 = 1 THEN y = 1 increases,NoStatTest,0.5179282868525896,0.6992031872509961,weak validation effect; matched counterfactual contrast is weak; held-out effect does not replicate,4,0.4988888888888889,0.5055555555555555,0.0034325225336461207
-0.005249254457165191,rejected,fdr_null,0.04753012316037525,IF x16 = 1 THEN y = 1 increases,NoStatTest,0.4701195219123506,0.6992031872509961,weak validation effect; matched counterfactual contrast is weak; held-out effect does not replicate,4,0.51,0.4888888888888889,0.004249011857707485
0.0039475134311558815,rejected,fdr_null,0.04655707211374355,IF x21 = 1 THEN y = 1 increases,NoStatTest,0.4940239043824701,0.6992031872509961,weak validation effect; matched counterfactual contrast is weak; held-out effect does not replicate,4,0.5211111111111111,0.5177777777777778,0.008771582840529257
0.023061401145057094,rejected,fdr_null,0.02293222122848715,IF x9 = 1 THEN y = 1 increases,NoStatTest,0.36254980079681276,0.6992031872509961,weak validation effect; matched counterfactual contrast is weak; held-out effect does not replicate,4,0.48777777777777775,0.5022222222222222,0.012484197218710469
0.0044288045588582485,rejected,fdr_null,0.01780745412220569,IF x10 = 1 THEN y = 1 increases,NoStatTest,0.4820717131474104,0.6992031872509961,weak validation effect; matched counterfactual contrast is weak; held-out effect does not replicate,4,0.4855555555555556,0.52,0.005698005698005659
0.014017640271208236,rejected,fdr_null,-0.004623044096728313,IF x22 = 1 THEN y = 1 increases,NoStatTest,0.4342629482071713,0.6992031872509961,weak validation effect; matched counterfactual contrast is weak; held-out effect does not replicate,4,0.5066666666666667,0.5044444444444445,0.009413089429288257
-0.0142558087194611,rejected,fdr_null,-0.012311658295924233,IF x14 = 1 THEN y = 1 increases,NoStatTest,0.5577689243027888,0.7171314741035856,weak validation effect; matched counterfactual contrast is weak; held-out effect does not replicate,4,0.5033333333333333,0.5066666666666667,-0.0025486012328117535
4.560489897931674e-05,rejected,fdr_null,0.05272525027808678,IF x17 = 1 THEN y = 1 increases,NoStatTest,0.7091633466135459,0.8324961025463365,weak validation effect; matched counterfactual contrast is weak; held-out effect does not replicate,4,0.48333333333333334,0.49777777777777776,-0.012484197218710469
-0.019000927841652263,rejected,fdr_null,0.04773441980973481,IF x13 = 1 THEN y = 1 increases,NoStatTest,0.701195219123506,0.8324961025463365,weak validation effect; matched counterfactual contrast is weak; held-out effect does not replicate,4,0.5177777777777778,0.5,-0.015555555555555545
-0.019143529626997714,rejected,fdr_null,-0.007683787899764649,IF x19 = 1 THEN y = 1 increases,NoStatTest,0.7649402390438247,0.8605577689243028,weak validation effect; matched counterfactual contrast is weak; held-out effect does not replicate,4,0.4822222222222222,0.4955555555555556,-0.018302680705635954
-0.04071035834733394,rejected,fdr_null,0.014193714071235264,IF x8 = 1 THEN y = 1 increases,NoStatTest,0.8446215139442231,0.8895188476861784,weak validation effect; matched counterfactual contrast is weak; held-out effect does not replicate,4,0.4955555555555556,0.47444444444444445,-0.033653346272484674
-0.029190589057467495,rejected,fdr_null,0.0008593271567136074,IF x26 = 1 THEN y = 1 increases,NoStatTest,0.8565737051792829,0.8895188476861784,weak validation effect; matched counterfactual contrast is weak; held-out effect does not replicate,4,0.4955555555555556,0.5011111111111111,-0.03042484160415604
-0.04718314667734904,rejected,fdr_null,-0.058298764440876005,IF x20 = 1 THEN y = 1 increases,NoStatTest,0.8924302788844621,0.8924302788844621,weak validation effect; matched counterfactual contrast is weak; held-out effect does not replicate,4,0.47,0.5166666666666667,-0.038635520949202806
0.17252071439159827,accepted,valid,0.1039387578713421,IF x0 = 1 THEN y = 1 increases,NoFDR,0.00398406374501992,0.00398406374501992,passes all verification gates,4,0.5055555555555555,0.5144444444444445,0.16906455263899256
0.48392836753743185,rejected,holdout,-0.6246391239422598,IF x5 = 1 THEN y = 1 increases,NoFDR,0.00398406374501992,0.00398406374501992,held-out effect does not replicate,4,0.5444444444444444,0.4388888888888889,0.5301666875548314
0.66509007277126,rejected,support,0.37842465753424653,IF x2 = 1 THEN y = 1 increases,NoFDR,0.00398406374501992,0.00398406374501992,insufficient support,4,0.02666666666666667,0.016666666666666666,0.6655367231638418
0.0,rejected,counterfactual,0.22150944892819613,IF x4 = 1 THEN y = 1 increases,NoFDR,0.00398406374501992,0.00398406374501992,matched counterfactual contrast is weak,4,0.5311111111111111,0.4988888888888889,0.2615370940103408
-0.03212390728805391,rejected,redundant,0.08908250355618774,IF x6 = 1 THEN y = 1 increases,NoFDR,0.00398406374501992,0.00398406374501992,matched counterfactual contrast is weak,4,0.49333333333333335,0.5133333333333333,0.1394473106801874
0.16902735615851888,rejected,statistical,0.14130248009622542,IF x3 = 1 THEN y = 1 increases,NoFDR,0.00796812749003984,0.00796812749003984,insufficient support,4,0.2633333333333333,0.04888888888888889,0.1862786745964316
0.06273306072318816,rejected,fdr_null,0.058641670452974026,IF x12 = 1 THEN y = 1 increases,NoFDR,0.01195219123505976,0.01195219123505976,held-out effect does not replicate,4,0.4955555555555556,0.47333333333333333,0.07484994354311525
0.041788344382230586,rejected,fdr_null,-0.011111111111111072,IF x23 = 1 THEN y = 1 increases,NoFDR,0.05179282868525897,0.05179282868525897,not significant after raw p-value test; matched counterfactual contrast is weak; held-out effect does not replicate,4,0.5,0.5011111111111111,0.06290895263680318
0.047836124923404666,rejected,fdr_null,-0.006718725225939415,IF x27 = 1 THEN y = 1 increases,NoFDR,0.1553784860557769,0.1553784860557769,weak validation effect; not significant after raw p-value test; held-out effect does not replicate,4,0.5288888888888889,0.5077777777777778,0.04037026243387287
0.02655637038805858,rejected,fdr_null,-0.019016633373548808,IF x7 = 1 THEN y = 1 increases,NoFDR,0.1952191235059761,0.1952191235059761,weak validation effect; not significant after raw p-value test; matched counterfactual contrast is weak; held-out effect does not replicate,4,0.5177777777777778,0.5155555555555555,0.025189813350205648
0.039646351438403934,rejected,fdr_null,0.015922433730652885,IF x11 = 1 THEN y = 1 increases,NoFDR,0.27091633466135456,0.27091633466135456,weak validation effect; not significant after raw p-value test; matched counterfactual contrast is weak; held-out effect does not replicate,4,0.4866666666666667,0.49777777777777776,0.02307206068268014
0.024399650950386553,rejected,fdr_null,-0.028055666711128913,IF x15 = 1 THEN y = 1 increases,NoFDR,0.2788844621513944,0.2788844621513944,weak validation effect; not significant after raw p-value test; matched counterfactual contrast is weak; held-out effect does not replicate,4,0.51,0.4855555555555556,0.022206186891776336
0.01830443081617633,rejected,fdr_null,0.03897951020045337,IF x18 = 1 THEN y = 1 increases,NoFDR,0.3346613545816733,0.3346613545816733,weak validation effect; not significant after raw p-value test; matched counterfactual contrast is weak; held-out effect does not replicate,4,0.49666666666666665,0.5066666666666667,0.01523233760075865
0.023061401145057094,rejected,fdr_null,0.02293222122848715,IF x9 = 1 THEN y = 1 increases,NoFDR,0.36254980079681276,0.36254980079681276,weak validation effect; not significant after raw p-value test; matched counterfactual contrast is weak; held-out effect does not replicate,4,0.48777777777777775,0.5022222222222222,0.012484197218710469
0.006771409071005,rejected,fdr_null,-0.0916409433263366,IF x24 = 1 THEN y = 1 increases,NoFDR,0.41832669322709165,0.41832669322709165,weak validation effect; not significant after raw p-value test; matched counterfactual contrast is weak; held-out effect does not replicate,4,0.5055555555555555,0.5133333333333333,0.006019095060190993
0.014017640271208236,rejected,fdr_null,-0.004623044096728313,IF x22 = 1 THEN y = 1 increases,NoFDR,0.4342629482071713,0.4342629482071713,weak validation effect; not significant after raw p-value test; matched counterfactual contrast is weak; held-out effect does not replicate,4,0.5066666666666667,0.5044444444444445,0.009413089429288257
-0.005249254457165191,rejected,fdr_null,0.04753012316037525,IF x16 = 1 THEN y = 1 increases,NoFDR,0.4701195219123506,0.4701195219123506,weak validation effect; not significant after raw p-value test; matched counterfactual contrast is weak; held-out effect does not replicate,4,0.51,0.4888888888888889,0.004249011857707485
0.0044288045588582485,rejected,fdr_null,0.01780745412220569,IF x10 = 1 THEN y = 1 increases,NoFDR,0.4820717131474104,0.4820717131474104,weak validation effect; not significant after raw p-value test; matched counterfactual contrast is weak; held-out effect does not replicate,4,0.4855555555555556,0.52,0.005698005698005659
0.0039475134311558815,rejected,fdr_null,0.04655707211374355,IF x21 = 1 THEN y = 1 increases,NoFDR,0.4940239043824701,0.4940239043824701,weak validation effect; not significant after raw p-value test; matched counterfactual contrast is weak; held-out effect does not replicate,4,0.5211111111111111,0.5177777777777778,0.008771582840529257
-0.005853895187685294,rejected,fdr_null,0.057437320678126846,IF x25 = 1 THEN y = 1 increases,NoFDR,0.5179282868525896,0.5179282868525896,weak validation effect; not significant after raw p-value test; matched counterfactual contrast is weak; held-out effect does not replicate,4,0.4988888888888889,0.5055555555555555,0.0034325225336461207
-0.0142558087194611,rejected,fdr_null,-0.012311658295924233,IF x14 = 1 THEN y = 1 increases,NoFDR,0.5577689243027888,0.5577689243027888,weak validation effect; not significant after raw p-value test; matched counterfactual contrast is weak; held-out effect does not replicate,4,0.5033333333333333,0.5066666666666667,-0.0025486012328117535
-0.019000927841652263,rejected,fdr_null,0.04773441980973481,IF x13 = 1 THEN y = 1 increases,NoFDR,0.701195219123506,0.701195219123506,weak validation effect; not significant after raw p-value test; matched counterfactual contrast is weak; held-out effect does not replicate,4,0.5177777777777778,0.5,-0.015555555555555545
4.560489897931674e-05,rejected,fdr_null,0.05272525027808678,IF x17 = 1 THEN y = 1 increases,NoFDR,0.7091633466135459,0.7091633466135459,weak validation effect; not significant after raw p-value test; matched counterfactual contrast is weak; held-out effect does not replicate,4,0.48333333333333334,0.49777777777777776,-0.012484197218710469
-0.019143529626997714,rejected,fdr_null,-0.007683787899764649,IF x19 = 1 THEN y = 1 increases,NoFDR,0.7649402390438247,0.7649402390438247,weak validation effect; not significant after raw p-value test; matched counterfactual contrast is weak; held-out effect does not replicate,4,0.4822222222222222,0.4955555555555556,-0.018302680705635954
-0.04071035834733394,rejected,fdr_null,0.014193714071235264,IF x8 = 1 THEN y = 1 increases,NoFDR,0.8446215139442231,0.8446215139442231,weak validation effect; not significant after raw p-value test; matched counterfactual contrast is weak; held-out effect does not replicate,4,0.4955555555555556,0.47444444444444445,-0.033653346272484674
-0.029190589057467495,rejected,fdr_null,0.0008593271567136074,IF x26 = 1 THEN y = 1 increases,NoFDR,0.8565737051792829,0.8565737051792829,weak validation effect; not significant after raw p-value test; matched counterfactual contrast is weak; held-out effect does not replicate,4,0.4955555555555556,0.5011111111111111,-0.03042484160415604
-0.04718314667734904,rejected,fdr_null,-0.058298764440876005,IF x20 = 1 THEN y = 1 increases,NoFDR,0.8924302788844621,0.8924302788844621,weak validation effect; not significant after raw p-value test; matched counterfactual contrast is weak; held-out effect does not replicate,4,0.47,0.5166666666666667,-0.038635520949202806
0.0,accepted,counterfactual,0.22150944892819613,IF x4 = 1 THEN y = 1 increases,NoCounterfactual,0.00398406374501992,0.02151394422310757,passes all verification gates,4,0.5311111111111111,0.4988888888888889,0.2615370940103408
0.17252071439159827,accepted,valid,0.1039387578713421,IF x0 = 1 THEN y = 1 increases,NoCounterfactual,0.00398406374501992,0.02151394422310757,passes all verification gates,4,0.5055555555555555,0.5144444444444445,0.16906455263899256
-0.03212390728805391,accepted,redundant,0.08908250355618774,IF x6 = 1 THEN y = 1 increases,NoCounterfactual,0.00398406374501992,0.02151394422310757,passes all verification gates,4,0.49333333333333335,0.5133333333333333,0.1394473106801874
0.48392836753743185,rejected,holdout,-0.6246391239422598,IF x5 = 1 THEN y = 1 increases,NoCounterfactual,0.00398406374501992,0.02151394422310757,held-out effect does not replicate,4,0.5444444444444444,0.4388888888888889,0.5301666875548314
0.66509007277126,rejected,support,0.37842465753424653,IF x2 = 1 THEN y = 1 increases,NoCounterfactual,0.00398406374501992,0.02151394422310757,insufficient support,4,0.02666666666666667,0.016666666666666666,0.6655367231638418
0.16902735615851888,rejected,statistical,0.14130248009622542,IF x3 = 1 THEN y = 1 increases,NoCounterfactual,0.00796812749003984,0.035856573705179286,insufficient support,4,0.2633333333333333,0.04888888888888889,0.1862786745964316
0.06273306072318816,rejected,fdr_null,0.058641670452974026,IF x12 = 1 THEN y = 1 increases,NoCounterfactual,0.01195219123505976,0.04610130904951622,held-out effect does not replicate,4,0.4955555555555556,0.47333333333333333,0.07484994354311525
0.041788344382230586,rejected,fdr_null,-0.011111111111111072,IF x23 = 1 THEN y = 1 increases,NoCounterfactual,0.05179282868525897,0.17480079681274902,not significant after FDR correction; held-out effect does not replicate,4,0.5,0.5011111111111111,0.06290895263680318
0.047836124923404666,rejected,fdr_null,-0.006718725225939415,IF x27 = 1 THEN y = 1 increases,NoCounterfactual,0.1553784860557769,0.46613545816733065,weak validation effect; not significant after FDR correction; held-out effect does not replicate,4,0.5288888888888889,0.5077777777777778,0.04037026243387287
0.02655637038805858,rejected,fdr_null,-0.019016633373548808,IF x7 = 1 THEN y = 1 increases,NoCounterfactual,0.1952191235059761,0.5270916334661354,weak validation effect; not significant after FDR correction; held-out effect does not replicate,4,0.5177777777777778,0.5155555555555555,0.025189813350205648
0.024399650950386553,rejected,fdr_null,-0.028055666711128913,IF x15 = 1 THEN y = 1 increases,NoCounterfactual,0.2788844621513944,0.6274900398406374,weak validation effect; not significant after FDR correction; held-out effect does not replicate,4,0.51,0.4855555555555556,0.022206186891776336
0.039646351438403934,rejected,fdr_null,0.015922433730652885,IF x11 = 1 THEN y = 1 increases,NoCounterfactual,0.27091633466135456,0.6274900398406374,weak validation effect; not significant after FDR correction; held-out effect does not replicate,4,0.4866666666666667,0.49777777777777776,0.02307206068268014
0.01830443081617633,rejected,fdr_null,0.03897951020045337,IF x18 = 1 THEN y = 1 increases,NoCounterfactual,0.3346613545816733,0.6950658902850138,weak validation effect; not significant after FDR correction; held-out effect does not replicate,4,0.49666666666666665,0.5066666666666667,0.01523233760075865
0.006771409071005,rejected,fdr_null,-0.0916409433263366,IF x24 = 1 THEN y = 1 increases,NoCounterfactual,0.41832669322709165,0.6992031872509961,weak validation effect; not significant after FDR correction; held-out effect does not replicate,4,0.5055555555555555,0.5133333333333333,0.006019095060190993
-0.005853895187685294,rejected,fdr_null,0.057437320678126846,IF x25 = 1 THEN y = 1 increases,NoCounterfactual,0.5179282868525896,0.6992031872509961,weak validation effect; not significant after FDR correction; held-out effect does not replicate,4,0.4988888888888889,0.5055555555555555,0.0034325225336461207
-0.005249254457165191,rejected,fdr_null,0.04753012316037525,IF x16 = 1 THEN y = 1 increases,NoCounterfactual,0.4701195219123506,0.6992031872509961,weak validation effect; not significant after FDR correction; held-out effect does not replicate,4,0.51,0.4888888888888889,0.004249011857707485
0.0039475134311558815,rejected,fdr_null,0.04655707211374355,IF x21 = 1 THEN y = 1 increases,NoCounterfactual,0.4940239043824701,0.6992031872509961,weak validation effect; not significant after FDR correction; held-out effect does not replicate,4,0.5211111111111111,0.5177777777777778,0.008771582840529257
0.023061401145057094,rejected,fdr_null,0.02293222122848715,IF x9 = 1 THEN y = 1 increases,NoCounterfactual,0.36254980079681276,0.6992031872509961,weak validation effect; not significant after FDR correction; held-out effect does not replicate,4,0.48777777777777775,0.5022222222222222,0.012484197218710469
0.0044288045588582485,rejected,fdr_null,0.01780745412220569,IF x10 = 1 THEN y = 1 increases,NoCounterfactual,0.4820717131474104,0.6992031872509961,weak validation effect; not significant after FDR correction; held-out effect does not replicate,4,0.4855555555555556,0.52,0.005698005698005659
0.014017640271208236,rejected,fdr_null,-0.004623044096728313,IF x22 = 1 THEN y = 1 increases,NoCounterfactual,0.4342629482071713,0.6992031872509961,weak validation effect; not significant after FDR correction; held-out effect does not replicate,4,0.5066666666666667,0.5044444444444445,0.009413089429288257
-0.0142558087194611,rejected,fdr_null,-0.012311658295924233,IF x14 = 1 THEN y = 1 increases,NoCounterfactual,0.5577689243027888,0.7171314741035856,weak validation effect; not significant after FDR correction; held-out effect does not replicate,4,0.5033333333333333,0.5066666666666667,-0.0025486012328117535
4.560489897931674e-05,rejected,fdr_null,0.05272525027808678,IF x17 = 1 THEN y = 1 increases,NoCounterfactual,0.7091633466135459,0.8324961025463365,weak validation effect; not significant after FDR correction; held-out effect does not replicate,4,0.48333333333333334,0.49777777777777776,-0.012484197218710469
-0.019000927841652263,rejected,fdr_null,0.04773441980973481,IF x13 = 1 THEN y = 1 increases,NoCounterfactual,0.701195219123506,0.8324961025463365,weak validation effect; not significant after FDR correction; held-out effect does not replicate,4,0.5177777777777778,0.5,-0.015555555555555545
-0.019143529626997714,rejected,fdr_null,-0.007683787899764649,IF x19 = 1 THEN y = 1 increases,NoCounterfactual,0.7649402390438247,0.8605577689243028,weak validation effect; not significant after FDR correction; held-out effect does not replicate,4,0.4822222222222222,0.4955555555555556,-0.018302680705635954
-0.04071035834733394,rejected,fdr_null,0.014193714071235264,IF x8 = 1 THEN y = 1 increases,NoCounterfactual,0.8446215139442231,0.8895188476861784,weak validation effect; not significant after FDR correction; held-out effect does not replicate,4,0.4955555555555556,0.47444444444444445,-0.033653346272484674
-0.029190589057467495,rejected,fdr_null,0.0008593271567136074,IF x26 = 1 THEN y = 1 increases,NoCounterfactual,0.8565737051792829,0.8895188476861784,weak validation effect; not significant after FDR correction; held-out effect does not replicate,4,0.4955555555555556,0.5011111111111111,-0.03042484160415604
-0.04718314667734904,rejected,fdr_null,-0.058298764440876005,IF x20 = 1 THEN y = 1 increases,NoCounterfactual,0.8924302788844621,0.8924302788844621,weak validation effect; not significant after FDR correction; held-out effect does not replicate,4,0.47,0.5166666666666667,-0.038635520949202806
0.48392836753743185,accepted,holdout,-0.6246391239422598,IF x5 = 1 THEN y = 1 increases,NoHeldout,0.00398406374501992,0.02151394422310757,passes all verification gates,4,0.5444444444444444,0.4388888888888889,0.5301666875548314
0.17252071439159827,accepted,valid,0.1039387578713421,IF x0 = 1 THEN y = 1 increases,NoHeldout,0.00398406374501992,0.02151394422310757,passes all verification gates,4,0.5055555555555555,0.5144444444444445,0.16906455263899256
0.06273306072318816,accepted,fdr_null,0.058641670452974026,IF x12 = 1 THEN y = 1 increases,NoHeldout,0.01195219123505976,0.04610130904951622,passes all verification gates,4,0.4955555555555556,0.47333333333333333,0.07484994354311525
0.66509007277126,rejected,support,0.37842465753424653,IF x2 = 1 THEN y = 1 increases,NoHeldout,0.00398406374501992,0.02151394422310757,insufficient support,4,0.02666666666666667,0.016666666666666666,0.6655367231638418
0.0,rejected,counterfactual,0.22150944892819613,IF x4 = 1 THEN y = 1 increases,NoHeldout,0.00398406374501992,0.02151394422310757,matched counterfactual contrast is weak,4,0.5311111111111111,0.4988888888888889,0.2615370940103408
-0.03212390728805391,rejected,redundant,0.08908250355618774,IF x6 = 1 THEN y = 1 increases,NoHeldout,0.00398406374501992,0.02151394422310757,matched counterfactual contrast is weak,4,0.49333333333333335,0.5133333333333333,0.1394473106801874
0.16902735615851888,rejected,statistical,0.14130248009622542,IF x3 = 1 THEN y = 1 increases,NoHeldout,0.00796812749003984,0.035856573705179286,insufficient support,4,0.2633333333333333,0.04888888888888889,0.1862786745964316
0.041788344382230586,rejected,fdr_null,-0.011111111111111072,IF x23 = 1 THEN y = 1 increases,NoHeldout,0.05179282868525897,0.17480079681274902,not significant after FDR correction; matched counterfactual contrast is weak,4,0.5,0.5011111111111111,0.06290895263680318
0.047836124923404666,rejected,fdr_null,-0.006718725225939415,IF x27 = 1 THEN y = 1 increases,NoHeldout,0.1553784860557769,0.46613545816733065,weak validation effect; not significant after FDR correction,4,0.5288888888888889,0.5077777777777778,0.04037026243387287
0.02655637038805858,rejected,fdr_null,-0.019016633373548808,IF x7 = 1 THEN y = 1 increases,NoHeldout,0.1952191235059761,0.5270916334661354,weak validation effect; not significant after FDR correction; matched counterfactual contrast is weak,4,0.5177777777777778,0.5155555555555555,0.025189813350205648
0.024399650950386553,rejected,fdr_null,-0.028055666711128913,IF x15 = 1 THEN y = 1 increases,NoHeldout,0.2788844621513944,0.6274900398406374,weak validation effect; not significant after FDR correction; matched counterfactual contrast is weak,4,0.51,0.4855555555555556,0.022206186891776336
0.039646351438403934,rejected,fdr_null,0.015922433730652885,IF x11 = 1 THEN y = 1 increases,NoHeldout,0.27091633466135456,0.6274900398406374,weak validation effect; not significant after FDR correction; matched counterfactual contrast is weak,4,0.4866666666666667,0.49777777777777776,0.02307206068268014
0.01830443081617633,rejected,fdr_null,0.03897951020045337,IF x18 = 1 THEN y = 1 increases,NoHeldout,0.3346613545816733,0.6950658902850138,weak validation effect; not significant after FDR correction; matched counterfactual contrast is weak,4,0.49666666666666665,0.5066666666666667,0.01523233760075865
0.006771409071005,rejected,fdr_null,-0.0916409433263366,IF x24 = 1 THEN y = 1 increases,NoHeldout,0.41832669322709165,0.6992031872509961,weak validation effect; not significant after FDR correction; matched counterfactual contrast is weak,4,0.5055555555555555,0.5133333333333333,0.006019095060190993
-0.005853895187685294,rejected,fdr_null,0.057437320678126846,IF x25 = 1 THEN y = 1 increases,NoHeldout,0.5179282868525896,0.6992031872509961,weak validation effect; not significant after FDR correction; matched counterfactual contrast is weak,4,0.4988888888888889,0.5055555555555555,0.0034325225336461207
-0.005249254457165191,rejected,fdr_null,0.04753012316037525,IF x16 = 1 THEN y = 1 increases,NoHeldout,0.4701195219123506,0.6992031872509961,weak validation effect; not significant after FDR correction; matched counterfactual contrast is weak,4,0.51,0.4888888888888889,0.004249011857707485
0.0039475134311558815,rejected,fdr_null,0.04655707211374355,IF x21 = 1 THEN y = 1 increases,NoHeldout,0.4940239043824701,0.6992031872509961,weak validation effect; not significant after FDR correction; matched counterfactual contrast is weak,4,0.5211111111111111,0.5177777777777778,0.008771582840529257
0.023061401145057094,rejected,fdr_null,0.02293222122848715,IF x9 = 1 THEN y = 1 increases,NoHeldout,0.36254980079681276,0.6992031872509961,weak validation effect; not significant after FDR correction; matched counterfactual contrast is weak,4,0.48777777777777775,0.5022222222222222,0.012484197218710469
0.0044288045588582485,rejected,fdr_null,0.01780745412220569,IF x10 = 1 THEN y = 1 increases,NoHeldout,0.4820717131474104,0.6992031872509961,weak validation effect; not significant after FDR correction; matched counterfactual contrast is weak,4,0.4855555555555556,0.52,0.005698005698005659
0.014017640271208236,rejected,fdr_null,-0.004623044096728313,IF x22 = 1 THEN y = 1 increases,NoHeldout,0.4342629482071713,0.6992031872509961,weak validation effect; not significant after FDR correction; matched counterfactual contrast is weak,4,0.5066666666666667,0.5044444444444445,0.009413089429288257
-0.0142558087194611,rejected,fdr_null,-0.012311658295924233,IF x14 = 1 THEN y = 1 increases,NoHeldout,0.5577689243027888,0.7171314741035856,weak validation effect; not significant after FDR correction; matched counterfactual contrast is weak,4,0.5033333333333333,0.5066666666666667,-0.0025486012328117535
4.560489897931674e-05,rejected,fdr_null,0.05272525027808678,IF x17 = 1 THEN y = 1 increases,NoHeldout,0.7091633466135459,0.8324961025463365,weak validation effect; not significant after FDR correction; matched counterfactual contrast is weak,4,0.48333333333333334,0.49777777777777776,-0.012484197218710469
-0.019000927841652263,rejected,fdr_null,0.04773441980973481,IF x13 = 1 THEN y = 1 increases,NoHeldout,0.701195219123506,0.8324961025463365,weak validation effect; not significant after FDR correction; matched counterfactual contrast is weak,4,0.5177777777777778,0.5,-0.015555555555555545
-0.019143529626997714,rejected,fdr_null,-0.007683787899764649,IF x19 = 1 THEN y = 1 increases,NoHeldout,0.7649402390438247,0.8605577689243028,weak validation effect; not significant after FDR correction; matched counterfactual contrast is weak,4,0.4822222222222222,0.4955555555555556,-0.018302680705635954
-0.04071035834733394,rejected,fdr_null,0.014193714071235264,IF x8 = 1 THEN y = 1 increases,NoHeldout,0.8446215139442231,0.8895188476861784,weak validation effect; not significant after FDR correction; matched counterfactual contrast is weak,4,0.4955555555555556,0.47444444444444445,-0.033653346272484674
-0.029190589057467495,rejected,fdr_null,0.0008593271567136074,IF x26 = 1 THEN y = 1 increases,NoHeldout,0.8565737051792829,0.8895188476861784,weak validation effect; not significant after FDR correction; matched counterfactual contrast is weak,4,0.4955555555555556,0.5011111111111111,-0.03042484160415604
-0.04718314667734904,rejected,fdr_null,-0.058298764440876005,IF x20 = 1 THEN y = 1 increases,NoHeldout,0.8924302788844621,0.8924302788844621,weak validation effect; not significant after FDR correction; matched counterfactual contrast is weak,4,0.47,0.5166666666666667,-0.038635520949202806
0.0,accepted,counterfactual,0.22150944892819613,IF x4 = 1 THEN y = 1 increases,NoEffect,0.00398406374501992,0.02151394422310757,passes all verification gates,4,0.5311111111111111,0.4988888888888889,0.2615370940103408
0.17252071439159827,accepted,valid,0.1039387578713421,IF x0 = 1 THEN y = 1 increases,NoEffect,0.00398406374501992,0.02151394422310757,passes all verification gates,4,0.5055555555555555,0.5144444444444445,0.16906455263899256
-0.03212390728805391,accepted,redundant,0.08908250355618774,IF x6 = 1 THEN y = 1 increases,NoEffect,0.00398406374501992,0.02151394422310757,passes all verification gates,4,0.49333333333333335,0.5133333333333333,0.1394473106801874
0.48392836753743185,rejected,holdout,-0.6246391239422598,IF x5 = 1 THEN y = 1 increases,NoEffect,0.00398406374501992,0.02151394422310757,held-out effect does not replicate,4,0.5444444444444444,0.4388888888888889,0.5301666875548314
0.66509007277126,rejected,support,0.37842465753424653,IF x2 = 1 THEN y = 1 increases,NoEffect,0.00398406374501992,0.02151394422310757,insufficient support,4,0.02666666666666667,0.016666666666666666,0.6655367231638418
0.16902735615851888,rejected,statistical,0.14130248009622542,IF x3 = 1 THEN y = 1 increases,NoEffect,0.00796812749003984,0.035856573705179286,insufficient support,4,0.2633333333333333,0.04888888888888889,0.1862786745964316
0.06273306072318816,rejected,fdr_null,0.058641670452974026,IF x12 = 1 THEN y = 1 increases,NoEffect,0.01195219123505976,0.04610130904951622,held-out effect does not replicate,4,0.4955555555555556,0.47333333333333333,0.07484994354311525
0.041788344382230586,rejected,fdr_null,-0.011111111111111072,IF x23 = 1 THEN y = 1 increases,NoEffect,0.05179282868525897,0.17480079681274902,not significant after FDR correction; held-out effect does not replicate,4,0.5,0.5011111111111111,0.06290895263680318
0.047836124923404666,rejected,fdr_null,-0.006718725225939415,IF x27 = 1 THEN y = 1 increases,NoEffect,0.1553784860557769,0.46613545816733065,not significant after FDR correction; held-out effect does not replicate,4,0.5288888888888889,0.5077777777777778,0.04037026243387287
0.02655637038805858,rejected,fdr_null,-0.019016633373548808,IF x7 = 1 THEN y = 1 increases,NoEffect,0.1952191235059761,0.5270916334661354,not significant after FDR correction; held-out effect does not replicate,4,0.5177777777777778,0.5155555555555555,0.025189813350205648
0.024399650950386553,rejected,fdr_null,-0.028055666711128913,IF x15 = 1 THEN y = 1 increases,NoEffect,0.2788844621513944,0.6274900398406374,not significant after FDR correction; held-out effect does not replicate,4,0.51,0.4855555555555556,0.022206186891776336
0.039646351438403934,rejected,fdr_null,0.015922433730652885,IF x11 = 1 THEN y = 1 increases,NoEffect,0.27091633466135456,0.6274900398406374,not significant after FDR correction; held-out effect does not replicate,4,0.4866666666666667,0.49777777777777776,0.02307206068268014
0.01830443081617633,rejected,fdr_null,0.03897951020045337,IF x18 = 1 THEN y = 1 increases,NoEffect,0.3346613545816733,0.6950658902850138,not significant after FDR correction; held-out effect does not replicate,4,0.49666666666666665,0.5066666666666667,0.01523233760075865
0.006771409071005,rejected,fdr_null,-0.0916409433263366,IF x24 = 1 THEN y = 1 increases,NoEffect,0.41832669322709165,0.6992031872509961,not significant after FDR correction; held-out effect does not replicate,4,0.5055555555555555,0.5133333333333333,0.006019095060190993
-0.005853895187685294,rejected,fdr_null,0.057437320678126846,IF x25 = 1 THEN y = 1 increases,NoEffect,0.5179282868525896,0.6992031872509961,not significant after FDR correction; held-out effect does not replicate,4,0.4988888888888889,0.5055555555555555,0.0034325225336461207
-0.005249254457165191,rejected,fdr_null,0.04753012316037525,IF x16 = 1 THEN y = 1 increases,NoEffect,0.4701195219123506,0.6992031872509961,not significant after FDR correction; held-out effect does not replicate,4,0.51,0.4888888888888889,0.004249011857707485
0.0039475134311558815,rejected,fdr_null,0.04655707211374355,IF x21 = 1 THEN y = 1 increases,NoEffect,0.4940239043824701,0.6992031872509961,not significant after FDR correction; held-out effect does not replicate,4,0.5211111111111111,0.5177777777777778,0.008771582840529257
0.023061401145057094,rejected,fdr_null,0.02293222122848715,IF x9 = 1 THEN y = 1 increases,NoEffect,0.36254980079681276,0.6992031872509961,not significant after FDR correction; held-out effect does not replicate,4,0.48777777777777775,0.5022222222222222,0.012484197218710469
0.0044288045588582485,rejected,fdr_null,0.01780745412220569,IF x10 = 1 THEN y = 1 increases,NoEffect,0.4820717131474104,0.6992031872509961,not significant after FDR correction; held-out effect does not replicate,4,0.4855555555555556,0.52,0.005698005698005659
0.014017640271208236,rejected,fdr_null,-0.004623044096728313,IF x22 = 1 THEN y = 1 increases,NoEffect,0.4342629482071713,0.6992031872509961,not significant after FDR correction; held-out effect does not replicate,4,0.5066666666666667,0.5044444444444445,0.009413089429288257
-0.0142558087194611,rejected,fdr_null,-0.012311658295924233,IF x14 = 1 THEN y = 1 increases,NoEffect,0.5577689243027888,0.7171314741035856,not significant after FDR correction; held-out effect does not replicate,4,0.5033333333333333,0.5066666666666667,-0.0025486012328117535
4.560489897931674e-05,rejected,fdr_null,0.05272525027808678,IF x17 = 1 THEN y = 1 increases,NoEffect,0.7091633466135459,0.8324961025463365,not significant after FDR correction; held-out effect does not replicate,4,0.48333333333333334,0.49777777777777776,-0.012484197218710469
-0.019000927841652263,rejected,fdr_null,0.04773441980973481,IF x13 = 1 THEN y = 1 increases,NoEffect,0.701195219123506,0.8324961025463365,not significant after FDR correction; held-out effect does not replicate,4,0.5177777777777778,0.5,-0.015555555555555545
-0.019143529626997714,rejected,fdr_null,-0.007683787899764649,IF x19 = 1 THEN y = 1 increases,NoEffect,0.7649402390438247,0.8605577689243028,not significant after FDR correction; held-out effect does not replicate,4,0.4822222222222222,0.4955555555555556,-0.018302680705635954
-0.04071035834733394,rejected,fdr_null,0.014193714071235264,IF x8 = 1 THEN y = 1 increases,NoEffect,0.8446215139442231,0.8895188476861784,not significant after FDR correction; held-out effect does not replicate,4,0.4955555555555556,0.47444444444444445,-0.033653346272484674
-0.029190589057467495,rejected,fdr_null,0.0008593271567136074,IF x26 = 1 THEN y = 1 increases,NoEffect,0.8565737051792829,0.8895188476861784,not significant after FDR correction; held-out effect does not replicate,4,0.4955555555555556,0.5011111111111111,-0.03042484160415604
-0.04718314667734904,rejected,fdr_null,-0.058298764440876005,IF x20 = 1 THEN y = 1 increases,NoEffect,0.8924302788844621,0.8924302788844621,not significant after FDR correction; held-out effect does not replicate,4,0.47,0.5166666666666667,-0.038635520949202806
0.21480054872638663,accepted,valid,0.16317815856196033,IF x0 = 1 THEN y = 1 increases,FullVerifier,0.00398406374501992,0.02151394422310757,passes all verification gates,5,0.5144444444444445,0.5077777777777778,0.2200334895851342
0.5244574058205718,rejected,holdout,-0.5488201971541996,IF x5 = 1 THEN y = 1 increases,FullVerifier,0.00398406374501992,0.02151394422310757,held-out effect does not replicate,5,0.53,0.4577777777777778,0.5801169823332804
0.505143573316986,rejected,support,0.36144969933365834,IF x2 = 1 THEN y = 1 increases,FullVerifier,0.00398406374501992,0.02151394422310757,insufficient support,5,0.023333333333333334,0.013333333333333334,0.481981981981982
0.0,rejected,counterfactual,0.20138617485987365,IF x4 = 1 THEN y = 1 increases,FullVerifier,0.00398406374501992,0.02151394422310757,matched counterfactual contrast is weak,5,0.5211111111111111,0.4888888888888889,0.26492094861660076
-0.08678611038162617,rejected,redundant,0.1712232988600596,IF x6 = 1 THEN y = 1 increases,FullVerifier,0.00398406374501992,0.02151394422310757,matched counterfactual contrast is weak,5,0.5122222222222222,0.5122222222222222,0.16927645654934553
0.0507446948627426,rejected,fdr_null,-0.013757931566150794,IF x8 = 1 THEN y = 1 increases,FullVerifier,0.06772908366533864,0.3047808764940239,not significant after FDR correction; held-out effect does not replicate,5,0.4866666666666667,0.5133333333333333,0.05206665480638084
0.039620967233118504,rejected,fdr_null,-0.02202741079145576,IF x23 = 1 THEN y = 1 increases,FullVerifier,0.08764940239043825,0.338076266363119,not significant after FDR correction; matched counterfactual contrast is weak; held-out effect does not replicate,5,0.49444444444444446,0.5066666666666667,0.04824561403508776
0.015966364406282317,rejected,fdr_null,-0.014151410192973723,IF x11 = 1 THEN y = 1 increases,FullVerifier,0.10358565737051793,0.34661354581673304,weak validation effect; not significant after FDR correction; matched counterfactual contrast is weak; held-out effect does not replicate,5,0.5222222222222223,0.48777777777777775,0.0441844262497591
0.02598171457396905,rejected,fdr_null,-0.0018172929249033465,IF x25 = 1 THEN y = 1 increases,FullVerifier,0.11553784860557768,0.34661354581673304,weak validation effect; not significant after FDR correction; matched counterfactual contrast is weak; held-out effect does not replicate,5,0.5011111111111111,0.5055555555555555,0.04094332633658476
0.029694875676363235,rejected,fdr_null,-0.0066805350357497795,IF x13 = 1 THEN y = 1 increases,FullVerifier,0.23107569721115537,0.6239043824701195,weak validation effect; not significant after FDR correction; matched counterfactual contrast is weak; held-out effect does not replicate,5,0.48777777777777775,0.5033333333333333,0.026341911492362646
0.022262451771874973,rejected,fdr_null,-0.06431060228969637,IF x12 = 1 THEN y = 1 increases,FullVerifier,0.30677290836653387,0.752988047808765,weak validation effect; not significant after FDR correction; matched counterfactual contrast is weak; held-out effect does not replicate,5,0.5444444444444444,0.5122222222222222,0.0225220996249611
-0.0023361184053025163,rejected,fdr_null,0.01275491286614755,IF x19 = 1 THEN y = 1 increases,FullVerifier,0.3545816733067729,0.7978087649402391,weak validation effect; not significant after FDR correction; matched counterfactual contrast is weak; held-out effect does not replicate,5,0.5166666666666667,0.5055555555555555,0.009828373873317697
0.031776237575055155,rejected,statistical,0.18671769114246994,IF x3 = 1 THEN y = 1 increases,FullVerifier,0.38645418326693226,0.8026356114005517,insufficient support; weak validation effect; not significant after FDR correction; matched counterfactual contrast is weak,5,0.24666666666666667,0.04555555555555556,0.034015730145660006
0.0025732183122211035,rejected,fdr_null,0.0036346396965865613,IF x21 = 1 THEN y = 1 increases,FullVerifier,0.4701195219123506,0.9066590779738191,weak validation effect; not significant after FDR correction; matched counterfactual contrast is weak; held-out effect does not replicate,5,0.49777777777777776,0.49333333333333335,0.005097202465623507
0.003983743528883973,rejected,fdr_null,-0.013333333333333364,IF x24 = 1 THEN y = 1 increases,FullVerifier,0.5179282868525896,0.9322709163346613,weak validation effect; not significant after FDR correction; matched counterfactual contrast is weak; held-out effect does not replicate,5,0.5,0.5166666666666667,0.002817945865776772
0.01401203452666655,rejected,fdr_null,0.01965762475316618,IF x10 = 1 THEN y = 1 increases,FullVerifier,0.5936254980079682,0.94281696742442,weak validation effect; not significant after FDR correction; matched counterfactual contrast is weak; held-out effect does not replicate,5,0.5233333333333333,0.4777777777777778,-0.003760514596734321
-0.015707765977670915,rejected,fdr_null,0.014954267991545034,IF x15 = 1 THEN y = 1 increases,FullVerifier,0.5856573705179283,0.94281696742442,weak validation effect; not significant after FDR correction; matched counterfactual contrast is weak; held-out effect does not replicate,5,0.5044444444444445,0.4822222222222222,-0.001226241569589226
-0.0027877931072718422,rejected,fdr_null,-0.014748110768987466,IF x27 = 1 THEN y = 1 increases,FullVerifier,0.6414342629482072,0.9454812329628851,weak validation effect; not significant after FDR correction; matched counterfactual contrast is weak; held-out effect does not replicate,5,0.5144444444444445,0.4722222222222222,-0.009164086687306505
-0.008985264203968992,rejected,fdr_null,-0.01050947235337113,IF x16 = 1 THEN y = 1 increases,FullVerifier,0.6653386454183267,0.9454812329628851,weak validation effect; not significant after FDR correction; matched counterfactual contrast is weak; held-out effect does not replicate,5,0.4955555555555556,0.5055555555555555,-0.012396592171873055
-0.020226732252856774,rejected,fdr_null,-0.04670445056058187,IF x9 = 1 THEN y = 1 increases,FullVerifier,0.7888446215139442,0.9681274900398406,weak validation effect; not significant after FDR correction; matched counterfactual contrast is weak; held-out effect does not replicate,5,0.48777777777777775,0.5166666666666667,-0.023878383388950652
-0.025328466945605727,rejected,fdr_null,0.04128074097732354,IF x14 = 1 THEN y = 1 increases,FullVerifier,0.8366533864541833,0.9681274900398406,weak validation effect; not significant after FDR correction; matched counterfactual contrast is weak; held-out effect does not replicate,5,0.5511111111111111,0.49333333333333335,-0.0304646752015173
-0.05340892511152012,rejected,fdr_null,0.030606122216216447,IF x22 = 1 THEN y = 1 increases,FullVerifier,0.9163346613545816,0.9681274900398406,weak validation effect; not significant after FDR correction; matched counterfactual contrast is weak; held-out effect does not replicate,5,0.4677777777777778,0.5133333333333333,-0.04133309612761665
-0.054091883737499125,rejected,fdr_null,-0.02606062701591988,IF x18 = 1 THEN y = 1 increases,FullVerifier,0.9322709163346613,0.9681274900398406,weak validation effect; not significant after FDR correction; matched counterfactual contrast is weak; held-out effect does not replicate,5,0.5077777777777778,0.5022222222222222,-0.05207016434892542
-0.019981431258800957,rejected,fdr_null,-0.013949054339074618,IF x26 = 1 THEN y = 1 increases,FullVerifier,0.8924302788844621,0.9681274900398406,weak validation effect; not significant after FDR correction; matched counterfactual contrast is weak; held-out effect does not replicate,5,0.4922222222222222,0.5044444444444445,-0.037474565891625955
-0.05810698300354951,rejected,fdr_null,-0.011107871864175611,IF x20 = 1 THEN y = 1 increases,FullVerifier,0.9282868525896414,0.9681274900398406,weak validation effect; not significant after FDR correction; matched counterfactual contrast is weak; held-out effect does not replicate,5,0.5122222222222222,0.5055555555555555,-0.047956537844178304
-0.027752158926827242,rejected,fdr_null,0.006487213464923536,IF x7 = 1 THEN y = 1 increases,FullVerifier,0.7888446215139442,0.9681274900398406,weak validation effect; not significant after FDR correction; matched counterfactual contrast is weak; held-out effect does not replicate,5,0.5177777777777778,0.5066666666666667,-0.02287814129919391
-0.062046291928615695,rejected,fdr_null,0.025685295761827265,IF x17 = 1 THEN y = 1 increases,FullVerifier,0.9760956175298805,0.9760956175298806,weak validation effect; not significant after FDR correction; matched counterfactual contrast is weak; held-out effect does not replicate,5,0.47888888888888886,0.5066666666666667,-0.06288525367472736
0.505143573316986,accepted,support,0.36144969933365834,IF x2 = 1 THEN y = 1 increases,NoSupport,0.00398406374501992,0.02151394422310757,passes all verification gates,5,0.023333333333333334,0.013333333333333334,0.481981981981982
0.21480054872638663,accepted,valid,0.16317815856196033,IF x0 = 1 THEN y = 1 increases,NoSupport,0.00398406374501992,0.02151394422310757,passes all verification gates,5,0.5144444444444445,0.5077777777777778,0.2200334895851342
0.5244574058205718,rejected,holdout,-0.5488201971541996,IF x5 = 1 THEN y = 1 increases,NoSupport,0.00398406374501992,0.02151394422310757,held-out effect does not replicate,5,0.53,0.4577777777777778,0.5801169823332804
0.0,rejected,counterfactual,0.20138617485987365,IF x4 = 1 THEN y = 1 increases,NoSupport,0.00398406374501992,0.02151394422310757,matched counterfactual contrast is weak,5,0.5211111111111111,0.4888888888888889,0.26492094861660076
-0.08678611038162617,rejected,redundant,0.1712232988600596,IF x6 = 1 THEN y = 1 increases,NoSupport,0.00398406374501992,0.02151394422310757,matched counterfactual contrast is weak,5,0.5122222222222222,0.5122222222222222,0.16927645654934553
0.0507446948627426,rejected,fdr_null,-0.013757931566150794,IF x8 = 1 THEN y = 1 increases,NoSupport,0.06772908366533864,0.3047808764940239,not significant after FDR correction; held-out effect does not replicate,5,0.4866666666666667,0.5133333333333333,0.05206665480638084
0.039620967233118504,rejected,fdr_null,-0.02202741079145576,IF x23 = 1 THEN y = 1 increases,NoSupport,0.08764940239043825,0.338076266363119,not significant after FDR correction; matched counterfactual contrast is weak; held-out effect does not replicate,5,0.49444444444444446,0.5066666666666667,0.04824561403508776
0.015966364406282317,rejected,fdr_null,-0.014151410192973723,IF x11 = 1 THEN y = 1 increases,NoSupport,0.10358565737051793,0.34661354581673304,weak validation effect; not significant after FDR correction; matched counterfactual contrast is weak; held-out effect does not replicate,5,0.5222222222222223,0.48777777777777775,0.0441844262497591
0.02598171457396905,rejected,fdr_null,-0.0018172929249033465,IF x25 = 1 THEN y = 1 increases,NoSupport,0.11553784860557768,0.34661354581673304,weak validation effect; not significant after FDR correction; matched counterfactual contrast is weak; held-out effect does not replicate,5,0.5011111111111111,0.5055555555555555,0.04094332633658476
0.029694875676363235,rejected,fdr_null,-0.0066805350357497795,IF x13 = 1 THEN y = 1 increases,NoSupport,0.23107569721115537,0.6239043824701195,weak validation effect; not significant after FDR correction; matched counterfactual contrast is weak; held-out effect does not replicate,5,0.48777777777777775,0.5033333333333333,0.026341911492362646
0.022262451771874973,rejected,fdr_null,-0.06431060228969637,IF x12 = 1 THEN y = 1 increases,NoSupport,0.30677290836653387,0.752988047808765,weak validation effect; not significant after FDR correction; matched counterfactual contrast is weak; held-out effect does not replicate,5,0.5444444444444444,0.5122222222222222,0.0225220996249611
-0.0023361184053025163,rejected,fdr_null,0.01275491286614755,IF x19 = 1 THEN y = 1 increases,NoSupport,0.3545816733067729,0.7978087649402391,weak validation effect; not significant after FDR correction; matched counterfactual contrast is weak; held-out effect does not replicate,5,0.5166666666666667,0.5055555555555555,0.009828373873317697
0.031776237575055155,rejected,statistical,0.18671769114246994,IF x3 = 1 THEN y = 1 increases,NoSupport,0.38645418326693226,0.8026356114005517,weak validation effect; not significant after FDR correction; matched counterfactual contrast is weak,5,0.24666666666666667,0.04555555555555556,0.034015730145660006
0.0025732183122211035,rejected,fdr_null,0.0036346396965865613,IF x21 = 1 THEN y = 1 increases,NoSupport,0.4701195219123506,0.9066590779738191,weak validation effect; not significant after FDR correction; matched counterfactual contrast is weak; held-out effect does not replicate,5,0.49777777777777776,0.49333333333333335,0.005097202465623507
0.003983743528883973,rejected,fdr_null,-0.013333333333333364,IF x24 = 1 THEN y = 1 increases,NoSupport,0.5179282868525896,0.9322709163346613,weak validation effect; not significant after FDR correction; matched counterfactual contrast is weak; held-out effect does not replicate,5,0.5,0.5166666666666667,0.002817945865776772
0.01401203452666655,rejected,fdr_null,0.01965762475316618,IF x10 = 1 THEN y = 1 increases,NoSupport,0.5936254980079682,0.94281696742442,weak validation effect; not significant after FDR correction; matched counterfactual contrast is weak; held-out effect does not replicate,5,0.5233333333333333,0.4777777777777778,-0.003760514596734321
-0.015707765977670915,rejected,fdr_null,0.014954267991545034,IF x15 = 1 THEN y = 1 increases,NoSupport,0.5856573705179283,0.94281696742442,weak validation effect; not significant after FDR correction; matched counterfactual contrast is weak; held-out effect does not replicate,5,0.5044444444444445,0.4822222222222222,-0.001226241569589226
-0.0027877931072718422,rejected,fdr_null,-0.014748110768987466,IF x27 = 1 THEN y = 1 increases,NoSupport,0.6414342629482072,0.9454812329628851,weak validation effect; not significant after FDR correction; matched counterfactual contrast is weak; held-out effect does not replicate,5,0.5144444444444445,0.4722222222222222,-0.009164086687306505
-0.008985264203968992,rejected,fdr_null,-0.01050947235337113,IF x16 = 1 THEN y = 1 increases,NoSupport,0.6653386454183267,0.9454812329628851,weak validation effect; not significant after FDR correction; matched counterfactual contrast is weak; held-out effect does not replicate,5,0.4955555555555556,0.5055555555555555,-0.012396592171873055
-0.020226732252856774,rejected,fdr_null,-0.04670445056058187,IF x9 = 1 THEN y = 1 increases,NoSupport,0.7888446215139442,0.9681274900398406,weak validation effect; not significant after FDR correction; matched counterfactual contrast is weak; held-out effect does not replicate,5,0.48777777777777775,0.5166666666666667,-0.023878383388950652
-0.025328466945605727,rejected,fdr_null,0.04128074097732354,IF x14 = 1 THEN y = 1 increases,NoSupport,0.8366533864541833,0.9681274900398406,weak validation effect; not significant after FDR correction; matched counterfactual contrast is weak; held-out effect does not replicate,5,0.5511111111111111,0.49333333333333335,-0.0304646752015173
-0.05340892511152012,rejected,fdr_null,0.030606122216216447,IF x22 = 1 THEN y = 1 increases,NoSupport,0.9163346613545816,0.9681274900398406,weak validation effect; not significant after FDR correction; matched counterfactual contrast is weak; held-out effect does not replicate,5,0.4677777777777778,0.5133333333333333,-0.04133309612761665
-0.054091883737499125,rejected,fdr_null,-0.02606062701591988,IF x18 = 1 THEN y = 1 increases,NoSupport,0.9322709163346613,0.9681274900398406,weak validation effect; not significant after FDR correction; matched counterfactual contrast is weak; held-out effect does not replicate,5,0.5077777777777778,0.5022222222222222,-0.05207016434892542
-0.019981431258800957,rejected,fdr_null,-0.013949054339074618,IF x26 = 1 THEN y = 1 increases,NoSupport,0.8924302788844621,0.9681274900398406,weak validation effect; not significant after FDR correction; matched counterfactual contrast is weak; held-out effect does not replicate,5,0.4922222222222222,0.5044444444444445,-0.037474565891625955
-0.05810698300354951,rejected,fdr_null,-0.011107871864175611,IF x20 = 1 THEN y = 1 increases,NoSupport,0.9282868525896414,0.9681274900398406,weak validation effect; not significant after FDR correction; matched counterfactual contrast is weak; held-out effect does not replicate,5,0.5122222222222222,0.5055555555555555,-0.047956537844178304
-0.027752158926827242,rejected,fdr_null,0.006487213464923536,IF x7 = 1 THEN y = 1 increases,NoSupport,0.7888446215139442,0.9681274900398406,weak validation effect; not significant after FDR correction; matched counterfactual contrast is weak; held-out effect does not replicate,5,0.5177777777777778,0.5066666666666667,-0.02287814129919391
-0.062046291928615695,rejected,fdr_null,0.025685295761827265,IF x17 = 1 THEN y = 1 increases,NoSupport,0.9760956175298805,0.9760956175298806,weak validation effect; not significant after FDR correction; matched counterfactual contrast is weak; held-out effect does not replicate,5,0.47888888888888886,0.5066666666666667,-0.06288525367472736
0.21480054872638663,accepted,valid,0.16317815856196033,IF x0 = 1 THEN y = 1 increases,NoStatTest,0.00398406374501992,0.02151394422310757,passes all verification gates,5,0.5144444444444445,0.5077777777777778,0.2200334895851342
0.5244574058205718,rejected,holdout,-0.5488201971541996,IF x5 = 1 THEN y = 1 increases,NoStatTest,0.00398406374501992,0.02151394422310757,held-out effect does not replicate,5,0.53,0.4577777777777778,0.5801169823332804
0.505143573316986,rejected,support,0.36144969933365834,IF x2 = 1 THEN y = 1 increases,NoStatTest,0.00398406374501992,0.02151394422310757,insufficient support,5,0.023333333333333334,0.013333333333333334,0.481981981981982
0.0,rejected,counterfactual,0.20138617485987365,IF x4 = 1 THEN y = 1 increases,NoStatTest,0.00398406374501992,0.02151394422310757,matched counterfactual contrast is weak,5,0.5211111111111111,0.4888888888888889,0.26492094861660076
-0.08678611038162617,rejected,redundant,0.1712232988600596,IF x6 = 1 THEN y = 1 increases,NoStatTest,0.00398406374501992,0.02151394422310757,matched counterfactual contrast is weak,5,0.5122222222222222,0.5122222222222222,0.16927645654934553
0.0507446948627426,rejected,fdr_null,-0.013757931566150794,IF x8 = 1 THEN y = 1 increases,NoStatTest,0.06772908366533864,0.3047808764940239,held-out effect does not replicate,5,0.4866666666666667,0.5133333333333333,0.05206665480638084
0.039620967233118504,rejected,fdr_null,-0.02202741079145576,IF x23 = 1 THEN y = 1 increases,NoStatTest,0.08764940239043825,0.338076266363119,matched counterfactual contrast is weak; held-out effect does not replicate,5,0.49444444444444446,0.5066666666666667,0.04824561403508776
0.015966364406282317,rejected,fdr_null,-0.014151410192973723,IF x11 = 1 THEN y = 1 increases,NoStatTest,0.10358565737051793,0.34661354581673304,weak validation effect; matched counterfactual contrast is weak; held-out effect does not replicate,5,0.5222222222222223,0.48777777777777775,0.0441844262497591
0.02598171457396905,rejected,fdr_null,-0.0018172929249033465,IF x25 = 1 THEN y = 1 increases,NoStatTest,0.11553784860557768,0.34661354581673304,weak validation effect; matched counterfactual contrast is weak; held-out effect does not replicate,5,0.5011111111111111,0.5055555555555555,0.04094332633658476
0.029694875676363235,rejected,fdr_null,-0.0066805350357497795,IF x13 = 1 THEN y = 1 increases,NoStatTest,0.23107569721115537,0.6239043824701195,weak validation effect; matched counterfactual contrast is weak; held-out effect does not replicate,5,0.48777777777777775,0.5033333333333333,0.026341911492362646
0.022262451771874973,rejected,fdr_null,-0.06431060228969637,IF x12 = 1 THEN y = 1 increases,NoStatTest,0.30677290836653387,0.752988047808765,weak validation effect; matched counterfactual contrast is weak; held-out effect does not replicate,5,0.5444444444444444,0.5122222222222222,0.0225220996249611
-0.0023361184053025163,rejected,fdr_null,0.01275491286614755,IF x19 = 1 THEN y = 1 increases,NoStatTest,0.3545816733067729,0.7978087649402391,weak validation effect; matched counterfactual contrast is weak; held-out effect does not replicate,5,0.5166666666666667,0.5055555555555555,0.009828373873317697
0.031776237575055155,rejected,statistical,0.18671769114246994,IF x3 = 1 THEN y = 1 increases,NoStatTest,0.38645418326693226,0.8026356114005517,insufficient support; weak validation effect; matched counterfactual contrast is weak,5,0.24666666666666667,0.04555555555555556,0.034015730145660006
0.0025732183122211035,rejected,fdr_null,0.0036346396965865613,IF x21 = 1 THEN y = 1 increases,NoStatTest,0.4701195219123506,0.9066590779738191,weak validation effect; matched counterfactual contrast is weak; held-out effect does not replicate,5,0.49777777777777776,0.49333333333333335,0.005097202465623507
0.003983743528883973,rejected,fdr_null,-0.013333333333333364,IF x24 = 1 THEN y = 1 increases,NoStatTest,0.5179282868525896,0.9322709163346613,weak validation effect; matched counterfactual contrast is weak; held-out effect does not replicate,5,0.5,0.5166666666666667,0.002817945865776772
0.01401203452666655,rejected,fdr_null,0.01965762475316618,IF x10 = 1 THEN y = 1 increases,NoStatTest,0.5936254980079682,0.94281696742442,weak validation effect; matched counterfactual contrast is weak; held-out effect does not replicate,5,0.5233333333333333,0.4777777777777778,-0.003760514596734321
-0.015707765977670915,rejected,fdr_null,0.014954267991545034,IF x15 = 1 THEN y = 1 increases,NoStatTest,0.5856573705179283,0.94281696742442,weak validation effect; matched counterfactual contrast is weak; held-out effect does not replicate,5,0.5044444444444445,0.4822222222222222,-0.001226241569589226
-0.0027877931072718422,rejected,fdr_null,-0.014748110768987466,IF x27 = 1 THEN y = 1 increases,NoStatTest,0.6414342629482072,0.9454812329628851,weak validation effect; matched counterfactual contrast is weak; held-out effect does not replicate,5,0.5144444444444445,0.4722222222222222,-0.009164086687306505
-0.008985264203968992,rejected,fdr_null,-0.01050947235337113,IF x16 = 1 THEN y = 1 increases,NoStatTest,0.6653386454183267,0.9454812329628851,weak validation effect; matched counterfactual contrast is weak; held-out effect does not replicate,5,0.4955555555555556,0.5055555555555555,-0.012396592171873055
-0.020226732252856774,rejected,fdr_null,-0.04670445056058187,IF x9 = 1 THEN y = 1 increases,NoStatTest,0.7888446215139442,0.9681274900398406,weak validation effect; matched counterfactual contrast is weak; held-out effect does not replicate,5,0.48777777777777775,0.5166666666666667,-0.023878383388950652
-0.025328466945605727,rejected,fdr_null,0.04128074097732354,IF x14 = 1 THEN y = 1 increases,NoStatTest,0.8366533864541833,0.9681274900398406,weak validation effect; matched counterfactual contrast is weak; held-out effect does not replicate,5,0.5511111111111111,0.49333333333333335,-0.0304646752015173
-0.05340892511152012,rejected,fdr_null,0.030606122216216447,IF x22 = 1 THEN y = 1 increases,NoStatTest,0.9163346613545816,0.9681274900398406,weak validation effect; matched counterfactual contrast is weak; held-out effect does not replicate,5,0.4677777777777778,0.5133333333333333,-0.04133309612761665
-0.054091883737499125,rejected,fdr_null,-0.02606062701591988,IF x18 = 1 THEN y = 1 increases,NoStatTest,0.9322709163346613,0.9681274900398406,weak validation effect; matched counterfactual contrast is weak; held-out effect does not replicate,5,0.5077777777777778,0.5022222222222222,-0.05207016434892542
-0.019981431258800957,rejected,fdr_null,-0.013949054339074618,IF x26 = 1 THEN y = 1 increases,NoStatTest,0.8924302788844621,0.9681274900398406,weak validation effect; matched counterfactual contrast is weak; held-out effect does not replicate,5,0.4922222222222222,0.5044444444444445,-0.037474565891625955
-0.05810698300354951,rejected,fdr_null,-0.011107871864175611,IF x20 = 1 THEN y = 1 increases,NoStatTest,0.9282868525896414,0.9681274900398406,weak validation effect; matched counterfactual contrast is weak; held-out effect does not replicate,5,0.5122222222222222,0.5055555555555555,-0.047956537844178304
-0.027752158926827242,rejected,fdr_null,0.006487213464923536,IF x7 = 1 THEN y = 1 increases,NoStatTest,0.7888446215139442,0.9681274900398406,weak validation effect; matched counterfactual contrast is weak; held-out effect does not replicate,5,0.5177777777777778,0.5066666666666667,-0.02287814129919391
-0.062046291928615695,rejected,fdr_null,0.025685295761827265,IF x17 = 1 THEN y = 1 increases,NoStatTest,0.9760956175298805,0.9760956175298806,weak validation effect; matched counterfactual contrast is weak; held-out effect does not replicate,5,0.47888888888888886,0.5066666666666667,-0.06288525367472736
0.21480054872638663,accepted,valid,0.16317815856196033,IF x0 = 1 THEN y = 1 increases,NoFDR,0.00398406374501992,0.00398406374501992,passes all verification gates,5,0.5144444444444445,0.5077777777777778,0.2200334895851342
0.5244574058205718,rejected,holdout,-0.5488201971541996,IF x5 = 1 THEN y = 1 increases,NoFDR,0.00398406374501992,0.00398406374501992,held-out effect does not replicate,5,0.53,0.4577777777777778,0.5801169823332804
0.505143573316986,rejected,support,0.36144969933365834,IF x2 = 1 THEN y = 1 increases,NoFDR,0.00398406374501992,0.00398406374501992,insufficient support,5,0.023333333333333334,0.013333333333333334,0.481981981981982
0.0,rejected,counterfactual,0.20138617485987365,IF x4 = 1 THEN y = 1 increases,NoFDR,0.00398406374501992,0.00398406374501992,matched counterfactual contrast is weak,5,0.5211111111111111,0.4888888888888889,0.26492094861660076
-0.08678611038162617,rejected,redundant,0.1712232988600596,IF x6 = 1 THEN y = 1 increases,NoFDR,0.00398406374501992,0.00398406374501992,matched counterfactual contrast is weak,5,0.5122222222222222,0.5122222222222222,0.16927645654934553
0.0507446948627426,rejected,fdr_null,-0.013757931566150794,IF x8 = 1 THEN y = 1 increases,NoFDR,0.06772908366533864,0.06772908366533864,not significant after raw p-value test; held-out effect does not replicate,5,0.4866666666666667,0.5133333333333333,0.05206665480638084
0.039620967233118504,rejected,fdr_null,-0.02202741079145576,IF x23 = 1 THEN y = 1 increases,NoFDR,0.08764940239043825,0.08764940239043825,not significant after raw p-value test; matched counterfactual contrast is weak; held-out effect does not replicate,5,0.49444444444444446,0.5066666666666667,0.04824561403508776
0.015966364406282317,rejected,fdr_null,-0.014151410192973723,IF x11 = 1 THEN y = 1 increases,NoFDR,0.10358565737051793,0.10358565737051793,weak validation effect; not significant after raw p-value test; matched counterfactual contrast is weak; held-out effect does not replicate,5,0.5222222222222223,0.48777777777777775,0.0441844262497591
0.02598171457396905,rejected,fdr_null,-0.0018172929249033465,IF x25 = 1 THEN y = 1 increases,NoFDR,0.11553784860557768,0.11553784860557768,weak validation effect; not significant after raw p-value test; matched counterfactual contrast is weak; held-out effect does not replicate,5,0.5011111111111111,0.5055555555555555,0.04094332633658476
0.029694875676363235,rejected,fdr_null,-0.0066805350357497795,IF x13 = 1 THEN y = 1 increases,NoFDR,0.23107569721115537,0.23107569721115537,weak validation effect; not significant after raw p-value test; matched counterfactual contrast is weak; held-out effect does not replicate,5,0.48777777777777775,0.5033333333333333,0.026341911492362646
0.022262451771874973,rejected,fdr_null,-0.06431060228969637,IF x12 = 1 THEN y = 1 increases,NoFDR,0.30677290836653387,0.30677290836653387,weak validation effect; not significant after raw p-value test; matched counterfactual contrast is weak; held-out effect does not replicate,5,0.5444444444444444,0.5122222222222222,0.0225220996249611
-0.0023361184053025163,rejected,fdr_null,0.01275491286614755,IF x19 = 1 THEN y = 1 increases,NoFDR,0.3545816733067729,0.3545816733067729,weak validation effect; not significant after raw p-value test; matched counterfactual contrast is weak; held-out effect does not replicate,5,0.5166666666666667,0.5055555555555555,0.009828373873317697
0.031776237575055155,rejected,statistical,0.18671769114246994,IF x3 = 1 THEN y = 1 increases,NoFDR,0.38645418326693226,0.38645418326693226,insufficient support; weak validation effect; not significant after raw p-value test; matched counterfactual contrast is weak,5,0.24666666666666667,0.04555555555555556,0.034015730145660006
0.0025732183122211035,rejected,fdr_null,0.0036346396965865613,IF x21 = 1 THEN y = 1 increases,NoFDR,0.4701195219123506,0.4701195219123506,weak validation effect; not significant after raw p-value test; matched counterfactual contrast is weak; held-out effect does not replicate,5,0.49777777777777776,0.49333333333333335,0.005097202465623507
0.003983743528883973,rejected,fdr_null,-0.013333333333333364,IF x24 = 1 THEN y = 1 increases,NoFDR,0.5179282868525896,0.5179282868525896,weak validation effect; not significant after raw p-value test; matched counterfactual contrast is weak; held-out effect does not replicate,5,0.5,0.5166666666666667,0.002817945865776772
-0.015707765977670915,rejected,fdr_null,0.014954267991545034,IF x15 = 1 THEN y = 1 increases,NoFDR,0.5856573705179283,0.5856573705179283,weak validation effect; not significant after raw p-value test; matched counterfactual contrast is weak; held-out effect does not replicate,5,0.5044444444444445,0.4822222222222222,-0.001226241569589226
0.01401203452666655,rejected,fdr_null,0.01965762475316618,IF x10 = 1 THEN y = 1 increases,NoFDR,0.5936254980079682,0.5936254980079682,weak validation effect; not significant after raw p-value test; matched counterfactual contrast is weak; held-out effect does not replicate,5,0.5233333333333333,0.4777777777777778,-0.003760514596734321
-0.0027877931072718422,rejected,fdr_null,-0.014748110768987466,IF x27 = 1 THEN y = 1 increases,NoFDR,0.6414342629482072,0.6414342629482072,weak validation effect; not significant after raw p-value test; matched counterfactual contrast is weak; held-out effect does not replicate,5,0.5144444444444445,0.4722222222222222,-0.009164086687306505
-0.008985264203968992,rejected,fdr_null,-0.01050947235337113,IF x16 = 1 THEN y = 1 increases,NoFDR,0.6653386454183267,0.6653386454183267,weak validation effect; not significant after raw p-value test; matched counterfactual contrast is weak; held-out effect does not replicate,5,0.4955555555555556,0.5055555555555555,-0.012396592171873055
-0.020226732252856774,rejected,fdr_null,-0.04670445056058187,IF x9 = 1 THEN y = 1 increases,NoFDR,0.7888446215139442,0.7888446215139442,weak validation effect; not significant after raw p-value test; matched counterfactual contrast is weak; held-out effect does not replicate,5,0.48777777777777775,0.5166666666666667,-0.023878383388950652
-0.027752158926827242,rejected,fdr_null,0.006487213464923536,IF x7 = 1 THEN y = 1 increases,NoFDR,0.7888446215139442,0.7888446215139442,weak validation effect; not significant after raw p-value test; matched counterfactual contrast is weak; held-out effect does not replicate,5,0.5177777777777778,0.5066666666666667,-0.02287814129919391
-0.025328466945605727,rejected,fdr_null,0.04128074097732354,IF x14 = 1 THEN y = 1 increases,NoFDR,0.8366533864541833,0.8366533864541833,weak validation effect; not significant after raw p-value test; matched counterfactual contrast is weak; held-out effect does not replicate,5,0.5511111111111111,0.49333333333333335,-0.0304646752015173
-0.019981431258800957,rejected,fdr_null,-0.013949054339074618,IF x26 = 1 THEN y = 1 increases,NoFDR,0.8924302788844621,0.8924302788844621,weak validation effect; not significant after raw p-value test; matched counterfactual contrast is weak; held-out effect does not replicate,5,0.4922222222222222,0.5044444444444445,-0.037474565891625955
-0.05340892511152012,rejected,fdr_null,0.030606122216216447,IF x22 = 1 THEN y = 1 increases,NoFDR,0.9163346613545816,0.9163346613545816,weak validation effect; not significant after raw p-value test; matched counterfactual contrast is weak; held-out effect does not replicate,5,0.4677777777777778,0.5133333333333333,-0.04133309612761665
-0.05810698300354951,rejected,fdr_null,-0.011107871864175611,IF x20 = 1 THEN y = 1 increases,NoFDR,0.9282868525896414,0.9282868525896414,weak validation effect; not significant after raw p-value test; matched counterfactual contrast is weak; held-out effect does not replicate,5,0.5122222222222222,0.5055555555555555,-0.047956537844178304
-0.054091883737499125,rejected,fdr_null,-0.02606062701591988,IF x18 = 1 THEN y = 1 increases,NoFDR,0.9322709163346613,0.9322709163346613,weak validation effect; not significant after raw p-value test; matched counterfactual contrast is weak; held-out effect does not replicate,5,0.5077777777777778,0.5022222222222222,-0.05207016434892542
-0.062046291928615695,rejected,fdr_null,0.025685295761827265,IF x17 = 1 THEN y = 1 increases,NoFDR,0.9760956175298805,0.9760956175298805,weak validation effect; not significant after raw p-value test; matched counterfactual contrast is weak; held-out effect does not replicate,5,0.47888888888888886,0.5066666666666667,-0.06288525367472736
0.0,accepted,counterfactual,0.20138617485987365,IF x4 = 1 THEN y = 1 increases,NoCounterfactual,0.00398406374501992,0.02151394422310757,passes all verification gates,5,0.5211111111111111,0.4888888888888889,0.26492094861660076
-0.08678611038162617,accepted,redundant,0.1712232988600596,IF x6 = 1 THEN y = 1 increases,NoCounterfactual,0.00398406374501992,0.02151394422310757,passes all verification gates,5,0.5122222222222222,0.5122222222222222,0.16927645654934553
0.21480054872638663,accepted,valid,0.16317815856196033,IF x0 = 1 THEN y = 1 increases,NoCounterfactual,0.00398406374501992,0.02151394422310757,passes all verification gates,5,0.5144444444444445,0.5077777777777778,0.2200334895851342
0.5244574058205718,rejected,holdout,-0.5488201971541996,IF x5 = 1 THEN y = 1 increases,NoCounterfactual,0.00398406374501992,0.02151394422310757,held-out effect does not replicate,5,0.53,0.4577777777777778,0.5801169823332804
0.505143573316986,rejected,support,0.36144969933365834,IF x2 = 1 THEN y = 1 increases,NoCounterfactual,0.00398406374501992,0.02151394422310757,insufficient support,5,0.023333333333333334,0.013333333333333334,0.481981981981982
0.0507446948627426,rejected,fdr_null,-0.013757931566150794,IF x8 = 1 THEN y = 1 increases,NoCounterfactual,0.06772908366533864,0.3047808764940239,not significant after FDR correction; held-out effect does not replicate,5,0.4866666666666667,0.5133333333333333,0.05206665480638084
0.039620967233118504,rejected,fdr_null,-0.02202741079145576,IF x23 = 1 THEN y = 1 increases,NoCounterfactual,0.08764940239043825,0.338076266363119,not significant after FDR correction; held-out effect does not replicate,5,0.49444444444444446,0.5066666666666667,0.04824561403508776
0.015966364406282317,rejected,fdr_null,-0.014151410192973723,IF x11 = 1 THEN y = 1 increases,NoCounterfactual,0.10358565737051793,0.34661354581673304,weak validation effect; not significant after FDR correction; held-out effect does not replicate,5,0.5222222222222223,0.48777777777777775,0.0441844262497591
0.02598171457396905,rejected,fdr_null,-0.0018172929249033465,IF x25 = 1 THEN y = 1 increases,NoCounterfactual,0.11553784860557768,0.34661354581673304,weak validation effect; not significant after FDR correction; held-out effect does not replicate,5,0.5011111111111111,0.5055555555555555,0.04094332633658476
0.029694875676363235,rejected,fdr_null,-0.0066805350357497795,IF x13 = 1 THEN y = 1 increases,NoCounterfactual,0.23107569721115537,0.6239043824701195,weak validation effect; not significant after FDR correction; held-out effect does not replicate,5,0.48777777777777775,0.5033333333333333,0.026341911492362646
0.022262451771874973,rejected,fdr_null,-0.06431060228969637,IF x12 = 1 THEN y = 1 increases,NoCounterfactual,0.30677290836653387,0.752988047808765,weak validation effect; not significant after FDR correction; held-out effect does not replicate,5,0.5444444444444444,0.5122222222222222,0.0225220996249611
-0.0023361184053025163,rejected,fdr_null,0.01275491286614755,IF x19 = 1 THEN y = 1 increases,NoCounterfactual,0.3545816733067729,0.7978087649402391,weak validation effect; not significant after FDR correction; held-out effect does not replicate,5,0.5166666666666667,0.5055555555555555,0.009828373873317697
0.031776237575055155,rejected,statistical,0.18671769114246994,IF x3 = 1 THEN y = 1 increases,NoCounterfactual,0.38645418326693226,0.8026356114005517,insufficient support; weak validation effect; not significant after FDR correction,5,0.24666666666666667,0.04555555555555556,0.034015730145660006
0.0025732183122211035,rejected,fdr_null,0.0036346396965865613,IF x21 = 1 THEN y = 1 increases,NoCounterfactual,0.4701195219123506,0.9066590779738191,weak validation effect; not significant after FDR correction; held-out effect does not replicate,5,0.49777777777777776,0.49333333333333335,0.005097202465623507
0.003983743528883973,rejected,fdr_null,-0.013333333333333364,IF x24 = 1 THEN y = 1 increases,NoCounterfactual,0.5179282868525896,0.9322709163346613,weak validation effect; not significant after FDR correction; held-out effect does not replicate,5,0.5,0.5166666666666667,0.002817945865776772
0.01401203452666655,rejected,fdr_null,0.01965762475316618,IF x10 = 1 THEN y = 1 increases,NoCounterfactual,0.5936254980079682,0.94281696742442,weak validation effect; not significant after FDR correction; held-out effect does not replicate,5,0.5233333333333333,0.4777777777777778,-0.003760514596734321
-0.015707765977670915,rejected,fdr_null,0.014954267991545034,IF x15 = 1 THEN y = 1 increases,NoCounterfactual,0.5856573705179283,0.94281696742442,weak validation effect; not significant after FDR correction; held-out effect does not replicate,5,0.5044444444444445,0.4822222222222222,-0.001226241569589226
-0.0027877931072718422,rejected,fdr_null,-0.014748110768987466,IF x27 = 1 THEN y = 1 increases,NoCounterfactual,0.6414342629482072,0.9454812329628851,weak validation effect; not significant after FDR correction; held-out effect does not replicate,5,0.5144444444444445,0.4722222222222222,-0.009164086687306505
-0.008985264203968992,rejected,fdr_null,-0.01050947235337113,IF x16 = 1 THEN y = 1 increases,NoCounterfactual,0.6653386454183267,0.9454812329628851,weak validation effect; not significant after FDR correction; held-out effect does not replicate,5,0.4955555555555556,0.5055555555555555,-0.012396592171873055
-0.020226732252856774,rejected,fdr_null,-0.04670445056058187,IF x9 = 1 THEN y = 1 increases,NoCounterfactual,0.7888446215139442,0.9681274900398406,weak validation effect; not significant after FDR correction; held-out effect does not replicate,5,0.48777777777777775,0.5166666666666667,-0.023878383388950652
-0.025328466945605727,rejected,fdr_null,0.04128074097732354,IF x14 = 1 THEN y = 1 increases,NoCounterfactual,0.8366533864541833,0.9681274900398406,weak validation effect; not significant after FDR correction; held-out effect does not replicate,5,0.5511111111111111,0.49333333333333335,-0.0304646752015173
-0.05340892511152012,rejected,fdr_null,0.030606122216216447,IF x22 = 1 THEN y = 1 increases,NoCounterfactual,0.9163346613545816,0.9681274900398406,weak validation effect; not significant after FDR correction; held-out effect does not replicate,5,0.4677777777777778,0.5133333333333333,-0.04133309612761665
-0.054091883737499125,rejected,fdr_null,-0.02606062701591988,IF x18 = 1 THEN y = 1 increases,NoCounterfactual,0.9322709163346613,0.9681274900398406,weak validation effect; not significant after FDR correction; held-out effect does not replicate,5,0.5077777777777778,0.5022222222222222,-0.05207016434892542
-0.019981431258800957,rejected,fdr_null,-0.013949054339074618,IF x26 = 1 THEN y = 1 increases,NoCounterfactual,0.8924302788844621,0.9681274900398406,weak validation effect; not significant after FDR correction; held-out effect does not replicate,5,0.4922222222222222,0.5044444444444445,-0.037474565891625955
-0.05810698300354951,rejected,fdr_null,-0.011107871864175611,IF x20 = 1 THEN y = 1 increases,NoCounterfactual,0.9282868525896414,0.9681274900398406,weak validation effect; not significant after FDR correction; held-out effect does not replicate,5,0.5122222222222222,0.5055555555555555,-0.047956537844178304
-0.027752158926827242,rejected,fdr_null,0.006487213464923536,IF x7 = 1 THEN y = 1 increases,NoCounterfactual,0.7888446215139442,0.9681274900398406,weak validation effect; not significant after FDR correction; held-out effect does not replicate,5,0.5177777777777778,0.5066666666666667,-0.02287814129919391
-0.062046291928615695,rejected,fdr_null,0.025685295761827265,IF x17 = 1 THEN y = 1 increases,NoCounterfactual,0.9760956175298805,0.9760956175298806,weak validation effect; not significant after FDR correction; held-out effect does not replicate,5,0.47888888888888886,0.5066666666666667,-0.06288525367472736
0.5244574058205718,accepted,holdout,-0.5488201971541996,IF x5 = 1 THEN y = 1 increases,NoHeldout,0.00398406374501992,0.02151394422310757,passes all verification gates,5,0.53,0.4577777777777778,0.5801169823332804
0.21480054872638663,accepted,valid,0.16317815856196033,IF x0 = 1 THEN y = 1 increases,NoHeldout,0.00398406374501992,0.02151394422310757,passes all verification gates,5,0.5144444444444445,0.5077777777777778,0.2200334895851342
0.505143573316986,rejected,support,0.36144969933365834,IF x2 = 1 THEN y = 1 increases,NoHeldout,0.00398406374501992,0.02151394422310757,insufficient support,5,0.023333333333333334,0.013333333333333334,0.481981981981982
0.0,rejected,counterfactual,0.20138617485987365,IF x4 = 1 THEN y = 1 increases,NoHeldout,0.00398406374501992,0.02151394422310757,matched counterfactual contrast is weak,5,0.5211111111111111,0.4888888888888889,0.26492094861660076
-0.08678611038162617,rejected,redundant,0.1712232988600596,IF x6 = 1 THEN y = 1 increases,NoHeldout,0.00398406374501992,0.02151394422310757,matched counterfactual contrast is weak,5,0.5122222222222222,0.5122222222222222,0.16927645654934553
0.0507446948627426,rejected,fdr_null,-0.013757931566150794,IF x8 = 1 THEN y = 1 increases,NoHeldout,0.06772908366533864,0.3047808764940239,not significant after FDR correction,5,0.4866666666666667,0.5133333333333333,0.05206665480638084
0.039620967233118504,rejected,fdr_null,-0.02202741079145576,IF x23 = 1 THEN y = 1 increases,NoHeldout,0.08764940239043825,0.338076266363119,not significant after FDR correction; matched counterfactual contrast is weak,5,0.49444444444444446,0.5066666666666667,0.04824561403508776
0.015966364406282317,rejected,fdr_null,-0.014151410192973723,IF x11 = 1 THEN y = 1 increases,NoHeldout,0.10358565737051793,0.34661354581673304,weak validation effect; not significant after FDR correction; matched counterfactual contrast is weak,5,0.5222222222222223,0.48777777777777775,0.0441844262497591
0.02598171457396905,rejected,fdr_null,-0.0018172929249033465,IF x25 = 1 THEN y = 1 increases,NoHeldout,0.11553784860557768,0.34661354581673304,weak validation effect; not significant after FDR correction; matched counterfactual contrast is weak,5,0.5011111111111111,0.5055555555555555,0.04094332633658476
0.029694875676363235,rejected,fdr_null,-0.0066805350357497795,IF x13 = 1 THEN y = 1 increases,NoHeldout,0.23107569721115537,0.6239043824701195,weak validation effect; not significant after FDR correction; matched counterfactual contrast is weak,5,0.48777777777777775,0.5033333333333333,0.026341911492362646
0.022262451771874973,rejected,fdr_null,-0.06431060228969637,IF x12 = 1 THEN y = 1 increases,NoHeldout,0.30677290836653387,0.752988047808765,weak validation effect; not significant after FDR correction; matched counterfactual contrast is weak,5,0.5444444444444444,0.5122222222222222,0.0225220996249611
-0.0023361184053025163,rejected,fdr_null,0.01275491286614755,IF x19 = 1 THEN y = 1 increases,NoHeldout,0.3545816733067729,0.7978087649402391,weak validation effect; not significant after FDR correction; matched counterfactual contrast is weak,5,0.5166666666666667,0.5055555555555555,0.009828373873317697
0.031776237575055155,rejected,statistical,0.18671769114246994,IF x3 = 1 THEN y = 1 increases,NoHeldout,0.38645418326693226,0.8026356114005517,insufficient support; weak validation effect; not significant after FDR correction; matched counterfactual contrast is weak,5,0.24666666666666667,0.04555555555555556,0.034015730145660006
0.0025732183122211035,rejected,fdr_null,0.0036346396965865613,IF x21 = 1 THEN y = 1 increases,NoHeldout,0.4701195219123506,0.9066590779738191,weak validation effect; not significant after FDR correction; matched counterfactual contrast is weak,5,0.49777777777777776,0.49333333333333335,0.005097202465623507
0.003983743528883973,rejected,fdr_null,-0.013333333333333364,IF x24 = 1 THEN y = 1 increases,NoHeldout,0.5179282868525896,0.9322709163346613,weak validation effect; not significant after FDR correction; matched counterfactual contrast is weak,5,0.5,0.5166666666666667,0.002817945865776772
0.01401203452666655,rejected,fdr_null,0.01965762475316618,IF x10 = 1 THEN y = 1 increases,NoHeldout,0.5936254980079682,0.94281696742442,weak validation effect; not significant after FDR correction; matched counterfactual contrast is weak,5,0.5233333333333333,0.4777777777777778,-0.003760514596734321
-0.015707765977670915,rejected,fdr_null,0.014954267991545034,IF x15 = 1 THEN y = 1 increases,NoHeldout,0.5856573705179283,0.94281696742442,weak validation effect; not significant after FDR correction; matched counterfactual contrast is weak,5,0.5044444444444445,0.4822222222222222,-0.001226241569589226
-0.0027877931072718422,rejected,fdr_null,-0.014748110768987466,IF x27 = 1 THEN y = 1 increases,NoHeldout,0.6414342629482072,0.9454812329628851,weak validation effect; not significant after FDR correction; matched counterfactual contrast is weak,5,0.5144444444444445,0.4722222222222222,-0.009164086687306505
-0.008985264203968992,rejected,fdr_null,-0.01050947235337113,IF x16 = 1 THEN y = 1 increases,NoHeldout,0.6653386454183267,0.9454812329628851,weak validation effect; not significant after FDR correction; matched counterfactual contrast is weak,5,0.4955555555555556,0.5055555555555555,-0.012396592171873055
-0.020226732252856774,rejected,fdr_null,-0.04670445056058187,IF x9 = 1 THEN y = 1 increases,NoHeldout,0.7888446215139442,0.9681274900398406,weak validation effect; not significant after FDR correction; matched counterfactual contrast is weak,5,0.48777777777777775,0.5166666666666667,-0.023878383388950652
-0.025328466945605727,rejected,fdr_null,0.04128074097732354,IF x14 = 1 THEN y = 1 increases,NoHeldout,0.8366533864541833,0.9681274900398406,weak validation effect; not significant after FDR correction; matched counterfactual contrast is weak,5,0.5511111111111111,0.49333333333333335,-0.0304646752015173
-0.05340892511152012,rejected,fdr_null,0.030606122216216447,IF x22 = 1 THEN y = 1 increases,NoHeldout,0.9163346613545816,0.9681274900398406,weak validation effect; not significant after FDR correction; matched counterfactual contrast is weak,5,0.4677777777777778,0.5133333333333333,-0.04133309612761665
-0.054091883737499125,rejected,fdr_null,-0.02606062701591988,IF x18 = 1 THEN y = 1 increases,NoHeldout,0.9322709163346613,0.9681274900398406,weak validation effect; not significant after FDR correction; matched counterfactual contrast is weak,5,0.5077777777777778,0.5022222222222222,-0.05207016434892542
-0.019981431258800957,rejected,fdr_null,-0.013949054339074618,IF x26 = 1 THEN y = 1 increases,NoHeldout,0.8924302788844621,0.9681274900398406,weak validation effect; not significant after FDR correction; matched counterfactual contrast is weak,5,0.4922222222222222,0.5044444444444445,-0.037474565891625955
-0.05810698300354951,rejected,fdr_null,-0.011107871864175611,IF x20 = 1 THEN y = 1 increases,NoHeldout,0.9282868525896414,0.9681274900398406,weak validation effect; not significant after FDR correction; matched counterfactual contrast is weak,5,0.5122222222222222,0.5055555555555555,-0.047956537844178304
-0.027752158926827242,rejected,fdr_null,0.006487213464923536,IF x7 = 1 THEN y = 1 increases,NoHeldout,0.7888446215139442,0.9681274900398406,weak validation effect; not significant after FDR correction; matched counterfactual contrast is weak,5,0.5177777777777778,0.5066666666666667,-0.02287814129919391
-0.062046291928615695,rejected,fdr_null,0.025685295761827265,IF x17 = 1 THEN y = 1 increases,NoHeldout,0.9760956175298805,0.9760956175298806,weak validation effect; not significant after FDR correction; matched counterfactual contrast is weak,5,0.47888888888888886,0.5066666666666667,-0.06288525367472736
0.0,accepted,counterfactual,0.20138617485987365,IF x4 = 1 THEN y = 1 increases,NoEffect,0.00398406374501992,0.02151394422310757,passes all verification gates,5,0.5211111111111111,0.4888888888888889,0.26492094861660076
-0.08678611038162617,accepted,redundant,0.1712232988600596,IF x6 = 1 THEN y = 1 increases,NoEffect,0.00398406374501992,0.02151394422310757,passes all verification gates,5,0.5122222222222222,0.5122222222222222,0.16927645654934553
0.21480054872638663,accepted,valid,0.16317815856196033,IF x0 = 1 THEN y = 1 increases,NoEffect,0.00398406374501992,0.02151394422310757,passes all verification gates,5,0.5144444444444445,0.5077777777777778,0.2200334895851342
0.5244574058205718,rejected,holdout,-0.5488201971541996,IF x5 = 1 THEN y = 1 increases,NoEffect,0.00398406374501992,0.02151394422310757,held-out effect does not replicate,5,0.53,0.4577777777777778,0.5801169823332804
0.505143573316986,rejected,support,0.36144969933365834,IF x2 = 1 THEN y = 1 increases,NoEffect,0.00398406374501992,0.02151394422310757,insufficient support,5,0.023333333333333334,0.013333333333333334,0.481981981981982
0.0507446948627426,rejected,fdr_null,-0.013757931566150794,IF x8 = 1 THEN y = 1 increases,NoEffect,0.06772908366533864,0.3047808764940239,not significant after FDR correction; held-out effect does not replicate,5,0.4866666666666667,0.5133333333333333,0.05206665480638084
0.039620967233118504,rejected,fdr_null,-0.02202741079145576,IF x23 = 1 THEN y = 1 increases,NoEffect,0.08764940239043825,0.338076266363119,not significant after FDR correction; held-out effect does not replicate,5,0.49444444444444446,0.5066666666666667,0.04824561403508776
0.015966364406282317,rejected,fdr_null,-0.014151410192973723,IF x11 = 1 THEN y = 1 increases,NoEffect,0.10358565737051793,0.34661354581673304,not significant after FDR correction; held-out effect does not replicate,5,0.5222222222222223,0.48777777777777775,0.0441844262497591
0.02598171457396905,rejected,fdr_null,-0.0018172929249033465,IF x25 = 1 THEN y = 1 increases,NoEffect,0.11553784860557768,0.34661354581673304,not significant after FDR correction; held-out effect does not replicate,5,0.5011111111111111,0.5055555555555555,0.04094332633658476
0.029694875676363235,rejected,fdr_null,-0.0066805350357497795,IF x13 = 1 THEN y = 1 increases,NoEffect,0.23107569721115537,0.6239043824701195,not significant after FDR correction; held-out effect does not replicate,5,0.48777777777777775,0.5033333333333333,0.026341911492362646
0.022262451771874973,rejected,fdr_null,-0.06431060228969637,IF x12 = 1 THEN y = 1 increases,NoEffect,0.30677290836653387,0.752988047808765,not significant after FDR correction; held-out effect does not replicate,5,0.5444444444444444,0.5122222222222222,0.0225220996249611
-0.0023361184053025163,rejected,fdr_null,0.01275491286614755,IF x19 = 1 THEN y = 1 increases,NoEffect,0.3545816733067729,0.7978087649402391,not significant after FDR correction; held-out effect does not replicate,5,0.5166666666666667,0.5055555555555555,0.009828373873317697
0.031776237575055155,rejected,statistical,0.18671769114246994,IF x3 = 1 THEN y = 1 increases,NoEffect,0.38645418326693226,0.8026356114005517,insufficient support; not significant after FDR correction,5,0.24666666666666667,0.04555555555555556,0.034015730145660006
0.0025732183122211035,rejected,fdr_null,0.0036346396965865613,IF x21 = 1 THEN y = 1 increases,NoEffect,0.4701195219123506,0.9066590779738191,not significant after FDR correction; held-out effect does not replicate,5,0.49777777777777776,0.49333333333333335,0.005097202465623507
0.003983743528883973,rejected,fdr_null,-0.013333333333333364,IF x24 = 1 THEN y = 1 increases,NoEffect,0.5179282868525896,0.9322709163346613,not significant after FDR correction; held-out effect does not replicate,5,0.5,0.5166666666666667,0.002817945865776772
0.01401203452666655,rejected,fdr_null,0.01965762475316618,IF x10 = 1 THEN y = 1 increases,NoEffect,0.5936254980079682,0.94281696742442,not significant after FDR correction; held-out effect does not replicate,5,0.5233333333333333,0.4777777777777778,-0.003760514596734321
-0.015707765977670915,rejected,fdr_null,0.014954267991545034,IF x15 = 1 THEN y = 1 increases,NoEffect,0.5856573705179283,0.94281696742442,not significant after FDR correction; held-out effect does not replicate,5,0.5044444444444445,0.4822222222222222,-0.001226241569589226
-0.0027877931072718422,rejected,fdr_null,-0.014748110768987466,IF x27 = 1 THEN y = 1 increases,NoEffect,0.6414342629482072,0.9454812329628851,not significant after FDR correction; held-out effect does not replicate,5,0.5144444444444445,0.4722222222222222,-0.009164086687306505
-0.008985264203968992,rejected,fdr_null,-0.01050947235337113,IF x16 = 1 THEN y = 1 increases,NoEffect,0.6653386454183267,0.9454812329628851,not significant after FDR correction; held-out effect does not replicate,5,0.4955555555555556,0.5055555555555555,-0.012396592171873055
-0.020226732252856774,rejected,fdr_null,-0.04670445056058187,IF x9 = 1 THEN y = 1 increases,NoEffect,0.7888446215139442,0.9681274900398406,not significant after FDR correction; held-out effect does not replicate,5,0.48777777777777775,0.5166666666666667,-0.023878383388950652
-0.025328466945605727,rejected,fdr_null,0.04128074097732354,IF x14 = 1 THEN y = 1 increases,NoEffect,0.8366533864541833,0.9681274900398406,not significant after FDR correction; held-out effect does not replicate,5,0.5511111111111111,0.49333333333333335,-0.0304646752015173
-0.05340892511152012,rejected,fdr_null,0.030606122216216447,IF x22 = 1 THEN y = 1 increases,NoEffect,0.9163346613545816,0.9681274900398406,not significant after FDR correction; held-out effect does not replicate,5,0.4677777777777778,0.5133333333333333,-0.04133309612761665
-0.054091883737499125,rejected,fdr_null,-0.02606062701591988,IF x18 = 1 THEN y = 1 increases,NoEffect,0.9322709163346613,0.9681274900398406,not significant after FDR correction; held-out effect does not replicate,5,0.5077777777777778,0.5022222222222222,-0.05207016434892542
-0.019981431258800957,rejected,fdr_null,-0.013949054339074618,IF x26 = 1 THEN y = 1 increases,NoEffect,0.8924302788844621,0.9681274900398406,not significant after FDR correction; held-out effect does not replicate,5,0.4922222222222222,0.5044444444444445,-0.037474565891625955
-0.05810698300354951,rejected,fdr_null,-0.011107871864175611,IF x20 = 1 THEN y = 1 increases,NoEffect,0.9282868525896414,0.9681274900398406,not significant after FDR correction; held-out effect does not replicate,5,0.5122222222222222,0.5055555555555555,-0.047956537844178304
-0.027752158926827242,rejected,fdr_null,0.006487213464923536,IF x7 = 1 THEN y = 1 increases,NoEffect,0.7888446215139442,0.9681274900398406,not significant after FDR correction; held-out effect does not replicate,5,0.5177777777777778,0.5066666666666667,-0.02287814129919391
-0.062046291928615695,rejected,fdr_null,0.025685295761827265,IF x17 = 1 THEN y = 1 increases,NoEffect,0.9760956175298805,0.9760956175298806,not significant after FDR correction; held-out effect does not replicate,5,0.47888888888888886,0.5066666666666667,-0.06288525367472736
0.18319630134807705,accepted,valid,0.1832970354237966,IF x0 = 1 THEN y = 1 increases,FullVerifier,0.00398406374501992,0.02151394422310757,passes all verification gates,6,0.49666666666666665,0.5155555555555555,0.1973070230939576
0.4911560609304091,rejected,holdout,-0.6073717948717948,IF x5 = 1 THEN y = 1 increases,FullVerifier,0.00398406374501992,0.02151394422310757,held-out effect does not replicate,6,0.52,0.45111111111111113,0.5550048862208572
0.45327050692857396,rejected,support,0.5211428571428571,IF x2 = 1 THEN y = 1 increases,FullVerifier,0.00398406374501992,0.02151394422310757,insufficient support,6,0.027777777777777776,0.01,0.526374859708193
0.0,rejected,counterfactual,0.1910692047678349,IF x4 = 1 THEN y = 1 increases,FullVerifier,0.00398406374501992,0.02151394422310757,matched counterfactual contrast is weak,6,0.4866666666666667,0.5155555555555555,0.3040770325846251
-0.011759463276315305,rejected,redundant,0.13777777777777778,IF x6 = 1 THEN y = 1 increases,FullVerifier,0.00398406374501992,0.02151394422310757,matched counterfactual contrast is weak,6,0.5,0.5044444444444445,0.1690306394579325
0.0404404543201899,rejected,fdr_null,0.02866809116809116,IF x12 = 1 THEN y = 1 increases,FullVerifier,0.055776892430278883,0.250996015936255,not significant after FDR correction; matched counterfactual contrast is weak; held-out effect does not replicate,6,0.48,0.4922222222222222,0.053677186084534034
0.0427039921935995,rejected,fdr_null,0.027885682574916748,IF x10 = 1 THEN y = 1 increases,FullVerifier,0.06772908366533864,0.26124075128059193,not significant after FDR correction; matched counterfactual contrast is weak; held-out effect does not replicate,6,0.5288888888888889,0.5255555555555556,0.04920013269231721
0.037306730755085324,rejected,fdr_null,-0.007179446609046514,IF x11 = 1 THEN y = 1 increases,FullVerifier,0.10756972111553785,0.36304780876494025,weak validation effect; not significant after FDR correction; matched counterfactual contrast is weak; held-out effect does not replicate,6,0.5177777777777778,0.49444444444444446,0.04151129769107298
0.03266236704684784,rejected,statistical,0.20117272662193558,IF x3 = 1 THEN y = 1 increases,FullVerifier,0.35856573705179284,0.7145702902675015,weak validation effect; not significant after FDR correction; matched counterfactual contrast is weak,6,0.2544444444444444,0.05555555555555555,0.03411764705882353
0.013768940258710491,rejected,fdr_null,-0.02313681868743045,IF x9 = 1 THEN y = 1 increases,FullVerifier,0.3705179282868526,0.7145702902675015,weak validation effect; not significant after FDR correction; matched counterfactual contrast is weak; held-out effect does not replicate,6,0.5166666666666667,0.5144444444444445,0.016542200651407823
0.022821860968019643,rejected,fdr_null,-0.022993046776232595,IF x7 = 1 THEN y = 1 increases,FullVerifier,0.35856573705179284,0.7145702902675015,weak validation effect; not significant after FDR correction; matched counterfactual contrast is weak; held-out effect does not replicate,6,0.49777777777777776,0.5044444444444445,0.0134627921218467
-0.007086662403636716,rejected,fdr_null,-0.02269127197845716,IF x21 = 1 THEN y = 1 increases,FullVerifier,0.32669322709163345,0.7145702902675015,weak validation effect; not significant after FDR correction; matched counterfactual contrast is weak; held-out effect does not replicate,6,0.5244444444444445,0.49,0.012493886443466329
0.02661856943108678,rejected,fdr_null,0.019520974664266943,IF x27 = 1 THEN y = 1 increases,FullVerifier,0.32669322709163345,0.7145702902675015,weak validation effect; not significant after FDR correction; matched counterfactual contrast is weak; held-out effect does not replicate,6,0.5177777777777778,0.5222222222222223,0.014002968827313222
0.03208495032590824,rejected,fdr_null,0.011496353068410237,IF x23 = 1 THEN y = 1 increases,FullVerifier,0.30677290836653387,0.7145702902675015,weak validation effect; not significant after FDR correction; matched counterfactual contrast is weak; held-out effect does not replicate,6,0.5011111111111111,0.4866666666666667,0.021852576647097166
0.011102149314576112,rejected,fdr_null,-0.0018370461088696999,IF x19 = 1 THEN y = 1 increases,FullVerifier,0.398406374501992,0.7171314741035856,weak validation effect; not significant after FDR correction; matched counterfactual contrast is weak; held-out effect does not replicate,6,0.5011111111111111,0.49444444444444446,0.014841338436844043
-0.057026060848262214,rejected,fdr_null,0.03294831085585609,IF x26 = 1 THEN y = 1 increases,FullVerifier,0.9482071713147411,0.9846766779037696,weak validation effect; not significant after FDR correction; matched counterfactual contrast is weak; held-out effect does not replicate,6,0.4988888888888889,0.49666666666666665,-0.05065410314532498
-0.022077972064814225,rejected,fdr_null,-0.02580645161290318,IF x22 = 1 THEN y = 1 increases,FullVerifier,0.8406374501992032,0.9846766779037696,weak validation effect; not significant after FDR correction; matched counterfactual contrast is weak; held-out effect does not replicate,6,0.48333333333333334,0.5,-0.024444444444444435
-0.033266209064831964,rejected,fdr_null,-0.024750712250712237,IF x24 = 1 THEN y = 1 increases,FullVerifier,0.9282868525896414,0.9846766779037696,weak validation effect; not significant after FDR correction; matched counterfactual contrast is weak; held-out effect does not replicate,6,0.48,0.48777777777777775,-0.037597774472647894
-0.0002536936657319049,rejected,fdr_null,0.02009246088193456,IF x13 = 1 THEN y = 1 increases,FullVerifier,0.6972111553784861,0.9846766779037696,weak validation effect; not significant after FDR correction; matched counterfactual contrast is weak; held-out effect does not replicate,6,0.5066666666666667,0.5333333333333333,-0.015773809523809523
-0.014273580926442094,rejected,fdr_null,-0.01777777777777778,IF x15 = 1 THEN y = 1 increases,FullVerifier,0.6175298804780877,0.9846766779037696,weak validation effect; not significant after FDR correction; matched counterfactual contrast is weak; held-out effect does not replicate,6,0.5,0.5344444444444445,-0.004024035050288033
-0.04203169007207462,rejected,fdr_null,0.01270412933674353,IF x18 = 1 THEN y = 1 increases,FullVerifier,0.6533864541832669,0.9846766779037696,weak validation effect; not significant after FDR correction; matched counterfactual contrast is weak; held-out effect does not replicate,6,0.47888888888888886,0.4855555555555556,-0.012094043918134123
-0.013683663742968243,rejected,fdr_null,-0.008593653537473767,IF x16 = 1 THEN y = 1 increases,FullVerifier,0.896414342629482,0.9846766779037696,weak validation effect; not significant after FDR correction; matched counterfactual contrast is weak; held-out effect does not replicate,6,0.49444444444444446,0.4855555555555556,-0.038782984317776326
-0.05960824834251978,rejected,fdr_null,0.004919708966614145,IF x25 = 1 THEN y = 1 increases,FullVerifier,0.9043824701195219,0.9846766779037696,weak validation effect; not significant after FDR correction; matched counterfactual contrast is weak; held-out effect does not replicate,6,0.5077777777777778,0.49333333333333335,-0.041311047889995234
-0.01977845107209712,rejected,fdr_null,-0.00385375494071144,IF x20 = 1 THEN y = 1 increases,FullVerifier,0.8127490039840638,0.9846766779037696,weak validation effect; not significant after FDR correction; matched counterfactual contrast is weak; held-out effect does not replicate,6,0.4888888888888889,0.5388888888888889,-0.028493354862749953
-0.011294107609746074,rejected,fdr_null,-0.0011875309252845079,IF x8 = 1 THEN y = 1 increases,FullVerifier,0.7370517928286853,0.9846766779037696,weak validation effect; not significant after FDR correction; matched counterfactual contrast is weak; held-out effect does not replicate,6,0.5222222222222223,0.5155555555555555,-0.020681746282821878
-0.021599076033313232,rejected,fdr_null,-0.001012527546705333,IF x14 = 1 THEN y = 1 increases,FullVerifier,0.8725099601593626,0.9846766779037696,weak validation effect; not significant after FDR correction; matched counterfactual contrast is weak; held-out effect does not replicate,6,0.5355555555555556,0.5033333333333333,-0.03823873653643867
-0.04810710516504625,rejected,fdr_null,-0.12208776602315458,IF x17 = 1 THEN y = 1 increases,FullVerifier,0.9920318725099602,0.99203187250996,weak validation effect; not significant after FDR correction; matched counterfactual contrast is weak; held-out effect does not replicate,6,0.48777777777777775,0.5033333333333333,-0.06046194645687958
0.45327050692857396,accepted,support,0.5211428571428571,IF x2 = 1 THEN y = 1 increases,NoSupport,0.00398406374501992,0.02151394422310757,passes all verification gates,6,0.027777777777777776,0.01,0.526374859708193
0.18319630134807705,accepted,valid,0.1832970354237966,IF x0 = 1 THEN y = 1 increases,NoSupport,0.00398406374501992,0.02151394422310757,passes all verification gates,6,0.49666666666666665,0.5155555555555555,0.1973070230939576
0.4911560609304091,rejected,holdout,-0.6073717948717948,IF x5 = 1 THEN y = 1 increases,NoSupport,0.00398406374501992,0.02151394422310757,held-out effect does not replicate,6,0.52,0.45111111111111113,0.5550048862208572
0.0,rejected,counterfactual,0.1910692047678349,IF x4 = 1 THEN y = 1 increases,NoSupport,0.00398406374501992,0.02151394422310757,matched counterfactual contrast is weak,6,0.4866666666666667,0.5155555555555555,0.3040770325846251
-0.011759463276315305,rejected,redundant,0.13777777777777778,IF x6 = 1 THEN y = 1 increases,NoSupport,0.00398406374501992,0.02151394422310757,matched counterfactual contrast is weak,6,0.5,0.5044444444444445,0.1690306394579325
0.0404404543201899,rejected,fdr_null,0.02866809116809116,IF x12 = 1 THEN y = 1 increases,NoSupport,0.055776892430278883,0.250996015936255,not significant after FDR correction; matched counterfactual contrast is weak; held-out effect does not replicate,6,0.48,0.4922222222222222,0.053677186084534034
0.0427039921935995,rejected,fdr_null,0.027885682574916748,IF x10 = 1 THEN y = 1 increases,NoSupport,0.06772908366533864,0.26124075128059193,not significant after FDR correction; matched counterfactual contrast is weak; held-out effect does not replicate,6,0.5288888888888889,0.5255555555555556,0.04920013269231721
0.037306730755085324,rejected,fdr_null,-0.007179446609046514,IF x11 = 1 THEN y = 1 increases,NoSupport,0.10756972111553785,0.36304780876494025,weak validation effect; not significant after FDR correction; matched counterfactual contrast is weak; held-out effect does not replicate,6,0.5177777777777778,0.49444444444444446,0.04151129769107298
0.03266236704684784,rejected,statistical,0.20117272662193558,IF x3 = 1 THEN y = 1 increases,NoSupport,0.35856573705179284,0.7145702902675015,weak validation effect; not significant after FDR correction; matched counterfactual contrast is weak,6,0.2544444444444444,0.05555555555555555,0.03411764705882353
0.013768940258710491,rejected,fdr_null,-0.02313681868743045,IF x9 = 1 THEN y = 1 increases,NoSupport,0.3705179282868526,0.7145702902675015,weak validation effect; not significant after FDR correction; matched counterfactual contrast is weak; held-out effect does not replicate,6,0.5166666666666667,0.5144444444444445,0.016542200651407823
0.022821860968019643,rejected,fdr_null,-0.022993046776232595,IF x7 = 1 THEN y = 1 increases,NoSupport,0.35856573705179284,0.7145702902675015,weak validation effect; not significant after FDR correction; matched counterfactual contrast is weak; held-out effect does not replicate,6,0.49777777777777776,0.5044444444444445,0.0134627921218467
-0.007086662403636716,rejected,fdr_null,-0.02269127197845716,IF x21 = 1 THEN y = 1 increases,NoSupport,0.32669322709163345,0.7145702902675015,weak validation effect; not significant after FDR correction; matched counterfactual contrast is weak; held-out effect does not replicate,6,0.5244444444444445,0.49,0.012493886443466329
0.02661856943108678,rejected,fdr_null,0.019520974664266943,IF x27 = 1 THEN y = 1 increases,NoSupport,0.32669322709163345,0.7145702902675015,weak validation effect; not significant after FDR correction; matched counterfactual contrast is weak; held-out effect does not replicate,6,0.5177777777777778,0.5222222222222223,0.014002968827313222
0.03208495032590824,rejected,fdr_null,0.011496353068410237,IF x23 = 1 THEN y = 1 increases,NoSupport,0.30677290836653387,0.7145702902675015,weak validation effect; not significant after FDR correction; matched counterfactual contrast is weak; held-out effect does not replicate,6,0.5011111111111111,0.4866666666666667,0.021852576647097166
0.011102149314576112,rejected,fdr_null,-0.0018370461088696999,IF x19 = 1 THEN y = 1 increases,NoSupport,0.398406374501992,0.7171314741035856,weak validation effect; not significant after FDR correction; matched counterfactual contrast is weak; held-out effect does not replicate,6,0.5011111111111111,0.49444444444444446,0.014841338436844043
-0.057026060848262214,rejected,fdr_null,0.03294831085585609,IF x26 = 1 THEN y = 1 increases,NoSupport,0.9482071713147411,0.9846766779037696,weak validation effect; not significant after FDR correction; matched counterfactual contrast is weak; held-out effect does not replicate,6,0.4988888888888889,0.49666666666666665,-0.05065410314532498
-0.022077972064814225,rejected,fdr_null,-0.02580645161290318,IF x22 = 1 THEN y = 1 increases,NoSupport,0.8406374501992032,0.9846766779037696,weak validation effect; not significant after FDR correction; matched counterfactual contrast is weak; held-out effect does not replicate,6,0.48333333333333334,0.5,-0.024444444444444435
-0.033266209064831964,rejected,fdr_null,-0.024750712250712237,IF x24 = 1 THEN y = 1 increases,NoSupport,0.9282868525896414,0.9846766779037696,weak validation effect; not significant after FDR correction; matched counterfactual contrast is weak; held-out effect does not replicate,6,0.48,0.48777777777777775,-0.037597774472647894
-0.0002536936657319049,rejected,fdr_null,0.02009246088193456,IF x13 = 1 THEN y = 1 increases,NoSupport,0.6972111553784861,0.9846766779037696,weak validation effect; not significant after FDR correction; matched counterfactual contrast is weak; held-out effect does not replicate,6,0.5066666666666667,0.5333333333333333,-0.015773809523809523
-0.014273580926442094,rejected,fdr_null,-0.01777777777777778,IF x15 = 1 THEN y = 1 increases,NoSupport,0.6175298804780877,0.9846766779037696,weak validation effect; not significant after FDR correction; matched counterfactual contrast is weak; held-out effect does not replicate,6,0.5,0.5344444444444445,-0.004024035050288033
-0.04203169007207462,rejected,fdr_null,0.01270412933674353,IF x18 = 1 THEN y = 1 increases,NoSupport,0.6533864541832669,0.9846766779037696,weak validation effect; not significant after FDR correction; matched counterfactual contrast is weak; held-out effect does not replicate,6,0.47888888888888886,0.4855555555555556,-0.012094043918134123
-0.013683663742968243,rejected,fdr_null,-0.008593653537473767,IF x16 = 1 THEN y = 1 increases,NoSupport,0.896414342629482,0.9846766779037696,weak validation effect; not significant after FDR correction; matched counterfactual contrast is weak; held-out effect does not replicate,6,0.49444444444444446,0.4855555555555556,-0.038782984317776326
-0.05960824834251978,rejected,fdr_null,0.004919708966614145,IF x25 = 1 THEN y = 1 increases,NoSupport,0.9043824701195219,0.9846766779037696,weak validation effect; not significant after FDR correction; matched counterfactual contrast is weak; held-out effect does not replicate,6,0.5077777777777778,0.49333333333333335,-0.041311047889995234
-0.01977845107209712,rejected,fdr_null,-0.00385375494071144,IF x20 = 1 THEN y = 1 increases,NoSupport,0.8127490039840638,0.9846766779037696,weak validation effect; not significant after FDR correction; matched counterfactual contrast is weak; held-out effect does not replicate,6,0.4888888888888889,0.5388888888888889,-0.028493354862749953
-0.011294107609746074,rejected,fdr_null,-0.0011875309252845079,IF x8 = 1 THEN y = 1 increases,NoSupport,0.7370517928286853,0.9846766779037696,weak validation effect; not significant after FDR correction; matched counterfactual contrast is weak; held-out effect does not replicate,6,0.5222222222222223,0.5155555555555555,-0.020681746282821878
-0.021599076033313232,rejected,fdr_null,-0.001012527546705333,IF x14 = 1 THEN y = 1 increases,NoSupport,0.8725099601593626,0.9846766779037696,weak validation effect; not significant after FDR correction; matched counterfactual contrast is weak; held-out effect does not replicate,6,0.5355555555555556,0.5033333333333333,-0.03823873653643867
-0.04810710516504625,rejected,fdr_null,-0.12208776602315458,IF x17 = 1 THEN y = 1 increases,NoSupport,0.9920318725099602,0.99203187250996,weak validation effect; not significant after FDR correction; matched counterfactual contrast is weak; held-out effect does not replicate,6,0.48777777777777775,0.5033333333333333,-0.06046194645687958
0.18319630134807705,accepted,valid,0.1832970354237966,IF x0 = 1 THEN y = 1 increases,NoStatTest,0.00398406374501992,0.02151394422310757,passes all verification gates,6,0.49666666666666665,0.5155555555555555,0.1973070230939576
0.4911560609304091,rejected,holdout,-0.6073717948717948,IF x5 = 1 THEN y = 1 increases,NoStatTest,0.00398406374501992,0.02151394422310757,held-out effect does not replicate,6,0.52,0.45111111111111113,0.5550048862208572
0.45327050692857396,rejected,support,0.5211428571428571,IF x2 = 1 THEN y = 1 increases,NoStatTest,0.00398406374501992,0.02151394422310757,insufficient support,6,0.027777777777777776,0.01,0.526374859708193
0.0,rejected,counterfactual,0.1910692047678349,IF x4 = 1 THEN y = 1 increases,NoStatTest,0.00398406374501992,0.02151394422310757,matched counterfactual contrast is weak,6,0.4866666666666667,0.5155555555555555,0.3040770325846251
-0.011759463276315305,rejected,redundant,0.13777777777777778,IF x6 = 1 THEN y = 1 increases,NoStatTest,0.00398406374501992,0.02151394422310757,matched counterfactual contrast is weak,6,0.5,0.5044444444444445,0.1690306394579325
0.0404404543201899,rejected,fdr_null,0.02866809116809116,IF x12 = 1 THEN y = 1 increases,NoStatTest,0.055776892430278883,0.250996015936255,matched counterfactual contrast is weak; held-out effect does not replicate,6,0.48,0.4922222222222222,0.053677186084534034
0.0427039921935995,rejected,fdr_null,0.027885682574916748,IF x10 = 1 THEN y = 1 increases,NoStatTest,0.06772908366533864,0.26124075128059193,matched counterfactual contrast is weak; held-out effect does not replicate,6,0.5288888888888889,0.5255555555555556,0.04920013269231721
0.037306730755085324,rejected,fdr_null,-0.007179446609046514,IF x11 = 1 THEN y = 1 increases,NoStatTest,0.10756972111553785,0.36304780876494025,weak validation effect; matched counterfactual contrast is weak; held-out effect does not replicate,6,0.5177777777777778,0.49444444444444446,0.04151129769107298
0.03266236704684784,rejected,statistical,0.20117272662193558,IF x3 = 1 THEN y = 1 increases,NoStatTest,0.35856573705179284,0.7145702902675015,weak validation effect; matched counterfactual contrast is weak,6,0.2544444444444444,0.05555555555555555,0.03411764705882353
0.013768940258710491,rejected,fdr_null,-0.02313681868743045,IF x9 = 1 THEN y = 1 increases,NoStatTest,0.3705179282868526,0.7145702902675015,weak validation effect; matched counterfactual contrast is weak; held-out effect does not replicate,6,0.5166666666666667,0.5144444444444445,0.016542200651407823
0.022821860968019643,rejected,fdr_null,-0.022993046776232595,IF x7 = 1 THEN y = 1 increases,NoStatTest,0.35856573705179284,0.7145702902675015,weak validation effect; matched counterfactual contrast is weak; held-out effect does not replicate,6,0.49777777777777776,0.5044444444444445,0.0134627921218467
-0.007086662403636716,rejected,fdr_null,-0.02269127197845716,IF x21 = 1 THEN y = 1 increases,NoStatTest,0.32669322709163345,0.7145702902675015,weak validation effect; matched counterfactual contrast is weak; held-out effect does not replicate,6,0.5244444444444445,0.49,0.012493886443466329
0.02661856943108678,rejected,fdr_null,0.019520974664266943,IF x27 = 1 THEN y = 1 increases,NoStatTest,0.32669322709163345,0.7145702902675015,weak validation effect; matched counterfactual contrast is weak; held-out effect does not replicate,6,0.5177777777777778,0.5222222222222223,0.014002968827313222
0.03208495032590824,rejected,fdr_null,0.011496353068410237,IF x23 = 1 THEN y = 1 increases,NoStatTest,0.30677290836653387,0.7145702902675015,weak validation effect; matched counterfactual contrast is weak; held-out effect does not replicate,6,0.5011111111111111,0.4866666666666667,0.021852576647097166
0.011102149314576112,rejected,fdr_null,-0.0018370461088696999,IF x19 = 1 THEN y = 1 increases,NoStatTest,0.398406374501992,0.7171314741035856,weak validation effect; matched counterfactual contrast is weak; held-out effect does not replicate,6,0.5011111111111111,0.49444444444444446,0.014841338436844043
-0.057026060848262214,rejected,fdr_null,0.03294831085585609,IF x26 = 1 THEN y = 1 increases,NoStatTest,0.9482071713147411,0.9846766779037696,weak validation effect; matched counterfactual contrast is weak; held-out effect does not replicate,6,0.4988888888888889,0.49666666666666665,-0.05065410314532498
-0.022077972064814225,rejected,fdr_null,-0.02580645161290318,IF x22 = 1 THEN y = 1 increases,NoStatTest,0.8406374501992032,0.9846766779037696,weak validation effect; matched counterfactual contrast is weak; held-out effect does not replicate,6,0.48333333333333334,0.5,-0.024444444444444435
-0.033266209064831964,rejected,fdr_null,-0.024750712250712237,IF x24 = 1 THEN y = 1 increases,NoStatTest,0.9282868525896414,0.9846766779037696,weak validation effect; matched counterfactual contrast is weak; held-out effect does not replicate,6,0.48,0.48777777777777775,-0.037597774472647894
-0.0002536936657319049,rejected,fdr_null,0.02009246088193456,IF x13 = 1 THEN y = 1 increases,NoStatTest,0.6972111553784861,0.9846766779037696,weak validation effect; matched counterfactual contrast is weak; held-out effect does not replicate,6,0.5066666666666667,0.5333333333333333,-0.015773809523809523
-0.014273580926442094,rejected,fdr_null,-0.01777777777777778,IF x15 = 1 THEN y = 1 increases,NoStatTest,0.6175298804780877,0.9846766779037696,weak validation effect; matched counterfactual contrast is weak; held-out effect does not replicate,6,0.5,0.5344444444444445,-0.004024035050288033
-0.04203169007207462,rejected,fdr_null,0.01270412933674353,IF x18 = 1 THEN y = 1 increases,NoStatTest,0.6533864541832669,0.9846766779037696,weak validation effect; matched counterfactual contrast is weak; held-out effect does not replicate,6,0.47888888888888886,0.4855555555555556,-0.012094043918134123
-0.013683663742968243,rejected,fdr_null,-0.008593653537473767,IF x16 = 1 THEN y = 1 increases,NoStatTest,0.896414342629482,0.9846766779037696,weak validation effect; matched counterfactual contrast is weak; held-out effect does not replicate,6,0.49444444444444446,0.4855555555555556,-0.038782984317776326
-0.05960824834251978,rejected,fdr_null,0.004919708966614145,IF x25 = 1 THEN y = 1 increases,NoStatTest,0.9043824701195219,0.9846766779037696,weak validation effect; matched counterfactual contrast is weak; held-out effect does not replicate,6,0.5077777777777778,0.49333333333333335,-0.041311047889995234
-0.01977845107209712,rejected,fdr_null,-0.00385375494071144,IF x20 = 1 THEN y = 1 increases,NoStatTest,0.8127490039840638,0.9846766779037696,weak validation effect; matched counterfactual contrast is weak; held-out effect does not replicate,6,0.4888888888888889,0.5388888888888889,-0.028493354862749953
-0.011294107609746074,rejected,fdr_null,-0.0011875309252845079,IF x8 = 1 THEN y = 1 increases,NoStatTest,0.7370517928286853,0.9846766779037696,weak validation effect; matched counterfactual contrast is weak; held-out effect does not replicate,6,0.5222222222222223,0.5155555555555555,-0.020681746282821878
-0.021599076033313232,rejected,fdr_null,-0.001012527546705333,IF x14 = 1 THEN y = 1 increases,NoStatTest,0.8725099601593626,0.9846766779037696,weak validation effect; matched counterfactual contrast is weak; held-out effect does not replicate,6,0.5355555555555556,0.5033333333333333,-0.03823873653643867
-0.04810710516504625,rejected,fdr_null,-0.12208776602315458,IF x17 = 1 THEN y = 1 increases,NoStatTest,0.9920318725099602,0.99203187250996,weak validation effect; matched counterfactual contrast is weak; held-out effect does not replicate,6,0.48777777777777775,0.5033333333333333,-0.06046194645687958
0.18319630134807705,accepted,valid,0.1832970354237966,IF x0 = 1 THEN y = 1 increases,NoFDR,0.00398406374501992,0.00398406374501992,passes all verification gates,6,0.49666666666666665,0.5155555555555555,0.1973070230939576
0.4911560609304091,rejected,holdout,-0.6073717948717948,IF x5 = 1 THEN y = 1 increases,NoFDR,0.00398406374501992,0.00398406374501992,held-out effect does not replicate,6,0.52,0.45111111111111113,0.5550048862208572
0.45327050692857396,rejected,support,0.5211428571428571,IF x2 = 1 THEN y = 1 increases,NoFDR,0.00398406374501992,0.00398406374501992,insufficient support,6,0.027777777777777776,0.01,0.526374859708193
0.0,rejected,counterfactual,0.1910692047678349,IF x4 = 1 THEN y = 1 increases,NoFDR,0.00398406374501992,0.00398406374501992,matched counterfactual contrast is weak,6,0.4866666666666667,0.5155555555555555,0.3040770325846251
-0.011759463276315305,rejected,redundant,0.13777777777777778,IF x6 = 1 THEN y = 1 increases,NoFDR,0.00398406374501992,0.00398406374501992,matched counterfactual contrast is weak,6,0.5,0.5044444444444445,0.1690306394579325
0.0404404543201899,rejected,fdr_null,0.02866809116809116,IF x12 = 1 THEN y = 1 increases,NoFDR,0.055776892430278883,0.055776892430278883,not significant after raw p-value test; matched counterfactual contrast is weak; held-out effect does not replicate,6,0.48,0.4922222222222222,0.053677186084534034
0.0427039921935995,rejected,fdr_null,0.027885682574916748,IF x10 = 1 THEN y = 1 increases,NoFDR,0.06772908366533864,0.06772908366533864,not significant after raw p-value test; matched counterfactual contrast is weak; held-out effect does not replicate,6,0.5288888888888889,0.5255555555555556,0.04920013269231721
0.037306730755085324,rejected,fdr_null,-0.007179446609046514,IF x11 = 1 THEN y = 1 increases,NoFDR,0.10756972111553785,0.10756972111553785,weak validation effect; not significant after raw p-value test; matched counterfactual contrast is weak; held-out effect does not replicate,6,0.5177777777777778,0.49444444444444446,0.04151129769107298
0.03208495032590824,rejected,fdr_null,0.011496353068410237,IF x23 = 1 THEN y = 1 increases,NoFDR,0.30677290836653387,0.30677290836653387,weak validation effect; not significant after raw p-value test; matched counterfactual contrast is weak; held-out effect does not replicate,6,0.5011111111111111,0.4866666666666667,0.021852576647097166
-0.007086662403636716,rejected,fdr_null,-0.02269127197845716,IF x21 = 1 THEN y = 1 increases,NoFDR,0.32669322709163345,0.32669322709163345,weak validation effect; not significant after raw p-value test; matched counterfactual contrast is weak; held-out effect does not replicate,6,0.5244444444444445,0.49,0.012493886443466329
0.02661856943108678,rejected,fdr_null,0.019520974664266943,IF x27 = 1 THEN y = 1 increases,NoFDR,0.32669322709163345,0.32669322709163345,weak validation effect; not significant after raw p-value test; matched counterfactual contrast is weak; held-out effect does not replicate,6,0.5177777777777778,0.5222222222222223,0.014002968827313222
0.03266236704684784,rejected,statistical,0.20117272662193558,IF x3 = 1 THEN y = 1 increases,NoFDR,0.35856573705179284,0.35856573705179284,weak validation effect; not significant after raw p-value test; matched counterfactual contrast is weak,6,0.2544444444444444,0.05555555555555555,0.03411764705882353
0.022821860968019643,rejected,fdr_null,-0.022993046776232595,IF x7 = 1 THEN y = 1 increases,NoFDR,0.35856573705179284,0.35856573705179284,weak validation effect; not significant after raw p-value test; matched counterfactual contrast is weak; held-out effect does not replicate,6,0.49777777777777776,0.5044444444444445,0.0134627921218467
0.013768940258710491,rejected,fdr_null,-0.02313681868743045,IF x9 = 1 THEN y = 1 increases,NoFDR,0.3705179282868526,0.3705179282868526,weak validation effect; not significant after raw p-value test; matched counterfactual contrast is weak; held-out effect does not replicate,6,0.5166666666666667,0.5144444444444445,0.016542200651407823
0.011102149314576112,rejected,fdr_null,-0.0018370461088696999,IF x19 = 1 THEN y = 1 increases,NoFDR,0.398406374501992,0.398406374501992,weak validation effect; not significant after raw p-value test; matched counterfactual contrast is weak; held-out effect does not replicate,6,0.5011111111111111,0.49444444444444446,0.014841338436844043
-0.014273580926442094,rejected,fdr_null,-0.01777777777777778,IF x15 = 1 THEN y = 1 increases,NoFDR,0.6175298804780877,0.6175298804780877,weak validation effect; not significant after raw p-value test; matched counterfactual contrast is weak; held-out effect does not replicate,6,0.5,0.5344444444444445,-0.004024035050288033
-0.04203169007207462,rejected,fdr_null,0.01270412933674353,IF x18 = 1 THEN y = 1 increases,NoFDR,0.6533864541832669,0.6533864541832669,weak validation effect; not significant after raw p-value test; matched counterfactual contrast is weak; held-out effect does not replicate,6,0.47888888888888886,0.4855555555555556,-0.012094043918134123
-0.0002536936657319049,rejected,fdr_null,0.02009246088193456,IF x13 = 1 THEN y = 1 increases,NoFDR,0.6972111553784861,0.6972111553784861,weak validation effect; not significant after raw p-value test; matched counterfactual contrast is weak; held-out effect does not replicate,6,0.5066666666666667,0.5333333333333333,-0.015773809523809523
-0.011294107609746074,rejected,fdr_null,-0.0011875309252845079,IF x8 = 1 THEN y = 1 increases,NoFDR,0.7370517928286853,0.7370517928286853,weak validation effect; not significant after raw p-value test; matched counterfactual contrast is weak; held-out effect does not replicate,6,0.5222222222222223,0.5155555555555555,-0.020681746282821878
-0.01977845107209712,rejected,fdr_null,-0.00385375494071144,IF x20 = 1 THEN y = 1 increases,NoFDR,0.8127490039840638,0.8127490039840638,weak validation effect; not significant after raw p-value test; matched counterfactual contrast is weak; held-out effect does not replicate,6,0.4888888888888889,0.5388888888888889,-0.028493354862749953
-0.022077972064814225,rejected,fdr_null,-0.02580645161290318,IF x22 = 1 THEN y = 1 increases,NoFDR,0.8406374501992032,0.8406374501992032,weak validation effect; not significant after raw p-value test; matched counterfactual contrast is weak; held-out effect does not replicate,6,0.48333333333333334,0.5,-0.024444444444444435
-0.021599076033313232,rejected,fdr_null,-0.001012527546705333,IF x14 = 1 THEN y = 1 increases,NoFDR,0.8725099601593626,0.8725099601593626,weak validation effect; not significant after raw p-value test; matched counterfactual contrast is weak; held-out effect does not replicate,6,0.5355555555555556,0.5033333333333333,-0.03823873653643867
-0.013683663742968243,rejected,fdr_null,-0.008593653537473767,IF x16 = 1 THEN y = 1 increases,NoFDR,0.896414342629482,0.896414342629482,weak validation effect; not significant after raw p-value test; matched counterfactual contrast is weak; held-out effect does not replicate,6,0.49444444444444446,0.4855555555555556,-0.038782984317776326
-0.05960824834251978,rejected,fdr_null,0.004919708966614145,IF x25 = 1 THEN y = 1 increases,NoFDR,0.9043824701195219,0.9043824701195219,weak validation effect; not significant after raw p-value test; matched counterfactual contrast is weak; held-out effect does not replicate,6,0.5077777777777778,0.49333333333333335,-0.041311047889995234
-0.033266209064831964,rejected,fdr_null,-0.024750712250712237,IF x24 = 1 THEN y = 1 increases,NoFDR,0.9282868525896414,0.9282868525896414,weak validation effect; not significant after raw p-value test; matched counterfactual contrast is weak; held-out effect does not replicate,6,0.48,0.48777777777777775,-0.037597774472647894
-0.057026060848262214,rejected,fdr_null,0.03294831085585609,IF x26 = 1 THEN y = 1 increases,NoFDR,0.9482071713147411,0.9482071713147411,weak validation effect; not significant after raw p-value test; matched counterfactual contrast is weak; held-out effect does not replicate,6,0.4988888888888889,0.49666666666666665,-0.05065410314532498
-0.04810710516504625,rejected,fdr_null,-0.12208776602315458,IF x17 = 1 THEN y = 1 increases,NoFDR,0.9920318725099602,0.9920318725099602,weak validation effect; not significant after raw p-value test; matched counterfactual contrast is weak; held-out effect does not replicate,6,0.48777777777777775,0.5033333333333333,-0.06046194645687958
0.0,accepted,counterfactual,0.1910692047678349,IF x4 = 1 THEN y = 1 increases,NoCounterfactual,0.00398406374501992,0.02151394422310757,passes all verification gates,6,0.4866666666666667,0.5155555555555555,0.3040770325846251
0.18319630134807705,accepted,valid,0.1832970354237966,IF x0 = 1 THEN y = 1 increases,NoCounterfactual,0.00398406374501992,0.02151394422310757,passes all verification gates,6,0.49666666666666665,0.5155555555555555,0.1973070230939576
-0.011759463276315305,accepted,redundant,0.13777777777777778,IF x6 = 1 THEN y = 1 increases,NoCounterfactual,0.00398406374501992,0.02151394422310757,passes all verification gates,6,0.5,0.5044444444444445,0.1690306394579325
0.4911560609304091,rejected,holdout,-0.6073717948717948,IF x5 = 1 THEN y = 1 increases,NoCounterfactual,0.00398406374501992,0.02151394422310757,held-out effect does not replicate,6,0.52,0.45111111111111113,0.5550048862208572
0.45327050692857396,rejected,support,0.5211428571428571,IF x2 = 1 THEN y = 1 increases,NoCounterfactual,0.00398406374501992,0.02151394422310757,insufficient support,6,0.027777777777777776,0.01,0.526374859708193
0.0404404543201899,rejected,fdr_null,0.02866809116809116,IF x12 = 1 THEN y = 1 increases,NoCounterfactual,0.055776892430278883,0.250996015936255,not significant after FDR correction; held-out effect does not replicate,6,0.48,0.4922222222222222,0.053677186084534034
0.0427039921935995,rejected,fdr_null,0.027885682574916748,IF x10 = 1 THEN y = 1 increases,NoCounterfactual,0.06772908366533864,0.26124075128059193,not significant after FDR correction; held-out effect does not replicate,6,0.5288888888888889,0.5255555555555556,0.04920013269231721
0.037306730755085324,rejected,fdr_null,-0.007179446609046514,IF x11 = 1 THEN y = 1 increases,NoCounterfactual,0.10756972111553785,0.36304780876494025,weak validation effect; not significant after FDR correction; held-out effect does not replicate,6,0.5177777777777778,0.49444444444444446,0.04151129769107298
0.03266236704684784,rejected,statistical,0.20117272662193558,IF x3 = 1 THEN y = 1 increases,NoCounterfactual,0.35856573705179284,0.7145702902675015,weak validation effect; not significant after FDR correction,6,0.2544444444444444,0.05555555555555555,0.03411764705882353
0.013768940258710491,rejected,fdr_null,-0.02313681868743045,IF x9 = 1 THEN y = 1 increases,NoCounterfactual,0.3705179282868526,0.7145702902675015,weak validation effect; not significant after FDR correction; held-out effect does not replicate,6,0.5166666666666667,0.5144444444444445,0.016542200651407823
0.022821860968019643,rejected,fdr_null,-0.022993046776232595,IF x7 = 1 THEN y = 1 increases,NoCounterfactual,0.35856573705179284,0.7145702902675015,weak validation effect; not significant after FDR correction; held-out effect does not replicate,6,0.49777777777777776,0.5044444444444445,0.0134627921218467
-0.007086662403636716,rejected,fdr_null,-0.02269127197845716,IF x21 = 1 THEN y = 1 increases,NoCounterfactual,0.32669322709163345,0.7145702902675015,weak validation effect; not significant after FDR correction; held-out effect does not replicate,6,0.5244444444444445,0.49,0.012493886443466329
0.02661856943108678,rejected,fdr_null,0.019520974664266943,IF x27 = 1 THEN y = 1 increases,NoCounterfactual,0.32669322709163345,0.7145702902675015,weak validation effect; not significant after FDR correction; held-out effect does not replicate,6,0.5177777777777778,0.5222222222222223,0.014002968827313222
0.03208495032590824,rejected,fdr_null,0.011496353068410237,IF x23 = 1 THEN y = 1 increases,NoCounterfactual,0.30677290836653387,0.7145702902675015,weak validation effect; not significant after FDR correction; held-out effect does not replicate,6,0.5011111111111111,0.4866666666666667,0.021852576647097166
0.011102149314576112,rejected,fdr_null,-0.0018370461088696999,IF x19 = 1 THEN y = 1 increases,NoCounterfactual,0.398406374501992,0.7171314741035856,weak validation effect; not significant after FDR correction; held-out effect does not replicate,6,0.5011111111111111,0.49444444444444446,0.014841338436844043
-0.057026060848262214,rejected,fdr_null,0.03294831085585609,IF x26 = 1 THEN y = 1 increases,NoCounterfactual,0.9482071713147411,0.9846766779037696,weak validation effect; not significant after FDR correction; held-out effect does not replicate,6,0.4988888888888889,0.49666666666666665,-0.05065410314532498
-0.022077972064814225,rejected,fdr_null,-0.02580645161290318,IF x22 = 1 THEN y = 1 increases,NoCounterfactual,0.8406374501992032,0.9846766779037696,weak validation effect; not significant after FDR correction; held-out effect does not replicate,6,0.48333333333333334,0.5,-0.024444444444444435
-0.033266209064831964,rejected,fdr_null,-0.024750712250712237,IF x24 = 1 THEN y = 1 increases,NoCounterfactual,0.9282868525896414,0.9846766779037696,weak validation effect; not significant after FDR correction; held-out effect does not replicate,6,0.48,0.48777777777777775,-0.037597774472647894
-0.0002536936657319049,rejected,fdr_null,0.02009246088193456,IF x13 = 1 THEN y = 1 increases,NoCounterfactual,0.6972111553784861,0.9846766779037696,weak validation effect; not significant after FDR correction; held-out effect does not replicate,6,0.5066666666666667,0.5333333333333333,-0.015773809523809523
-0.014273580926442094,rejected,fdr_null,-0.01777777777777778,IF x15 = 1 THEN y = 1 increases,NoCounterfactual,0.6175298804780877,0.9846766779037696,weak validation effect; not significant after FDR correction; held-out effect does not replicate,6,0.5,0.5344444444444445,-0.004024035050288033
-0.04203169007207462,rejected,fdr_null,0.01270412933674353,IF x18 = 1 THEN y = 1 increases,NoCounterfactual,0.6533864541832669,0.9846766779037696,weak validation effect; not significant after FDR correction; held-out effect does not replicate,6,0.47888888888888886,0.4855555555555556,-0.012094043918134123
-0.013683663742968243,rejected,fdr_null,-0.008593653537473767,IF x16 = 1 THEN y = 1 increases,NoCounterfactual,0.896414342629482,0.9846766779037696,weak validation effect; not significant after FDR correction; held-out effect does not replicate,6,0.49444444444444446,0.4855555555555556,-0.038782984317776326
-0.05960824834251978,rejected,fdr_null,0.004919708966614145,IF x25 = 1 THEN y = 1 increases,NoCounterfactual,0.9043824701195219,0.9846766779037696,weak validation effect; not significant after FDR correction; held-out effect does not replicate,6,0.5077777777777778,0.49333333333333335,-0.041311047889995234
-0.01977845107209712,rejected,fdr_null,-0.00385375494071144,IF x20 = 1 THEN y = 1 increases,NoCounterfactual,0.8127490039840638,0.9846766779037696,weak validation effect; not significant after FDR correction; held-out effect does not replicate,6,0.4888888888888889,0.5388888888888889,-0.028493354862749953
-0.011294107609746074,rejected,fdr_null,-0.0011875309252845079,IF x8 = 1 THEN y = 1 increases,NoCounterfactual,0.7370517928286853,0.9846766779037696,weak validation effect; not significant after FDR correction; held-out effect does not replicate,6,0.5222222222222223,0.5155555555555555,-0.020681746282821878
-0.021599076033313232,rejected,fdr_null,-0.001012527546705333,IF x14 = 1 THEN y = 1 increases,NoCounterfactual,0.8725099601593626,0.9846766779037696,weak validation effect; not significant after FDR correction; held-out effect does not replicate,6,0.5355555555555556,0.5033333333333333,-0.03823873653643867
-0.04810710516504625,rejected,fdr_null,-0.12208776602315458,IF x17 = 1 THEN y = 1 increases,NoCounterfactual,0.9920318725099602,0.99203187250996,weak validation effect; not significant after FDR correction; held-out effect does not replicate,6,0.48777777777777775,0.5033333333333333,-0.06046194645687958
0.4911560609304091,accepted,holdout,-0.6073717948717948,IF x5 = 1 THEN y = 1 increases,NoHeldout,0.00398406374501992,0.02151394422310757,passes all verification gates,6,0.52,0.45111111111111113,0.5550048862208572
0.18319630134807705,accepted,valid,0.1832970354237966,IF x0 = 1 THEN y = 1 increases,NoHeldout,0.00398406374501992,0.02151394422310757,passes all verification gates,6,0.49666666666666665,0.5155555555555555,0.1973070230939576
0.45327050692857396,rejected,support,0.5211428571428571,IF x2 = 1 THEN y = 1 increases,NoHeldout,0.00398406374501992,0.02151394422310757,insufficient support,6,0.027777777777777776,0.01,0.526374859708193
0.0,rejected,counterfactual,0.1910692047678349,IF x4 = 1 THEN y = 1 increases,NoHeldout,0.00398406374501992,0.02151394422310757,matched counterfactual contrast is weak,6,0.4866666666666667,0.5155555555555555,0.3040770325846251
-0.011759463276315305,rejected,redundant,0.13777777777777778,IF x6 = 1 THEN y = 1 increases,NoHeldout,0.00398406374501992,0.02151394422310757,matched counterfactual contrast is weak,6,0.5,0.5044444444444445,0.1690306394579325
0.0404404543201899,rejected,fdr_null,0.02866809116809116,IF x12 = 1 THEN y = 1 increases,NoHeldout,0.055776892430278883,0.250996015936255,not significant after FDR correction; matched counterfactual contrast is weak,6,0.48,0.4922222222222222,0.053677186084534034
0.0427039921935995,rejected,fdr_null,0.027885682574916748,IF x10 = 1 THEN y = 1 increases,NoHeldout,0.06772908366533864,0.26124075128059193,not significant after FDR correction; matched counterfactual contrast is weak,6,0.5288888888888889,0.5255555555555556,0.04920013269231721
0.037306730755085324,rejected,fdr_null,-0.007179446609046514,IF x11 = 1 THEN y = 1 increases,NoHeldout,0.10756972111553785,0.36304780876494025,weak validation effect; not significant after FDR correction; matched counterfactual contrast is weak,6,0.5177777777777778,0.49444444444444446,0.04151129769107298
0.03266236704684784,rejected,statistical,0.20117272662193558,IF x3 = 1 THEN y = 1 increases,NoHeldout,0.35856573705179284,0.7145702902675015,weak validation effect; not significant after FDR correction; matched counterfactual contrast is weak,6,0.2544444444444444,0.05555555555555555,0.03411764705882353
0.013768940258710491,rejected,fdr_null,-0.02313681868743045,IF x9 = 1 THEN y = 1 increases,NoHeldout,0.3705179282868526,0.7145702902675015,weak validation effect; not significant after FDR correction; matched counterfactual contrast is weak,6,0.5166666666666667,0.5144444444444445,0.016542200651407823
0.022821860968019643,rejected,fdr_null,-0.022993046776232595,IF x7 = 1 THEN y = 1 increases,NoHeldout,0.35856573705179284,0.7145702902675015,weak validation effect; not significant after FDR correction; matched counterfactual contrast is weak,6,0.49777777777777776,0.5044444444444445,0.0134627921218467
-0.007086662403636716,rejected,fdr_null,-0.02269127197845716,IF x21 = 1 THEN y = 1 increases,NoHeldout,0.32669322709163345,0.7145702902675015,weak validation effect; not significant after FDR correction; matched counterfactual contrast is weak,6,0.5244444444444445,0.49,0.012493886443466329
0.02661856943108678,rejected,fdr_null,0.019520974664266943,IF x27 = 1 THEN y = 1 increases,NoHeldout,0.32669322709163345,0.7145702902675015,weak validation effect; not significant after FDR correction; matched counterfactual contrast is weak,6,0.5177777777777778,0.5222222222222223,0.014002968827313222
0.03208495032590824,rejected,fdr_null,0.011496353068410237,IF x23 = 1 THEN y = 1 increases,NoHeldout,0.30677290836653387,0.7145702902675015,weak validation effect; not significant after FDR correction; matched counterfactual contrast is weak,6,0.5011111111111111,0.4866666666666667,0.021852576647097166
0.011102149314576112,rejected,fdr_null,-0.0018370461088696999,IF x19 = 1 THEN y = 1 increases,NoHeldout,0.398406374501992,0.7171314741035856,weak validation effect; not significant after FDR correction; matched counterfactual contrast is weak,6,0.5011111111111111,0.49444444444444446,0.014841338436844043
-0.057026060848262214,rejected,fdr_null,0.03294831085585609,IF x26 = 1 THEN y = 1 increases,NoHeldout,0.9482071713147411,0.9846766779037696,weak validation effect; not significant after FDR correction; matched counterfactual contrast is weak,6,0.4988888888888889,0.49666666666666665,-0.05065410314532498
-0.022077972064814225,rejected,fdr_null,-0.02580645161290318,IF x22 = 1 THEN y = 1 increases,NoHeldout,0.8406374501992032,0.9846766779037696,weak validation effect; not significant after FDR correction; matched counterfactual contrast is weak,6,0.48333333333333334,0.5,-0.024444444444444435
-0.033266209064831964,rejected,fdr_null,-0.024750712250712237,IF x24 = 1 THEN y = 1 increases,NoHeldout,0.9282868525896414,0.9846766779037696,weak validation effect; not significant after FDR correction; matched counterfactual contrast is weak,6,0.48,0.48777777777777775,-0.037597774472647894
-0.0002536936657319049,rejected,fdr_null,0.02009246088193456,IF x13 = 1 THEN y = 1 increases,NoHeldout,0.6972111553784861,0.9846766779037696,weak validation effect; not significant after FDR correction; matched counterfactual contrast is weak,6,0.5066666666666667,0.5333333333333333,-0.015773809523809523
-0.014273580926442094,rejected,fdr_null,-0.01777777777777778,IF x15 = 1 THEN y = 1 increases,NoHeldout,0.6175298804780877,0.9846766779037696,weak validation effect; not significant after FDR correction; matched counterfactual contrast is weak,6,0.5,0.5344444444444445,-0.004024035050288033
-0.04203169007207462,rejected,fdr_null,0.01270412933674353,IF x18 = 1 THEN y = 1 increases,NoHeldout,0.6533864541832669,0.9846766779037696,weak validation effect; not significant after FDR correction; matched counterfactual contrast is weak,6,0.47888888888888886,0.4855555555555556,-0.012094043918134123
-0.013683663742968243,rejected,fdr_null,-0.008593653537473767,IF x16 = 1 THEN y = 1 increases,NoHeldout,0.896414342629482,0.9846766779037696,weak validation effect; not significant after FDR correction; matched counterfactual contrast is weak,6,0.49444444444444446,0.4855555555555556,-0.038782984317776326
-0.05960824834251978,rejected,fdr_null,0.004919708966614145,IF x25 = 1 THEN y = 1 increases,NoHeldout,0.9043824701195219,0.9846766779037696,weak validation effect; not significant after FDR correction; matched counterfactual contrast is weak,6,0.5077777777777778,0.49333333333333335,-0.041311047889995234
-0.01977845107209712,rejected,fdr_null,-0.00385375494071144,IF x20 = 1 THEN y = 1 increases,NoHeldout,0.8127490039840638,0.9846766779037696,weak validation effect; not significant after FDR correction; matched counterfactual contrast is weak,6,0.4888888888888889,0.5388888888888889,-0.028493354862749953
-0.011294107609746074,rejected,fdr_null,-0.0011875309252845079,IF x8 = 1 THEN y = 1 increases,NoHeldout,0.7370517928286853,0.9846766779037696,weak validation effect; not significant after FDR correction; matched counterfactual contrast is weak,6,0.5222222222222223,0.5155555555555555,-0.020681746282821878
-0.021599076033313232,rejected,fdr_null,-0.001012527546705333,IF x14 = 1 THEN y = 1 increases,NoHeldout,0.8725099601593626,0.9846766779037696,weak validation effect; not significant after FDR correction; matched counterfactual contrast is weak,6,0.5355555555555556,0.5033333333333333,-0.03823873653643867
-0.04810710516504625,rejected,fdr_null,-0.12208776602315458,IF x17 = 1 THEN y = 1 increases,NoHeldout,0.9920318725099602,0.99203187250996,weak validation effect; not significant after FDR correction; matched counterfactual contrast is weak,6,0.48777777777777775,0.5033333333333333,-0.06046194645687958
0.0,accepted,counterfactual,0.1910692047678349,IF x4 = 1 THEN y = 1 increases,NoEffect,0.00398406374501992,0.02151394422310757,passes all verification gates,6,0.4866666666666667,0.5155555555555555,0.3040770325846251
0.18319630134807705,accepted,valid,0.1832970354237966,IF x0 = 1 THEN y = 1 increases,NoEffect,0.00398406374501992,0.02151394422310757,passes all verification gates,6,0.49666666666666665,0.5155555555555555,0.1973070230939576
-0.011759463276315305,accepted,redundant,0.13777777777777778,IF x6 = 1 THEN y = 1 increases,NoEffect,0.00398406374501992,0.02151394422310757,passes all verification gates,6,0.5,0.5044444444444445,0.1690306394579325
0.4911560609304091,rejected,holdout,-0.6073717948717948,IF x5 = 1 THEN y = 1 increases,NoEffect,0.00398406374501992,0.02151394422310757,held-out effect does not replicate,6,0.52,0.45111111111111113,0.5550048862208572
0.45327050692857396,rejected,support,0.5211428571428571,IF x2 = 1 THEN y = 1 increases,NoEffect,0.00398406374501992,0.02151394422310757,insufficient support,6,0.027777777777777776,0.01,0.526374859708193
0.0404404543201899,rejected,fdr_null,0.02866809116809116,IF x12 = 1 THEN y = 1 increases,NoEffect,0.055776892430278883,0.250996015936255,not significant after FDR correction; held-out effect does not replicate,6,0.48,0.4922222222222222,0.053677186084534034
0.0427039921935995,rejected,fdr_null,0.027885682574916748,IF x10 = 1 THEN y = 1 increases,NoEffect,0.06772908366533864,0.26124075128059193,not significant after FDR correction; held-out effect does not replicate,6,0.5288888888888889,0.5255555555555556,0.04920013269231721
0.037306730755085324,rejected,fdr_null,-0.007179446609046514,IF x11 = 1 THEN y = 1 increases,NoEffect,0.10756972111553785,0.36304780876494025,not significant after FDR correction; held-out effect does not replicate,6,0.5177777777777778,0.49444444444444446,0.04151129769107298
0.03266236704684784,rejected,statistical,0.20117272662193558,IF x3 = 1 THEN y = 1 increases,NoEffect,0.35856573705179284,0.7145702902675015,not significant after FDR correction,6,0.2544444444444444,0.05555555555555555,0.03411764705882353
0.013768940258710491,rejected,fdr_null,-0.02313681868743045,IF x9 = 1 THEN y = 1 increases,NoEffect,0.3705179282868526,0.7145702902675015,not significant after FDR correction; held-out effect does not replicate,6,0.5166666666666667,0.5144444444444445,0.016542200651407823
0.022821860968019643,rejected,fdr_null,-0.022993046776232595,IF x7 = 1 THEN y = 1 increases,NoEffect,0.35856573705179284,0.7145702902675015,not significant after FDR correction; held-out effect does not replicate,6,0.49777777777777776,0.5044444444444445,0.0134627921218467
-0.007086662403636716,rejected,fdr_null,-0.02269127197845716,IF x21 = 1 THEN y = 1 increases,NoEffect,0.32669322709163345,0.7145702902675015,not significant after FDR correction; held-out effect does not replicate,6,0.5244444444444445,0.49,0.012493886443466329
0.02661856943108678,rejected,fdr_null,0.019520974664266943,IF x27 = 1 THEN y = 1 increases,NoEffect,0.32669322709163345,0.7145702902675015,not significant after FDR correction; held-out effect does not replicate,6,0.5177777777777778,0.5222222222222223,0.014002968827313222
0.03208495032590824,rejected,fdr_null,0.011496353068410237,IF x23 = 1 THEN y = 1 increases,NoEffect,0.30677290836653387,0.7145702902675015,not significant after FDR correction; held-out effect does not replicate,6,0.5011111111111111,0.4866666666666667,0.021852576647097166
0.011102149314576112,rejected,fdr_null,-0.0018370461088696999,IF x19 = 1 THEN y = 1 increases,NoEffect,0.398406374501992,0.7171314741035856,not significant after FDR correction; held-out effect does not replicate,6,0.5011111111111111,0.49444444444444446,0.014841338436844043
-0.057026060848262214,rejected,fdr_null,0.03294831085585609,IF x26 = 1 THEN y = 1 increases,NoEffect,0.9482071713147411,0.9846766779037696,not significant after FDR correction; held-out effect does not replicate,6,0.4988888888888889,0.49666666666666665,-0.05065410314532498
-0.022077972064814225,rejected,fdr_null,-0.02580645161290318,IF x22 = 1 THEN y = 1 increases,NoEffect,0.8406374501992032,0.9846766779037696,not significant after FDR correction; held-out effect does not replicate,6,0.48333333333333334,0.5,-0.024444444444444435
-0.033266209064831964,rejected,fdr_null,-0.024750712250712237,IF x24 = 1 THEN y = 1 increases,NoEffect,0.9282868525896414,0.9846766779037696,not significant after FDR correction; held-out effect does not replicate,6,0.48,0.48777777777777775,-0.037597774472647894
-0.0002536936657319049,rejected,fdr_null,0.02009246088193456,IF x13 = 1 THEN y = 1 increases,NoEffect,0.6972111553784861,0.9846766779037696,not significant after FDR correction; held-out effect does not replicate,6,0.5066666666666667,0.5333333333333333,-0.015773809523809523
-0.014273580926442094,rejected,fdr_null,-0.01777777777777778,IF x15 = 1 THEN y = 1 increases,NoEffect,0.6175298804780877,0.9846766779037696,not significant after FDR correction; held-out effect does not replicate,6,0.5,0.5344444444444445,-0.004024035050288033
-0.04203169007207462,rejected,fdr_null,0.01270412933674353,IF x18 = 1 THEN y = 1 increases,NoEffect,0.6533864541832669,0.9846766779037696,not significant after FDR correction; held-out effect does not replicate,6,0.47888888888888886,0.4855555555555556,-0.012094043918134123
-0.013683663742968243,rejected,fdr_null,-0.008593653537473767,IF x16 = 1 THEN y = 1 increases,NoEffect,0.896414342629482,0.9846766779037696,not significant after FDR correction; held-out effect does not replicate,6,0.49444444444444446,0.4855555555555556,-0.038782984317776326
-0.05960824834251978,rejected,fdr_null,0.004919708966614145,IF x25 = 1 THEN y = 1 increases,NoEffect,0.9043824701195219,0.9846766779037696,not significant after FDR correction; held-out effect does not replicate,6,0.5077777777777778,0.49333333333333335,-0.041311047889995234
-0.01977845107209712,rejected,fdr_null,-0.00385375494071144,IF x20 = 1 THEN y = 1 increases,NoEffect,0.8127490039840638,0.9846766779037696,not significant after FDR correction; held-out effect does not replicate,6,0.4888888888888889,0.5388888888888889,-0.028493354862749953
-0.011294107609746074,rejected,fdr_null,-0.0011875309252845079,IF x8 = 1 THEN y = 1 increases,NoEffect,0.7370517928286853,0.9846766779037696,not significant after FDR correction; held-out effect does not replicate,6,0.5222222222222223,0.5155555555555555,-0.020681746282821878
-0.021599076033313232,rejected,fdr_null,-0.001012527546705333,IF x14 = 1 THEN y = 1 increases,NoEffect,0.8725099601593626,0.9846766779037696,not significant after FDR correction; held-out effect does not replicate,6,0.5355555555555556,0.5033333333333333,-0.03823873653643867
-0.04810710516504625,rejected,fdr_null,-0.12208776602315458,IF x17 = 1 THEN y = 1 increases,NoEffect,0.9920318725099602,0.99203187250996,not significant after FDR correction; held-out effect does not replicate,6,0.48777777777777775,0.5033333333333333,-0.06046194645687958
0.22285104577587467,accepted,valid,0.18456943753111,IF x0 = 1 THEN y = 1 increases,FullVerifier,0.00398406374501992,0.02151394422310757,passes all verification gates,7,0.45555555555555555,0.5022222222222222,0.2213969658659924
0.501763409727816,rejected,holdout,-0.6374425211317534,IF x5 = 1 THEN y = 1 increases,FullVerifier,0.00398406374501992,0.02151394422310757,held-out effect does not replicate,7,0.5522222222222222,0.43777777777777777,0.5404887542384784
0.6373330893850607,rejected,support,0.5024044420207228,IF x2 = 1 THEN y = 1 increases,FullVerifier,0.00398406374501992,0.02151394422310757,insufficient support,7,0.025555555555555557,0.025555555555555557,0.6292697436914383
0.0,rejected,counterfactual,0.15428266371401456,IF x4 = 1 THEN y = 1 increases,FullVerifier,0.00398406374501992,0.02151394422310757,matched counterfactual contrast is weak,7,0.5155555555555555,0.4988888888888889,0.21708255349409133
0.0018185684335118423,rejected,redundant,0.14505783674140676,IF x6 = 1 THEN y = 1 increases,FullVerifier,0.00398406374501992,0.02151394422310757,matched counterfactual contrast is weak,7,0.45222222222222225,0.5077777777777778,0.17825053963675158
0.07605537368449891,rejected,fdr_null,-0.04064895703333932,IF x10 = 1 THEN y = 1 increases,FullVerifier,0.01593625498007968,0.07171314741035857,not significant after FDR correction; held-out effect does not replicate,7,0.5266666666666666,0.4866666666666667,0.08281444582814446
0.07259835491512888,rejected,fdr_null,0.0755555555555556,IF x18 = 1 THEN y = 1 increases,FullVerifier,0.02390438247011952,0.08067729083665338,not significant after FDR correction,7,0.5,0.4666666666666667,0.07053571428571426
0.05751017581877733,rejected,fdr_null,0.047996675554939916,IF x25 = 1 THEN y = 1 increases,FullVerifier,0.02390438247011952,0.08067729083665338,not significant after FDR correction; held-out effect does not replicate,7,0.5211111111111111,0.5066666666666667,0.0641891891891892
0.06858872944377659,rejected,statistical,0.23735549132947975,IF x3 = 1 THEN y = 1 increases,FullVerifier,0.14342629482071714,0.4302788844621514,not significant after FDR correction,7,0.2311111111111111,0.06777777777777778,0.08892319115262115
0.03317411554091566,rejected,fdr_null,0.020912124582869895,IF x14 = 1 THEN y = 1 increases,FullVerifier,0.21912350597609562,0.5574067366896052,weak validation effect; not significant after FDR correction; matched counterfactual contrast is weak; held-out effect does not replicate,7,0.48333333333333334,0.5122222222222222,0.025452245539309915
0.03053676452428147,rejected,fdr_null,0.0036466234144846843,IF x7 = 1 THEN y = 1 increases,FullVerifier,0.22709163346613545,0.5574067366896052,weak validation effect; not significant after FDR correction; matched counterfactual contrast is weak; held-out effect does not replicate,7,0.5122222222222222,0.5066666666666667,0.028627311522048338
-0.007476127017346989,rejected,fdr_null,-0.034166403037013626,IF x20 = 1 THEN y = 1 increases,FullVerifier,0.2589641434262948,0.5685828116107,weak validation effect; not significant after FDR correction; matched counterfactual contrast is weak; held-out effect does not replicate,7,0.48444444444444446,0.5188888888888888,0.020755547423236154
0.013754742115796803,rejected,fdr_null,-0.010321100917431214,IF x24 = 1 THEN y = 1 increases,FullVerifier,0.2948207171314741,0.5685828116107,weak validation effect; not significant after FDR correction; matched counterfactual contrast is weak; held-out effect does not replicate,7,0.5155555555555555,0.49333333333333335,0.020270270270270285
0.0062083169917274824,rejected,fdr_null,-0.006498162810133934,IF x26 = 1 THEN y = 1 increases,FullVerifier,0.2948207171314741,0.5685828116107,weak validation effect; not significant after FDR correction; matched counterfactual contrast is weak; held-out effect does not replicate,7,0.5188888888888888,0.4777777777777778,0.023899059871350825
0.007944530963700774,rejected,fdr_null,-0.0012446657183499132,IF x21 = 1 THEN y = 1 increases,FullVerifier,0.38247011952191234,0.6884462151394423,weak validation effect; not significant after FDR correction; matched counterfactual contrast is weak; held-out effect does not replicate,7,0.5066666666666667,0.5022222222222222,0.012503950695322341
0.004903325125838585,rejected,fdr_null,0.04951331170274237,IF x16 = 1 THEN y = 1 increases,FullVerifier,0.44223107569721115,0.7462649402390438,weak validation effect; not significant after FDR correction; matched counterfactual contrast is weak; held-out effect does not replicate,7,0.49666666666666665,0.5188888888888888,0.00740315808734443
-0.03214807936720533,rejected,fdr_null,0.037075638055628246,IF x27 = 1 THEN y = 1 increases,FullVerifier,0.601593625498008,0.8093340922026181,weak validation effect; not significant after FDR correction; matched counterfactual contrast is weak; held-out effect does not replicate,7,0.5077777777777778,0.5155555555555555,-0.005813033850047444
0.029841766259840714,rejected,fdr_null,0.029176303148905902,IF x22 = 1 THEN y = 1 increases,FullVerifier,0.5577689243027888,0.8093340922026181,weak validation effect; not significant after FDR correction; matched counterfactual contrast is weak; held-out effect does not replicate,7,0.4866666666666667,0.4922222222222222,-0.0004297336145536179
-0.012187261060613918,rejected,fdr_null,-0.021155973451327414,IF x23 = 1 THEN y = 1 increases,FullVerifier,0.6294820717131474,0.8093340922026181,weak validation effect; not significant after FDR correction; matched counterfactual contrast is weak; held-out effect does not replicate,7,0.5022222222222222,0.4822222222222222,-0.013379877771404869
-0.0008135143848030898,rejected,fdr_null,-0.007142857142857173,IF x12 = 1 THEN y = 1 increases,FullVerifier,0.5537848605577689,0.8093340922026181,weak validation effect; not significant after FDR correction; matched counterfactual contrast is weak; held-out effect does not replicate,7,0.4666666666666667,0.5022222222222222,-0.0008296460176991372
-0.016355097893308194,rejected,fdr_null,-0.003557312252964462,IF x8 = 1 THEN y = 1 increases,FullVerifier,0.6095617529880478,0.8093340922026181,weak validation effect; not significant after FDR correction; matched counterfactual contrast is weak; held-out effect does not replicate,7,0.5111111111111111,0.47,-0.005486417770640961
-0.024056256543355168,rejected,fdr_null,-0.015755819416352235,IF x19 = 1 THEN y = 1 increases,FullVerifier,0.7330677290836654,0.8605577689243028,weak validation effect; not significant after FDR correction; matched counterfactual contrast is weak; held-out effect does not replicate,7,0.4811111111111111,0.5055555555555555,-0.018743054698110884
-0.021346276864504757,rejected,fdr_null,0.008997372054696917,IF x13 = 1 THEN y = 1 increases,FullVerifier,0.7171314741035857,0.8605577689243028,weak validation effect; not significant after FDR correction; matched counterfactual contrast is weak; held-out effect does not replicate,7,0.5233333333333333,0.4911111111111111,-0.016686755320199975
-0.04189084222668744,rejected,fdr_null,0.007200035555731177,IF x17 = 1 THEN y = 1 increases,FullVerifier,0.8286852589641435,0.9322709163346614,weak validation effect; not significant after FDR correction; matched counterfactual contrast is weak; held-out effect does not replicate,7,0.5011111111111111,0.48444444444444446,-0.029776969313508428
-0.04418159551185173,rejected,fdr_null,0.04030030000345969,IF x15 = 1 THEN y = 1 increases,FullVerifier,0.9760956175298805,0.9760956175298806,weak validation effect; not significant after FDR correction; matched counterfactual contrast is weak; held-out effect does not replicate,7,0.5144444444444445,0.5,-0.05111111111111111
-0.05341984333561405,rejected,fdr_null,0.013906222142984481,IF x11 = 1 THEN y = 1 increases,FullVerifier,0.9601593625498008,0.9760956175298806,weak validation effect; not significant after FDR correction; matched counterfactual contrast is weak; held-out effect does not replicate,7,0.47333333333333333,0.49777777777777776,-0.06139380530973454
-0.04765715282593799,rejected,fdr_null,-0.0023112937318504057,IF x9 = 1 THEN y = 1 increases,FullVerifier,0.9641434262948207,0.9760956175298806,weak validation effect; not significant after FDR correction; matched counterfactual contrast is weak; held-out effect does not replicate,7,0.5044444444444445,0.4888888888888889,-0.0492094861660079
0.6373330893850607,accepted,support,0.5024044420207228,IF x2 = 1 THEN y = 1 increases,NoSupport,0.00398406374501992,0.02151394422310757,passes all verification gates,7,0.025555555555555557,0.025555555555555557,0.6292697436914383
0.22285104577587467,accepted,valid,0.18456943753111,IF x0 = 1 THEN y = 1 increases,NoSupport,0.00398406374501992,0.02151394422310757,passes all verification gates,7,0.45555555555555555,0.5022222222222222,0.2213969658659924
0.501763409727816,rejected,holdout,-0.6374425211317534,IF x5 = 1 THEN y = 1 increases,NoSupport,0.00398406374501992,0.02151394422310757,held-out effect does not replicate,7,0.5522222222222222,0.43777777777777777,0.5404887542384784
0.0,rejected,counterfactual,0.15428266371401456,IF x4 = 1 THEN y = 1 increases,NoSupport,0.00398406374501992,0.02151394422310757,matched counterfactual contrast is weak,7,0.5155555555555555,0.4988888888888889,0.21708255349409133
0.0018185684335118423,rejected,redundant,0.14505783674140676,IF x6 = 1 THEN y = 1 increases,NoSupport,0.00398406374501992,0.02151394422310757,matched counterfactual contrast is weak,7,0.45222222222222225,0.5077777777777778,0.17825053963675158
0.07605537368449891,rejected,fdr_null,-0.04064895703333932,IF x10 = 1 THEN y = 1 increases,NoSupport,0.01593625498007968,0.07171314741035857,not significant after FDR correction; held-out effect does not replicate,7,0.5266666666666666,0.4866666666666667,0.08281444582814446
0.07259835491512888,rejected,fdr_null,0.0755555555555556,IF x18 = 1 THEN y = 1 increases,NoSupport,0.02390438247011952,0.08067729083665338,not significant after FDR correction,7,0.5,0.4666666666666667,0.07053571428571426
0.05751017581877733,rejected,fdr_null,0.047996675554939916,IF x25 = 1 THEN y = 1 increases,NoSupport,0.02390438247011952,0.08067729083665338,not significant after FDR correction; held-out effect does not replicate,7,0.5211111111111111,0.5066666666666667,0.0641891891891892
0.06858872944377659,rejected,statistical,0.23735549132947975,IF x3 = 1 THEN y = 1 increases,NoSupport,0.14342629482071714,0.4302788844621514,not significant after FDR correction,7,0.2311111111111111,0.06777777777777778,0.08892319115262115
0.03317411554091566,rejected,fdr_null,0.020912124582869895,IF x14 = 1 THEN y = 1 increases,NoSupport,0.21912350597609562,0.5574067366896052,weak validation effect; not significant after FDR correction; matched counterfactual contrast is weak; held-out effect does not replicate,7,0.48333333333333334,0.5122222222222222,0.025452245539309915
0.03053676452428147,rejected,fdr_null,0.0036466234144846843,IF x7 = 1 THEN y = 1 increases,NoSupport,0.22709163346613545,0.5574067366896052,weak validation effect; not significant after FDR correction; matched counterfactual contrast is weak; held-out effect does not replicate,7,0.5122222222222222,0.5066666666666667,0.028627311522048338
-0.007476127017346989,rejected,fdr_null,-0.034166403037013626,IF x20 = 1 THEN y = 1 increases,NoSupport,0.2589641434262948,0.5685828116107,weak validation effect; not significant after FDR correction; matched counterfactual contrast is weak; held-out effect does not replicate,7,0.48444444444444446,0.5188888888888888,0.020755547423236154
0.013754742115796803,rejected,fdr_null,-0.010321100917431214,IF x24 = 1 THEN y = 1 increases,NoSupport,0.2948207171314741,0.5685828116107,weak validation effect; not significant after FDR correction; matched counterfactual contrast is weak; held-out effect does not replicate,7,0.5155555555555555,0.49333333333333335,0.020270270270270285
0.0062083169917274824,rejected,fdr_null,-0.006498162810133934,IF x26 = 1 THEN y = 1 increases,NoSupport,0.2948207171314741,0.5685828116107,weak validation effect; not significant after FDR correction; matched counterfactual contrast is weak; held-out effect does not replicate,7,0.5188888888888888,0.4777777777777778,0.023899059871350825
0.007944530963700774,rejected,fdr_null,-0.0012446657183499132,IF x21 = 1 THEN y = 1 increases,NoSupport,0.38247011952191234,0.6884462151394423,weak validation effect; not significant after FDR correction; matched counterfactual contrast is weak; held-out effect does not replicate,7,0.5066666666666667,0.5022222222222222,0.012503950695322341
0.004903325125838585,rejected,fdr_null,0.04951331170274237,IF x16 = 1 THEN y = 1 increases,NoSupport,0.44223107569721115,0.7462649402390438,weak validation effect; not significant after FDR correction; matched counterfactual contrast is weak; held-out effect does not replicate,7,0.49666666666666665,0.5188888888888888,0.00740315808734443
-0.03214807936720533,rejected,fdr_null,0.037075638055628246,IF x27 = 1 THEN y = 1 increases,NoSupport,0.601593625498008,0.8093340922026181,weak validation effect; not significant after FDR correction; matched counterfactual contrast is weak; held-out effect does not replicate,7,0.5077777777777778,0.5155555555555555,-0.005813033850047444
0.029841766259840714,rejected,fdr_null,0.029176303148905902,IF x22 = 1 THEN y = 1 increases,NoSupport,0.5577689243027888,0.8093340922026181,weak validation effect; not significant after FDR correction; matched counterfactual contrast is weak; held-out effect does not replicate,7,0.4866666666666667,0.4922222222222222,-0.0004297336145536179
-0.012187261060613918,rejected,fdr_null,-0.021155973451327414,IF x23 = 1 THEN y = 1 increases,NoSupport,0.6294820717131474,0.8093340922026181,weak validation effect; not significant after FDR correction; matched counterfactual contrast is weak; held-out effect does not replicate,7,0.5022222222222222,0.4822222222222222,-0.013379877771404869
-0.0008135143848030898,rejected,fdr_null,-0.007142857142857173,IF x12 = 1 THEN y = 1 increases,NoSupport,0.5537848605577689,0.8093340922026181,weak validation effect; not significant after FDR correction; matched counterfactual contrast is weak; held-out effect does not replicate,7,0.4666666666666667,0.5022222222222222,-0.0008296460176991372
-0.016355097893308194,rejected,fdr_null,-0.003557312252964462,IF x8 = 1 THEN y = 1 increases,NoSupport,0.6095617529880478,0.8093340922026181,weak validation effect; not significant after FDR correction; matched counterfactual contrast is weak; held-out effect does not replicate,7,0.5111111111111111,0.47,-0.005486417770640961
-0.024056256543355168,rejected,fdr_null,-0.015755819416352235,IF x19 = 1 THEN y = 1 increases,NoSupport,0.7330677290836654,0.8605577689243028,weak validation effect; not significant after FDR correction; matched counterfactual contrast is weak; held-out effect does not replicate,7,0.4811111111111111,0.5055555555555555,-0.018743054698110884
-0.021346276864504757,rejected,fdr_null,0.008997372054696917,IF x13 = 1 THEN y = 1 increases,NoSupport,0.7171314741035857,0.8605577689243028,weak validation effect; not significant after FDR correction; matched counterfactual contrast is weak; held-out effect does not replicate,7,0.5233333333333333,0.4911111111111111,-0.016686755320199975
-0.04189084222668744,rejected,fdr_null,0.007200035555731177,IF x17 = 1 THEN y = 1 increases,NoSupport,0.8286852589641435,0.9322709163346614,weak validation effect; not significant after FDR correction; matched counterfactual contrast is weak; held-out effect does not replicate,7,0.5011111111111111,0.48444444444444446,-0.029776969313508428
-0.04418159551185173,rejected,fdr_null,0.04030030000345969,IF x15 = 1 THEN y = 1 increases,NoSupport,0.9760956175298805,0.9760956175298806,weak validation effect; not significant after FDR correction; matched counterfactual contrast is weak; held-out effect does not replicate,7,0.5144444444444445,0.5,-0.05111111111111111
-0.05341984333561405,rejected,fdr_null,0.013906222142984481,IF x11 = 1 THEN y = 1 increases,NoSupport,0.9601593625498008,0.9760956175298806,weak validation effect; not significant after FDR correction; matched counterfactual contrast is weak; held-out effect does not replicate,7,0.47333333333333333,0.49777777777777776,-0.06139380530973454
-0.04765715282593799,rejected,fdr_null,-0.0023112937318504057,IF x9 = 1 THEN y = 1 increases,NoSupport,0.9641434262948207,0.9760956175298806,weak validation effect; not significant after FDR correction; matched counterfactual contrast is weak; held-out effect does not replicate,7,0.5044444444444445,0.4888888888888889,-0.0492094861660079
0.22285104577587467,accepted,valid,0.18456943753111,IF x0 = 1 THEN y = 1 increases,NoStatTest,0.00398406374501992,0.02151394422310757,passes all verification gates,7,0.45555555555555555,0.5022222222222222,0.2213969658659924
0.07259835491512888,accepted,fdr_null,0.0755555555555556,IF x18 = 1 THEN y = 1 increases,NoStatTest,0.02390438247011952,0.08067729083665338,passes all verification gates,7,0.5,0.4666666666666667,0.07053571428571426
0.06858872944377659,accepted,statistical,0.23735549132947975,IF x3 = 1 THEN y = 1 increases,NoStatTest,0.14342629482071714,0.4302788844621514,passes all verification gates,7,0.2311111111111111,0.06777777777777778,0.08892319115262115
0.501763409727816,rejected,holdout,-0.6374425211317534,IF x5 = 1 THEN y = 1 increases,NoStatTest,0.00398406374501992,0.02151394422310757,held-out effect does not replicate,7,0.5522222222222222,0.43777777777777777,0.5404887542384784
0.6373330893850607,rejected,support,0.5024044420207228,IF x2 = 1 THEN y = 1 increases,NoStatTest,0.00398406374501992,0.02151394422310757,insufficient support,7,0.025555555555555557,0.025555555555555557,0.6292697436914383
0.0,rejected,counterfactual,0.15428266371401456,IF x4 = 1 THEN y = 1 increases,NoStatTest,0.00398406374501992,0.02151394422310757,matched counterfactual contrast is weak,7,0.5155555555555555,0.4988888888888889,0.21708255349409133
0.0018185684335118423,rejected,redundant,0.14505783674140676,IF x6 = 1 THEN y = 1 increases,NoStatTest,0.00398406374501992,0.02151394422310757,matched counterfactual contrast is weak,7,0.45222222222222225,0.5077777777777778,0.17825053963675158
0.07605537368449891,rejected,fdr_null,-0.04064895703333932,IF x10 = 1 THEN y = 1 increases,NoStatTest,0.01593625498007968,0.07171314741035857,held-out effect does not replicate,7,0.5266666666666666,0.4866666666666667,0.08281444582814446
0.05751017581877733,rejected,fdr_null,0.047996675554939916,IF x25 = 1 THEN y = 1 increases,NoStatTest,0.02390438247011952,0.08067729083665338,held-out effect does not replicate,7,0.5211111111111111,0.5066666666666667,0.0641891891891892
0.03317411554091566,rejected,fdr_null,0.020912124582869895,IF x14 = 1 THEN y = 1 increases,NoStatTest,0.21912350597609562,0.5574067366896052,weak validation effect; matched counterfactual contrast is weak; held-out effect does not replicate,7,0.48333333333333334,0.5122222222222222,0.025452245539309915
0.03053676452428147,rejected,fdr_null,0.0036466234144846843,IF x7 = 1 THEN y = 1 increases,NoStatTest,0.22709163346613545,0.5574067366896052,weak validation effect; matched counterfactual contrast is weak; held-out effect does not replicate,7,0.5122222222222222,0.5066666666666667,0.028627311522048338
-0.007476127017346989,rejected,fdr_null,-0.034166403037013626,IF x20 = 1 THEN y = 1 increases,NoStatTest,0.2589641434262948,0.5685828116107,weak validation effect; matched counterfactual contrast is weak; held-out effect does not replicate,7,0.48444444444444446,0.5188888888888888,0.020755547423236154
0.013754742115796803,rejected,fdr_null,-0.010321100917431214,IF x24 = 1 THEN y = 1 increases,NoStatTest,0.2948207171314741,0.5685828116107,weak validation effect; matched counterfactual contrast is weak; held-out effect does not replicate,7,0.5155555555555555,0.49333333333333335,0.020270270270270285
0.0062083169917274824,rejected,fdr_null,-0.006498162810133934,IF x26 = 1 THEN y = 1 increases,NoStatTest,0.2948207171314741,0.5685828116107,weak validation effect; matched counterfactual contrast is weak; held-out effect does not replicate,7,0.5188888888888888,0.4777777777777778,0.023899059871350825
0.007944530963700774,rejected,fdr_null,-0.0012446657183499132,IF x21 = 1 THEN y = 1 increases,NoStatTest,0.38247011952191234,0.6884462151394423,weak validation effect; matched counterfactual contrast is weak; held-out effect does not replicate,7,0.5066666666666667,0.5022222222222222,0.012503950695322341
0.004903325125838585,rejected,fdr_null,0.04951331170274237,IF x16 = 1 THEN y = 1 increases,NoStatTest,0.44223107569721115,0.7462649402390438,weak validation effect; matched counterfactual contrast is weak; held-out effect does not replicate,7,0.49666666666666665,0.5188888888888888,0.00740315808734443
-0.03214807936720533,rejected,fdr_null,0.037075638055628246,IF x27 = 1 THEN y = 1 increases,NoStatTest,0.601593625498008,0.8093340922026181,weak validation effect; matched counterfactual contrast is weak; held-out effect does not replicate,7,0.5077777777777778,0.5155555555555555,-0.005813033850047444
0.029841766259840714,rejected,fdr_null,0.029176303148905902,IF x22 = 1 THEN y = 1 increases,NoStatTest,0.5577689243027888,0.8093340922026181,weak validation effect; matched counterfactual contrast is weak; held-out effect does not replicate,7,0.4866666666666667,0.4922222222222222,-0.0004297336145536179
-0.012187261060613918,rejected,fdr_null,-0.021155973451327414,IF x23 = 1 THEN y = 1 increases,NoStatTest,0.6294820717131474,0.8093340922026181,weak validation effect; matched counterfactual contrast is weak; held-out effect does not replicate,7,0.5022222222222222,0.4822222222222222,-0.013379877771404869
-0.0008135143848030898,rejected,fdr_null,-0.007142857142857173,IF x12 = 1 THEN y = 1 increases,NoStatTest,0.5537848605577689,0.8093340922026181,weak validation effect; matched counterfactual contrast is weak; held-out effect does not replicate,7,0.4666666666666667,0.5022222222222222,-0.0008296460176991372
-0.016355097893308194,rejected,fdr_null,-0.003557312252964462,IF x8 = 1 THEN y = 1 increases,NoStatTest,0.6095617529880478,0.8093340922026181,weak validation effect; matched counterfactual contrast is weak; held-out effect does not replicate,7,0.5111111111111111,0.47,-0.005486417770640961
-0.024056256543355168,rejected,fdr_null,-0.015755819416352235,IF x19 = 1 THEN y = 1 increases,NoStatTest,0.7330677290836654,0.8605577689243028,weak validation effect; matched counterfactual contrast is weak; held-out effect does not replicate,7,0.4811111111111111,0.5055555555555555,-0.018743054698110884
-0.021346276864504757,rejected,fdr_null,0.008997372054696917,IF x13 = 1 THEN y = 1 increases,NoStatTest,0.7171314741035857,0.8605577689243028,weak validation effect; matched counterfactual contrast is weak; held-out effect does not replicate,7,0.5233333333333333,0.4911111111111111,-0.016686755320199975
-0.04189084222668744,rejected,fdr_null,0.007200035555731177,IF x17 = 1 THEN y = 1 increases,NoStatTest,0.8286852589641435,0.9322709163346614,weak validation effect; matched counterfactual contrast is weak; held-out effect does not replicate,7,0.5011111111111111,0.48444444444444446,-0.029776969313508428
-0.04418159551185173,rejected,fdr_null,0.04030030000345969,IF x15 = 1 THEN y = 1 increases,NoStatTest,0.9760956175298805,0.9760956175298806,weak validation effect; matched counterfactual contrast is weak; held-out effect does not replicate,7,0.5144444444444445,0.5,-0.05111111111111111
-0.05341984333561405,rejected,fdr_null,0.013906222142984481,IF x11 = 1 THEN y = 1 increases,NoStatTest,0.9601593625498008,0.9760956175298806,weak validation effect; matched counterfactual contrast is weak; held-out effect does not replicate,7,0.47333333333333333,0.49777777777777776,-0.06139380530973454
-0.04765715282593799,rejected,fdr_null,-0.0023112937318504057,IF x9 = 1 THEN y = 1 increases,NoStatTest,0.9641434262948207,0.9760956175298806,weak validation effect; matched counterfactual contrast is weak; held-out effect does not replicate,7,0.5044444444444445,0.4888888888888889,-0.0492094861660079
0.22285104577587467,accepted,valid,0.18456943753111,IF x0 = 1 THEN y = 1 increases,NoFDR,0.00398406374501992,0.00398406374501992,passes all verification gates,7,0.45555555555555555,0.5022222222222222,0.2213969658659924
0.07259835491512888,accepted,fdr_null,0.0755555555555556,IF x18 = 1 THEN y = 1 increases,NoFDR,0.02390438247011952,0.02390438247011952,passes all verification gates,7,0.5,0.4666666666666667,0.07053571428571426
0.501763409727816,rejected,holdout,-0.6374425211317534,IF x5 = 1 THEN y = 1 increases,NoFDR,0.00398406374501992,0.00398406374501992,held-out effect does not replicate,7,0.5522222222222222,0.43777777777777777,0.5404887542384784
0.6373330893850607,rejected,support,0.5024044420207228,IF x2 = 1 THEN y = 1 increases,NoFDR,0.00398406374501992,0.00398406374501992,insufficient support,7,0.025555555555555557,0.025555555555555557,0.6292697436914383
0.0,rejected,counterfactual,0.15428266371401456,IF x4 = 1 THEN y = 1 increases,NoFDR,0.00398406374501992,0.00398406374501992,matched counterfactual contrast is weak,7,0.5155555555555555,0.4988888888888889,0.21708255349409133
0.0018185684335118423,rejected,redundant,0.14505783674140676,IF x6 = 1 THEN y = 1 increases,NoFDR,0.00398406374501992,0.00398406374501992,matched counterfactual contrast is weak,7,0.45222222222222225,0.5077777777777778,0.17825053963675158
0.07605537368449891,rejected,fdr_null,-0.04064895703333932,IF x10 = 1 THEN y = 1 increases,NoFDR,0.01593625498007968,0.01593625498007968,held-out effect does not replicate,7,0.5266666666666666,0.4866666666666667,0.08281444582814446
0.05751017581877733,rejected,fdr_null,0.047996675554939916,IF x25 = 1 THEN y = 1 increases,NoFDR,0.02390438247011952,0.02390438247011952,held-out effect does not replicate,7,0.5211111111111111,0.5066666666666667,0.0641891891891892
0.06858872944377659,rejected,statistical,0.23735549132947975,IF x3 = 1 THEN y = 1 increases,NoFDR,0.14342629482071714,0.14342629482071714,not significant after raw p-value test,7,0.2311111111111111,0.06777777777777778,0.08892319115262115
0.03317411554091566,rejected,fdr_null,0.020912124582869895,IF x14 = 1 THEN y = 1 increases,NoFDR,0.21912350597609562,0.21912350597609562,weak validation effect; not significant after raw p-value test; matched counterfactual contrast is weak; held-out effect does not replicate,7,0.48333333333333334,0.5122222222222222,0.025452245539309915
0.03053676452428147,rejected,fdr_null,0.0036466234144846843,IF x7 = 1 THEN y = 1 increases,NoFDR,0.22709163346613545,0.22709163346613545,weak validation effect; not significant after raw p-value test; matched counterfactual contrast is weak; held-out effect does not replicate,7,0.5122222222222222,0.5066666666666667,0.028627311522048338
-0.007476127017346989,rejected,fdr_null,-0.034166403037013626,IF x20 = 1 THEN y = 1 increases,NoFDR,0.2589641434262948,0.2589641434262948,weak validation effect; not significant after raw p-value test; matched counterfactual contrast is weak; held-out effect does not replicate,7,0.48444444444444446,0.5188888888888888,0.020755547423236154
0.013754742115796803,rejected,fdr_null,-0.010321100917431214,IF x24 = 1 THEN y = 1 increases,NoFDR,0.2948207171314741,0.2948207171314741,weak validation effect; not significant after raw p-value test; matched counterfactual contrast is weak; held-out effect does not replicate,7,0.5155555555555555,0.49333333333333335,0.020270270270270285
0.0062083169917274824,rejected,fdr_null,-0.006498162810133934,IF x26 = 1 THEN y = 1 increases,NoFDR,0.2948207171314741,0.2948207171314741,weak validation effect; not significant after raw p-value test; matched counterfactual contrast is weak; held-out effect does not replicate,7,0.5188888888888888,0.4777777777777778,0.023899059871350825
0.007944530963700774,rejected,fdr_null,-0.0012446657183499132,IF x21 = 1 THEN y = 1 increases,NoFDR,0.38247011952191234,0.38247011952191234,weak validation effect; not significant after raw p-value test; matched counterfactual contrast is weak; held-out effect does not replicate,7,0.5066666666666667,0.5022222222222222,0.012503950695322341
0.004903325125838585,rejected,fdr_null,0.04951331170274237,IF x16 = 1 THEN y = 1 increases,NoFDR,0.44223107569721115,0.44223107569721115,weak validation effect; not significant after raw p-value test; matched counterfactual contrast is weak; held-out effect does not replicate,7,0.49666666666666665,0.5188888888888888,0.00740315808734443
-0.0008135143848030898,rejected,fdr_null,-0.007142857142857173,IF x12 = 1 THEN y = 1 increases,NoFDR,0.5537848605577689,0.5537848605577689,weak validation effect; not significant after raw p-value test; matched counterfactual contrast is weak; held-out effect does not replicate,7,0.4666666666666667,0.5022222222222222,-0.0008296460176991372
0.029841766259840714,rejected,fdr_null,0.029176303148905902,IF x22 = 1 THEN y = 1 increases,NoFDR,0.5577689243027888,0.5577689243027888,weak validation effect; not significant after raw p-value test; matched counterfactual contrast is weak; held-out effect does not replicate,7,0.4866666666666667,0.4922222222222222,-0.0004297336145536179
-0.03214807936720533,rejected,fdr_null,0.037075638055628246,IF x27 = 1 THEN y = 1 increases,NoFDR,0.601593625498008,0.601593625498008,weak validation effect; not significant after raw p-value test; matched counterfactual contrast is weak; held-out effect does not replicate,7,0.5077777777777778,0.5155555555555555,-0.005813033850047444
-0.016355097893308194,rejected,fdr_null,-0.003557312252964462,IF x8 = 1 THEN y = 1 increases,NoFDR,0.6095617529880478,0.6095617529880478,weak validation effect; not significant after raw p-value test; matched counterfactual contrast is weak; held-out effect does not replicate,7,0.5111111111111111,0.47,-0.005486417770640961
-0.012187261060613918,rejected,fdr_null,-0.021155973451327414,IF x23 = 1 THEN y = 1 increases,NoFDR,0.6294820717131474,0.6294820717131474,weak validation effect; not significant after raw p-value test; matched counterfactual contrast is weak; held-out effect does not replicate,7,0.5022222222222222,0.4822222222222222,-0.013379877771404869
-0.021346276864504757,rejected,fdr_null,0.008997372054696917,IF x13 = 1 THEN y = 1 increases,NoFDR,0.7171314741035857,0.7171314741035857,weak validation effect; not significant after raw p-value test; matched counterfactual contrast is weak; held-out effect does not replicate,7,0.5233333333333333,0.4911111111111111,-0.016686755320199975
-0.024056256543355168,rejected,fdr_null,-0.015755819416352235,IF x19 = 1 THEN y = 1 increases,NoFDR,0.7330677290836654,0.7330677290836654,weak validation effect; not significant after raw p-value test; matched counterfactual contrast is weak; held-out effect does not replicate,7,0.4811111111111111,0.5055555555555555,-0.018743054698110884
-0.04189084222668744,rejected,fdr_null,0.007200035555731177,IF x17 = 1 THEN y = 1 increases,NoFDR,0.8286852589641435,0.8286852589641435,weak validation effect; not significant after raw p-value test; matched counterfactual contrast is weak; held-out effect does not replicate,7,0.5011111111111111,0.48444444444444446,-0.029776969313508428
-0.05341984333561405,rejected,fdr_null,0.013906222142984481,IF x11 = 1 THEN y = 1 increases,NoFDR,0.9601593625498008,0.9601593625498008,weak validation effect; not significant after raw p-value test; matched counterfactual contrast is weak; held-out effect does not replicate,7,0.47333333333333333,0.49777777777777776,-0.06139380530973454
-0.04765715282593799,rejected,fdr_null,-0.0023112937318504057,IF x9 = 1 THEN y = 1 increases,NoFDR,0.9641434262948207,0.9641434262948207,weak validation effect; not significant after raw p-value test; matched counterfactual contrast is weak; held-out effect does not replicate,7,0.5044444444444445,0.4888888888888889,-0.0492094861660079
-0.04418159551185173,rejected,fdr_null,0.04030030000345969,IF x15 = 1 THEN y = 1 increases,NoFDR,0.9760956175298805,0.9760956175298805,weak validation effect; not significant after raw p-value test; matched counterfactual contrast is weak; held-out effect does not replicate,7,0.5144444444444445,0.5,-0.05111111111111111
0.22285104577587467,accepted,valid,0.18456943753111,IF x0 = 1 THEN y = 1 increases,NoCounterfactual,0.00398406374501992,0.02151394422310757,passes all verification gates,7,0.45555555555555555,0.5022222222222222,0.2213969658659924
0.0,accepted,counterfactual,0.15428266371401456,IF x4 = 1 THEN y = 1 increases,NoCounterfactual,0.00398406374501992,0.02151394422310757,passes all verification gates,7,0.5155555555555555,0.4988888888888889,0.21708255349409133
0.0018185684335118423,accepted,redundant,0.14505783674140676,IF x6 = 1 THEN y = 1 increases,NoCounterfactual,0.00398406374501992,0.02151394422310757,passes all verification gates,7,0.45222222222222225,0.5077777777777778,0.17825053963675158
0.501763409727816,rejected,holdout,-0.6374425211317534,IF x5 = 1 THEN y = 1 increases,NoCounterfactual,0.00398406374501992,0.02151394422310757,held-out effect does not replicate,7,0.5522222222222222,0.43777777777777777,0.5404887542384784
0.6373330893850607,rejected,support,0.5024044420207228,IF x2 = 1 THEN y = 1 increases,NoCounterfactual,0.00398406374501992,0.02151394422310757,insufficient support,7,0.025555555555555557,0.025555555555555557,0.6292697436914383
0.07605537368449891,rejected,fdr_null,-0.04064895703333932,IF x10 = 1 THEN y = 1 increases,NoCounterfactual,0.01593625498007968,0.07171314741035857,not significant after FDR correction; held-out effect does not replicate,7,0.5266666666666666,0.4866666666666667,0.08281444582814446
0.07259835491512888,rejected,fdr_null,0.0755555555555556,IF x18 = 1 THEN y = 1 increases,NoCounterfactual,0.02390438247011952,0.08067729083665338,not significant after FDR correction,7,0.5,0.4666666666666667,0.07053571428571426
0.05751017581877733,rejected,fdr_null,0.047996675554939916,IF x25 = 1 THEN y = 1 increases,NoCounterfactual,0.02390438247011952,0.08067729083665338,not significant after FDR correction; held-out effect does not replicate,7,0.5211111111111111,0.5066666666666667,0.0641891891891892
0.06858872944377659,rejected,statistical,0.23735549132947975,IF x3 = 1 THEN y = 1 increases,NoCounterfactual,0.14342629482071714,0.4302788844621514,not significant after FDR correction,7,0.2311111111111111,0.06777777777777778,0.08892319115262115
0.03317411554091566,rejected,fdr_null,0.020912124582869895,IF x14 = 1 THEN y = 1 increases,NoCounterfactual,0.21912350597609562,0.5574067366896052,weak validation effect; not significant after FDR correction; held-out effect does not replicate,7,0.48333333333333334,0.5122222222222222,0.025452245539309915
0.03053676452428147,rejected,fdr_null,0.0036466234144846843,IF x7 = 1 THEN y = 1 increases,NoCounterfactual,0.22709163346613545,0.5574067366896052,weak validation effect; not significant after FDR correction; held-out effect does not replicate,7,0.5122222222222222,0.5066666666666667,0.028627311522048338
-0.007476127017346989,rejected,fdr_null,-0.034166403037013626,IF x20 = 1 THEN y = 1 increases,NoCounterfactual,0.2589641434262948,0.5685828116107,weak validation effect; not significant after FDR correction; held-out effect does not replicate,7,0.48444444444444446,0.5188888888888888,0.020755547423236154
0.013754742115796803,rejected,fdr_null,-0.010321100917431214,IF x24 = 1 THEN y = 1 increases,NoCounterfactual,0.2948207171314741,0.5685828116107,weak validation effect; not significant after FDR correction; held-out effect does not replicate,7,0.5155555555555555,0.49333333333333335,0.020270270270270285
0.0062083169917274824,rejected,fdr_null,-0.006498162810133934,IF x26 = 1 THEN y = 1 increases,NoCounterfactual,0.2948207171314741,0.5685828116107,weak validation effect; not significant after FDR correction; held-out effect does not replicate,7,0.5188888888888888,0.4777777777777778,0.023899059871350825
0.007944530963700774,rejected,fdr_null,-0.0012446657183499132,IF x21 = 1 THEN y = 1 increases,NoCounterfactual,0.38247011952191234,0.6884462151394423,weak validation effect; not significant after FDR correction; held-out effect does not replicate,7,0.5066666666666667,0.5022222222222222,0.012503950695322341
0.004903325125838585,rejected,fdr_null,0.04951331170274237,IF x16 = 1 THEN y = 1 increases,NoCounterfactual,0.44223107569721115,0.7462649402390438,weak validation effect; not significant after FDR correction; held-out effect does not replicate,7,0.49666666666666665,0.5188888888888888,0.00740315808734443
-0.03214807936720533,rejected,fdr_null,0.037075638055628246,IF x27 = 1 THEN y = 1 increases,NoCounterfactual,0.601593625498008,0.8093340922026181,weak validation effect; not significant after FDR correction; held-out effect does not replicate,7,0.5077777777777778,0.5155555555555555,-0.005813033850047444
0.029841766259840714,rejected,fdr_null,0.029176303148905902,IF x22 = 1 THEN y = 1 increases,NoCounterfactual,0.5577689243027888,0.8093340922026181,weak validation effect; not significant after FDR correction; held-out effect does not replicate,7,0.4866666666666667,0.4922222222222222,-0.0004297336145536179
-0.012187261060613918,rejected,fdr_null,-0.021155973451327414,IF x23 = 1 THEN y = 1 increases,NoCounterfactual,0.6294820717131474,0.8093340922026181,weak validation effect; not significant after FDR correction; held-out effect does not replicate,7,0.5022222222222222,0.4822222222222222,-0.013379877771404869
-0.0008135143848030898,rejected,fdr_null,-0.007142857142857173,IF x12 = 1 THEN y = 1 increases,NoCounterfactual,0.5537848605577689,0.8093340922026181,weak validation effect; not significant after FDR correction; held-out effect does not replicate,7,0.4666666666666667,0.5022222222222222,-0.0008296460176991372
-0.016355097893308194,rejected,fdr_null,-0.003557312252964462,IF x8 = 1 THEN y = 1 increases,NoCounterfactual,0.6095617529880478,0.8093340922026181,weak validation effect; not significant after FDR correction; held-out effect does not replicate,7,0.5111111111111111,0.47,-0.005486417770640961
-0.024056256543355168,rejected,fdr_null,-0.015755819416352235,IF x19 = 1 THEN y = 1 increases,NoCounterfactual,0.7330677290836654,0.8605577689243028,weak validation effect; not significant after FDR correction; held-out effect does not replicate,7,0.4811111111111111,0.5055555555555555,-0.018743054698110884
-0.021346276864504757,rejected,fdr_null,0.008997372054696917,IF x13 = 1 THEN y = 1 increases,NoCounterfactual,0.7171314741035857,0.8605577689243028,weak validation effect; not significant after FDR correction; held-out effect does not replicate,7,0.5233333333333333,0.4911111111111111,-0.016686755320199975
-0.04189084222668744,rejected,fdr_null,0.007200035555731177,IF x17 = 1 THEN y = 1 increases,NoCounterfactual,0.8286852589641435,0.9322709163346614,weak validation effect; not significant after FDR correction; held-out effect does not replicate,7,0.5011111111111111,0.48444444444444446,-0.029776969313508428
-0.04418159551185173,rejected,fdr_null,0.04030030000345969,IF x15 = 1 THEN y = 1 increases,NoCounterfactual,0.9760956175298805,0.9760956175298806,weak validation effect; not significant after FDR correction; held-out effect does not replicate,7,0.5144444444444445,0.5,-0.05111111111111111
-0.05341984333561405,rejected,fdr_null,0.013906222142984481,IF x11 = 1 THEN y = 1 increases,NoCounterfactual,0.9601593625498008,0.9760956175298806,weak validation effect; not significant after FDR correction; held-out effect does not replicate,7,0.47333333333333333,0.49777777777777776,-0.06139380530973454
-0.04765715282593799,rejected,fdr_null,-0.0023112937318504057,IF x9 = 1 THEN y = 1 increases,NoCounterfactual,0.9641434262948207,0.9760956175298806,weak validation effect; not significant after FDR correction; held-out effect does not replicate,7,0.5044444444444445,0.4888888888888889,-0.0492094861660079
0.501763409727816,accepted,holdout,-0.6374425211317534,IF x5 = 1 THEN y = 1 increases,NoHeldout,0.00398406374501992,0.02151394422310757,passes all verification gates,7,0.5522222222222222,0.43777777777777777,0.5404887542384784
0.22285104577587467,accepted,valid,0.18456943753111,IF x0 = 1 THEN y = 1 increases,NoHeldout,0.00398406374501992,0.02151394422310757,passes all verification gates,7,0.45555555555555555,0.5022222222222222,0.2213969658659924
0.6373330893850607,rejected,support,0.5024044420207228,IF x2 = 1 THEN y = 1 increases,NoHeldout,0.00398406374501992,0.02151394422310757,insufficient support,7,0.025555555555555557,0.025555555555555557,0.6292697436914383
0.0,rejected,counterfactual,0.15428266371401456,IF x4 = 1 THEN y = 1 increases,NoHeldout,0.00398406374501992,0.02151394422310757,matched counterfactual contrast is weak,7,0.5155555555555555,0.4988888888888889,0.21708255349409133
0.0018185684335118423,rejected,redundant,0.14505783674140676,IF x6 = 1 THEN y = 1 increases,NoHeldout,0.00398406374501992,0.02151394422310757,matched counterfactual contrast is weak,7,0.45222222222222225,0.5077777777777778,0.17825053963675158
0.07605537368449891,rejected,fdr_null,-0.04064895703333932,IF x10 = 1 THEN y = 1 increases,NoHeldout,0.01593625498007968,0.07171314741035857,not significant after FDR correction,7,0.5266666666666666,0.4866666666666667,0.08281444582814446
0.07259835491512888,rejected,fdr_null,0.0755555555555556,IF x18 = 1 THEN y = 1 increases,NoHeldout,0.02390438247011952,0.08067729083665338,not significant after FDR correction,7,0.5,0.4666666666666667,0.07053571428571426
0.05751017581877733,rejected,fdr_null,0.047996675554939916,IF x25 = 1 THEN y = 1 increases,NoHeldout,0.02390438247011952,0.08067729083665338,not significant after FDR correction,7,0.5211111111111111,0.5066666666666667,0.0641891891891892
0.06858872944377659,rejected,statistical,0.23735549132947975,IF x3 = 1 THEN y = 1 increases,NoHeldout,0.14342629482071714,0.4302788844621514,not significant after FDR correction,7,0.2311111111111111,0.06777777777777778,0.08892319115262115
0.03317411554091566,rejected,fdr_null,0.020912124582869895,IF x14 = 1 THEN y = 1 increases,NoHeldout,0.21912350597609562,0.5574067366896052,weak validation effect; not significant after FDR correction; matched counterfactual contrast is weak,7,0.48333333333333334,0.5122222222222222,0.025452245539309915
0.03053676452428147,rejected,fdr_null,0.0036466234144846843,IF x7 = 1 THEN y = 1 increases,NoHeldout,0.22709163346613545,0.5574067366896052,weak validation effect; not significant after FDR correction; matched counterfactual contrast is weak,7,0.5122222222222222,0.5066666666666667,0.028627311522048338
-0.007476127017346989,rejected,fdr_null,-0.034166403037013626,IF x20 = 1 THEN y = 1 increases,NoHeldout,0.2589641434262948,0.5685828116107,weak validation effect; not significant after FDR correction; matched counterfactual contrast is weak,7,0.48444444444444446,0.5188888888888888,0.020755547423236154
0.013754742115796803,rejected,fdr_null,-0.010321100917431214,IF x24 = 1 THEN y = 1 increases,NoHeldout,0.2948207171314741,0.5685828116107,weak validation effect; not significant after FDR correction; matched counterfactual contrast is weak,7,0.5155555555555555,0.49333333333333335,0.020270270270270285
0.0062083169917274824,rejected,fdr_null,-0.006498162810133934,IF x26 = 1 THEN y = 1 increases,NoHeldout,0.2948207171314741,0.5685828116107,weak validation effect; not significant after FDR correction; matched counterfactual contrast is weak,7,0.5188888888888888,0.4777777777777778,0.023899059871350825
0.007944530963700774,rejected,fdr_null,-0.0012446657183499132,IF x21 = 1 THEN y = 1 increases,NoHeldout,0.38247011952191234,0.6884462151394423,weak validation effect; not significant after FDR correction; matched counterfactual contrast is weak,7,0.5066666666666667,0.5022222222222222,0.012503950695322341
0.004903325125838585,rejected,fdr_null,0.04951331170274237,IF x16 = 1 THEN y = 1 increases,NoHeldout,0.44223107569721115,0.7462649402390438,weak validation effect; not significant after FDR correction; matched counterfactual contrast is weak,7,0.49666666666666665,0.5188888888888888,0.00740315808734443
-0.03214807936720533,rejected,fdr_null,0.037075638055628246,IF x27 = 1 THEN y = 1 increases,NoHeldout,0.601593625498008,0.8093340922026181,weak validation effect; not significant after FDR correction; matched counterfactual contrast is weak,7,0.5077777777777778,0.5155555555555555,-0.005813033850047444
0.029841766259840714,rejected,fdr_null,0.029176303148905902,IF x22 = 1 THEN y = 1 increases,NoHeldout,0.5577689243027888,0.8093340922026181,weak validation effect; not significant after FDR correction; matched counterfactual contrast is weak,7,0.4866666666666667,0.4922222222222222,-0.0004297336145536179
-0.012187261060613918,rejected,fdr_null,-0.021155973451327414,IF x23 = 1 THEN y = 1 increases,NoHeldout,0.6294820717131474,0.8093340922026181,weak validation effect; not significant after FDR correction; matched counterfactual contrast is weak,7,0.5022222222222222,0.4822222222222222,-0.013379877771404869
-0.0008135143848030898,rejected,fdr_null,-0.007142857142857173,IF x12 = 1 THEN y = 1 increases,NoHeldout,0.5537848605577689,0.8093340922026181,weak validation effect; not significant after FDR correction; matched counterfactual contrast is weak,7,0.4666666666666667,0.5022222222222222,-0.0008296460176991372
-0.016355097893308194,rejected,fdr_null,-0.003557312252964462,IF x8 = 1 THEN y = 1 increases,NoHeldout,0.6095617529880478,0.8093340922026181,weak validation effect; not significant after FDR correction; matched counterfactual contrast is weak,7,0.5111111111111111,0.47,-0.005486417770640961
-0.024056256543355168,rejected,fdr_null,-0.015755819416352235,IF x19 = 1 THEN y = 1 increases,NoHeldout,0.7330677290836654,0.8605577689243028,weak validation effect; not significant after FDR correction; matched counterfactual contrast is weak,7,0.4811111111111111,0.5055555555555555,-0.018743054698110884
-0.021346276864504757,rejected,fdr_null,0.008997372054696917,IF x13 = 1 THEN y = 1 increases,NoHeldout,0.7171314741035857,0.8605577689243028,weak validation effect; not significant after FDR correction; matched counterfactual contrast is weak,7,0.5233333333333333,0.4911111111111111,-0.016686755320199975
-0.04189084222668744,rejected,fdr_null,0.007200035555731177,IF x17 = 1 THEN y = 1 increases,NoHeldout,0.8286852589641435,0.9322709163346614,weak validation effect; not significant after FDR correction; matched counterfactual contrast is weak,7,0.5011111111111111,0.48444444444444446,-0.029776969313508428
-0.04418159551185173,rejected,fdr_null,0.04030030000345969,IF x15 = 1 THEN y = 1 increases,NoHeldout,0.9760956175298805,0.9760956175298806,weak validation effect; not significant after FDR correction; matched counterfactual contrast is weak,7,0.5144444444444445,0.5,-0.05111111111111111
-0.05341984333561405,rejected,fdr_null,0.013906222142984481,IF x11 = 1 THEN y = 1 increases,NoHeldout,0.9601593625498008,0.9760956175298806,weak validation effect; not significant after FDR correction; matched counterfactual contrast is weak,7,0.47333333333333333,0.49777777777777776,-0.06139380530973454
-0.04765715282593799,rejected,fdr_null,-0.0023112937318504057,IF x9 = 1 THEN y = 1 increases,NoHeldout,0.9641434262948207,0.9760956175298806,weak validation effect; not significant after FDR correction; matched counterfactual contrast is weak,7,0.5044444444444445,0.4888888888888889,-0.0492094861660079
0.22285104577587467,accepted,valid,0.18456943753111,IF x0 = 1 THEN y = 1 increases,NoEffect,0.00398406374501992,0.02151394422310757,passes all verification gates,7,0.45555555555555555,0.5022222222222222,0.2213969658659924
0.0,accepted,counterfactual,0.15428266371401456,IF x4 = 1 THEN y = 1 increases,NoEffect,0.00398406374501992,0.02151394422310757,passes all verification gates,7,0.5155555555555555,0.4988888888888889,0.21708255349409133
0.0018185684335118423,accepted,redundant,0.14505783674140676,IF x6 = 1 THEN y = 1 increases,NoEffect,0.00398406374501992,0.02151394422310757,passes all verification gates,7,0.45222222222222225,0.5077777777777778,0.17825053963675158
0.501763409727816,rejected,holdout,-0.6374425211317534,IF x5 = 1 THEN y = 1 increases,NoEffect,0.00398406374501992,0.02151394422310757,held-out effect does not replicate,7,0.5522222222222222,0.43777777777777777,0.5404887542384784
0.6373330893850607,rejected,support,0.5024044420207228,IF x2 = 1 THEN y = 1 increases,NoEffect,0.00398406374501992,0.02151394422310757,insufficient support,7,0.025555555555555557,0.025555555555555557,0.6292697436914383
0.07605537368449891,rejected,fdr_null,-0.04064895703333932,IF x10 = 1 THEN y = 1 increases,NoEffect,0.01593625498007968,0.07171314741035857,not significant after FDR correction; held-out effect does not replicate,7,0.5266666666666666,0.4866666666666667,0.08281444582814446
0.07259835491512888,rejected,fdr_null,0.0755555555555556,IF x18 = 1 THEN y = 1 increases,NoEffect,0.02390438247011952,0.08067729083665338,not significant after FDR correction,7,0.5,0.4666666666666667,0.07053571428571426
0.05751017581877733,rejected,fdr_null,0.047996675554939916,IF x25 = 1 THEN y = 1 increases,NoEffect,0.02390438247011952,0.08067729083665338,not significant after FDR correction; held-out effect does not replicate,7,0.5211111111111111,0.5066666666666667,0.0641891891891892
0.06858872944377659,rejected,statistical,0.23735549132947975,IF x3 = 1 THEN y = 1 increases,NoEffect,0.14342629482071714,0.4302788844621514,not significant after FDR correction,7,0.2311111111111111,0.06777777777777778,0.08892319115262115
0.03317411554091566,rejected,fdr_null,0.020912124582869895,IF x14 = 1 THEN y = 1 increases,NoEffect,0.21912350597609562,0.5574067366896052,not significant after FDR correction; held-out effect does not replicate,7,0.48333333333333334,0.5122222222222222,0.025452245539309915
0.03053676452428147,rejected,fdr_null,0.0036466234144846843,IF x7 = 1 THEN y = 1 increases,NoEffect,0.22709163346613545,0.5574067366896052,not significant after FDR correction; held-out effect does not replicate,7,0.5122222222222222,0.5066666666666667,0.028627311522048338
-0.007476127017346989,rejected,fdr_null,-0.034166403037013626,IF x20 = 1 THEN y = 1 increases,NoEffect,0.2589641434262948,0.5685828116107,not significant after FDR correction; held-out effect does not replicate,7,0.48444444444444446,0.5188888888888888,0.020755547423236154
0.013754742115796803,rejected,fdr_null,-0.010321100917431214,IF x24 = 1 THEN y = 1 increases,NoEffect,0.2948207171314741,0.5685828116107,not significant after FDR correction; held-out effect does not replicate,7,0.5155555555555555,0.49333333333333335,0.020270270270270285
0.0062083169917274824,rejected,fdr_null,-0.006498162810133934,IF x26 = 1 THEN y = 1 increases,NoEffect,0.2948207171314741,0.5685828116107,not significant after FDR correction; held-out effect does not replicate,7,0.5188888888888888,0.4777777777777778,0.023899059871350825
0.007944530963700774,rejected,fdr_null,-0.0012446657183499132,IF x21 = 1 THEN y = 1 increases,NoEffect,0.38247011952191234,0.6884462151394423,not significant after FDR correction; held-out effect does not replicate,7,0.5066666666666667,0.5022222222222222,0.012503950695322341
0.004903325125838585,rejected,fdr_null,0.04951331170274237,IF x16 = 1 THEN y = 1 increases,NoEffect,0.44223107569721115,0.7462649402390438,not significant after FDR correction; held-out effect does not replicate,7,0.49666666666666665,0.5188888888888888,0.00740315808734443
-0.03214807936720533,rejected,fdr_null,0.037075638055628246,IF x27 = 1 THEN y = 1 increases,NoEffect,0.601593625498008,0.8093340922026181,not significant after FDR correction; held-out effect does not replicate,7,0.5077777777777778,0.5155555555555555,-0.005813033850047444
0.029841766259840714,rejected,fdr_null,0.029176303148905902,IF x22 = 1 THEN y = 1 increases,NoEffect,0.5577689243027888,0.8093340922026181,not significant after FDR correction; held-out effect does not replicate,7,0.4866666666666667,0.4922222222222222,-0.0004297336145536179
-0.012187261060613918,rejected,fdr_null,-0.021155973451327414,IF x23 = 1 THEN y = 1 increases,NoEffect,0.6294820717131474,0.8093340922026181,not significant after FDR correction; held-out effect does not replicate,7,0.5022222222222222,0.4822222222222222,-0.013379877771404869
-0.0008135143848030898,rejected,fdr_null,-0.007142857142857173,IF x12 = 1 THEN y = 1 increases,NoEffect,0.5537848605577689,0.8093340922026181,not significant after FDR correction; held-out effect does not replicate,7,0.4666666666666667,0.5022222222222222,-0.0008296460176991372
-0.016355097893308194,rejected,fdr_null,-0.003557312252964462,IF x8 = 1 THEN y = 1 increases,NoEffect,0.6095617529880478,0.8093340922026181,not significant after FDR correction; held-out effect does not replicate,7,0.5111111111111111,0.47,-0.005486417770640961
-0.024056256543355168,rejected,fdr_null,-0.015755819416352235,IF x19 = 1 THEN y = 1 increases,NoEffect,0.7330677290836654,0.8605577689243028,not significant after FDR correction; held-out effect does not replicate,7,0.4811111111111111,0.5055555555555555,-0.018743054698110884
-0.021346276864504757,rejected,fdr_null,0.008997372054696917,IF x13 = 1 THEN y = 1 increases,NoEffect,0.7171314741035857,0.8605577689243028,not significant after FDR correction; held-out effect does not replicate,7,0.5233333333333333,0.4911111111111111,-0.016686755320199975
-0.04189084222668744,rejected,fdr_null,0.007200035555731177,IF x17 = 1 THEN y = 1 increases,NoEffect,0.8286852589641435,0.9322709163346614,not significant after FDR correction; held-out effect does not replicate,7,0.5011111111111111,0.48444444444444446,-0.029776969313508428
-0.04418159551185173,rejected,fdr_null,0.04030030000345969,IF x15 = 1 THEN y = 1 increases,NoEffect,0.9760956175298805,0.9760956175298806,not significant after FDR correction; held-out effect does not replicate,7,0.5144444444444445,0.5,-0.05111111111111111
-0.05341984333561405,rejected,fdr_null,0.013906222142984481,IF x11 = 1 THEN y = 1 increases,NoEffect,0.9601593625498008,0.9760956175298806,not significant after FDR correction; held-out effect does not replicate,7,0.47333333333333333,0.49777777777777776,-0.06139380530973454
-0.04765715282593799,rejected,fdr_null,-0.0023112937318504057,IF x9 = 1 THEN y = 1 increases,NoEffect,0.9641434262948207,0.9760956175298806,not significant after FDR correction; held-out effect does not replicate,7,0.5044444444444445,0.4888888888888889,-0.0492094861660079
0.20709634099685095,accepted,valid,0.20205999080714276,IF x0 = 1 THEN y = 1 increases,FullVerifier,0.00398406374501992,0.02151394422310757,passes all verification gates,8,0.4855555555555556,0.5288888888888889,0.2257808783890915
0.44959107537294063,rejected,holdout,-0.5896874497830629,IF x5 = 1 THEN y = 1 increases,FullVerifier,0.00398406374501992,0.02151394422310757,held-out effect does not replicate,8,0.5644444444444444,0.4311111111111111,0.5284713273195877
0.5386454284203082,rejected,support,0.357113273969766,IF x2 = 1 THEN y = 1 increases,FullVerifier,0.00398406374501992,0.02151394422310757,insufficient support,8,0.024444444444444446,0.023333333333333334,0.528360149520559
0.0,rejected,counterfactual,0.23057397814310193,IF x4 = 1 THEN y = 1 increases,FullVerifier,0.00398406374501992,0.02151394422310757,matched counterfactual contrast is weak,8,0.4988888888888889,0.4811111111111111,0.3395908234467957
0.04185434128351644,rejected,redundant,0.1764723361264634,IF x6 = 1 THEN y = 1 increases,FullVerifier,0.00398406374501992,0.02151394422310757,matched counterfactual contrast is weak,8,0.47333333333333333,0.5288888888888889,0.19902489297605835
0.0432823701994715,rejected,fdr_null,-0.018452380952380942,IF x24 = 1 THEN y = 1 increases,FullVerifier,0.035856573705179286,0.15367103016505407,not significant after FDR correction; matched counterfactual contrast is weak; held-out effect does not replicate,8,0.4666666666666667,0.5077777777777778,0.06273616825799821
0.049587726110607286,rejected,fdr_null,-0.006874229804166132,IF x17 = 1 THEN y = 1 increases,FullVerifier,0.0398406374501992,0.15367103016505407,not significant after FDR correction; held-out effect does not replicate,8,0.4766666666666667,0.44666666666666666,0.06686447281663971
0.03422831767848154,rejected,fdr_null,0.012659853495413709,IF x12 = 1 THEN y = 1 increases,FullVerifier,0.12350597609561753,0.4168326693227092,weak validation effect; not significant after FDR correction; matched counterfactual contrast is weak; held-out effect does not replicate,8,0.5077777777777778,0.4911111111111111,0.03658440198383689
-0.0020602390608526256,rejected,fdr_null,0.01833270538777293,IF x22 = 1 THEN y = 1 increases,FullVerifier,0.24302788844621515,0.6561752988047809,weak validation effect; not significant after FDR correction; matched counterfactual contrast is weak; held-out effect does not replicate,8,0.4688888888888889,0.5133333333333333,0.024046729526181587
0.01043407908308637,rejected,fdr_null,-0.002501928363758621,IF x18 = 1 THEN y = 1 increases,FullVerifier,0.24302788844621515,0.6561752988047809,weak validation effect; not significant after FDR correction; matched counterfactual contrast is weak; held-out effect does not replicate,8,0.5177777777777778,0.5044444444444445,0.022826494932932984
0.012985785639012266,rejected,fdr_null,-0.01325077399380803,IF x26 = 1 THEN y = 1 increases,FullVerifier,0.29880478087649404,0.6902390438247012,weak validation effect; not significant after FDR correction; matched counterfactual contrast is weak; held-out effect does not replicate,8,0.5277777777777778,0.47555555555555556,0.017840171075558353
0.022890061469469702,rejected,fdr_null,-0.001340661623932038,IF x20 = 1 THEN y = 1 increases,FullVerifier,0.30677290836653387,0.6902390438247012,weak validation effect; not significant after FDR correction; matched counterfactual contrast is weak; held-out effect does not replicate,8,0.47888888888888886,0.5,0.019999999999999962
-0.0028791032142499026,rejected,fdr_null,-0.025205184332366515,IF x8 = 1 THEN y = 1 increases,FullVerifier,0.3386454183266932,0.6956175298804781,weak validation effect; not significant after FDR correction; matched counterfactual contrast is weak; held-out effect does not replicate,8,0.5122222222222222,0.4955555555555556,0.012731870172458082
0.013375071030463662,rejected,fdr_null,-0.022904307709025906,IF x9 = 1 THEN y = 1 increases,FullVerifier,0.3665338645418327,0.6956175298804781,weak validation effect; not significant after FDR correction; matched counterfactual contrast is weak; held-out effect does not replicate,8,0.5077777777777778,0.48777777777777775,0.014462963054467093
-0.003279584076311814,rejected,fdr_null,0.004846382997643506,IF x14 = 1 THEN y = 1 increases,FullVerifier,0.38645418326693226,0.6956175298804781,weak validation effect; not significant after FDR correction; matched counterfactual contrast is weak; held-out effect does not replicate,8,0.51,0.48777777777777775,0.010015861329485731
-0.014898060883095867,rejected,fdr_null,-0.0005952380952380931,IF x23 = 1 THEN y = 1 increases,FullVerifier,0.46613545816733065,0.7866035856573704,weak validation effect; not significant after FDR correction; matched counterfactual contrast is weak; held-out effect does not replicate,8,0.4666666666666667,0.5222222222222223,0.007471548738248401
0.005221789446371913,rejected,statistical,0.07586530864988361,IF x3 = 1 THEN y = 1 increases,FullVerifier,0.5219123505976095,0.7888446215139442,insufficient support; weak validation effect; not significant after FDR correction; matched counterfactual contrast is weak; held-out effect does not replicate,8,0.22333333333333333,0.04555555555555556,0.00036911894148045077
-0.0043465968476368065,rejected,fdr_null,0.009427207047936037,IF x10 = 1 THEN y = 1 increases,FullVerifier,0.5258964143426295,0.7888446215139442,weak validation effect; not significant after FDR correction; matched counterfactual contrast is weak; held-out effect does not replicate,8,0.5011111111111111,0.49333333333333335,0.002430061640587955
-0.008362377538964363,rejected,fdr_null,-0.08262204012237373,IF x16 = 1 THEN y = 1 increases,FullVerifier,0.8406374501992032,0.9433037082439473,weak validation effect; not significant after FDR correction; matched counterfactual contrast is weak; held-out effect does not replicate,8,0.4855555555555556,0.5488888888888889,-0.033694980155960175
0.0005372996775477838,rejected,fdr_null,-0.028160036367409658,IF x7 = 1 THEN y = 1 increases,FullVerifier,0.749003984063745,0.9433037082439473,weak validation effect; not significant after FDR correction; matched counterfactual contrast is weak; held-out effect does not replicate,8,0.48777777777777775,0.48777777777777775,-0.021113850745383633
-0.025377196128252722,rejected,fdr_null,-0.020833333333333315,IF x11 = 1 THEN y = 1 increases,FullVerifier,0.7131474103585658,0.9433037082439473,weak validation effect; not significant after FDR correction; matched counterfactual contrast is weak; held-out effect does not replicate,8,0.48,0.5077777777777778,-0.01728319445199089
-0.05156250179568617,rejected,fdr_null,0.020347845856542035,IF x21 = 1 THEN y = 1 increases,FullVerifier,0.8685258964143426,0.9433037082439473,weak validation effect; not significant after FDR correction; matched counterfactual contrast is weak; held-out effect does not replicate,8,0.5144444444444445,0.5022222222222222,-0.03192161820480405
-0.014897515678437927,rejected,fdr_null,-0.014585842365850421,IF x25 = 1 THEN y = 1 increases,FullVerifier,0.8247011952191236,0.9433037082439473,weak validation effect; not significant after FDR correction; matched counterfactual contrast is weak; held-out effect does not replicate,8,0.47,0.52,-0.020655270655270674
-0.003694239503555801,rejected,fdr_null,0.004240052185257637,IF x19 = 1 THEN y = 1 increases,FullVerifier,0.6772908366533864,0.9433037082439473,weak validation effect; not significant after FDR correction; matched counterfactual contrast is weak; held-out effect does not replicate,8,0.5133333333333333,0.53,-0.012087961104420342
-0.03379843077588146,rejected,fdr_null,-0.002361240095635153,IF x15 = 1 THEN y = 1 increases,FullVerifier,0.8764940239043825,0.9433037082439473,weak validation effect; not significant after FDR correction; matched counterfactual contrast is weak; held-out effect does not replicate,8,0.5088888888888888,0.5155555555555555,-0.027918380259411568
-0.03453371770640066,rejected,fdr_null,0.00020755500207553235,IF x13 = 1 THEN y = 1 increases,FullVerifier,0.9083665338645418,0.9433037082439473,weak validation effect; not significant after FDR correction; matched counterfactual contrast is weak; held-out effect does not replicate,8,0.4866666666666667,0.4955555555555556,-0.04060567748562849
-0.03785877412834927,rejected,fdr_null,-0.002152825770269151,IF x27 = 1 THEN y = 1 increases,FullVerifier,0.9482071713147411,0.9482071713147411,weak validation effect; not significant after FDR correction; matched counterfactual contrast is weak; held-out effect does not replicate,8,0.4588888888888889,0.5033333333333333,-0.042327807161799735
0.5386454284203082,accepted,support,0.357113273969766,IF x2 = 1 THEN y = 1 increases,NoSupport,0.00398406374501992,0.02151394422310757,passes all verification gates,8,0.024444444444444446,0.023333333333333334,0.528360149520559
0.20709634099685095,accepted,valid,0.20205999080714276,IF x0 = 1 THEN y = 1 increases,NoSupport,0.00398406374501992,0.02151394422310757,passes all verification gates,8,0.4855555555555556,0.5288888888888889,0.2257808783890915
0.44959107537294063,rejected,holdout,-0.5896874497830629,IF x5 = 1 THEN y = 1 increases,NoSupport,0.00398406374501992,0.02151394422310757,held-out effect does not replicate,8,0.5644444444444444,0.4311111111111111,0.5284713273195877
0.0,rejected,counterfactual,0.23057397814310193,IF x4 = 1 THEN y = 1 increases,NoSupport,0.00398406374501992,0.02151394422310757,matched counterfactual contrast is weak,8,0.4988888888888889,0.4811111111111111,0.3395908234467957
0.04185434128351644,rejected,redundant,0.1764723361264634,IF x6 = 1 THEN y = 1 increases,NoSupport,0.00398406374501992,0.02151394422310757,matched counterfactual contrast is weak,8,0.47333333333333333,0.5288888888888889,0.19902489297605835
0.0432823701994715,rejected,fdr_null,-0.018452380952380942,IF x24 = 1 THEN y = 1 increases,NoSupport,0.035856573705179286,0.15367103016505407,not significant after FDR correction; matched counterfactual contrast is weak; held-out effect does not replicate,8,0.4666666666666667,0.5077777777777778,0.06273616825799821
0.049587726110607286,rejected,fdr_null,-0.006874229804166132,IF x17 = 1 THEN y = 1 increases,NoSupport,0.0398406374501992,0.15367103016505407,not significant after FDR correction; held-out effect does not replicate,8,0.4766666666666667,0.44666666666666666,0.06686447281663971
0.03422831767848154,rejected,fdr_null,0.012659853495413709,IF x12 = 1 THEN y = 1 increases,NoSupport,0.12350597609561753,0.4168326693227092,weak validation effect; not significant after FDR correction; matched counterfactual contrast is weak; held-out effect does not replicate,8,0.5077777777777778,0.4911111111111111,0.03658440198383689
-0.0020602390608526256,rejected,fdr_null,0.01833270538777293,IF x22 = 1 THEN y = 1 increases,NoSupport,0.24302788844621515,0.6561752988047809,weak validation effect; not significant after FDR correction; matched counterfactual contrast is weak; held-out effect does not replicate,8,0.4688888888888889,0.5133333333333333,0.024046729526181587
0.01043407908308637,rejected,fdr_null,-0.002501928363758621,IF x18 = 1 THEN y = 1 increases,NoSupport,0.24302788844621515,0.6561752988047809,weak validation effect; not significant after FDR correction; matched counterfactual contrast is weak; held-out effect does not replicate,8,0.5177777777777778,0.5044444444444445,0.022826494932932984
0.012985785639012266,rejected,fdr_null,-0.01325077399380803,IF x26 = 1 THEN y = 1 increases,NoSupport,0.29880478087649404,0.6902390438247012,weak validation effect; not significant after FDR correction; matched counterfactual contrast is weak; held-out effect does not replicate,8,0.5277777777777778,0.47555555555555556,0.017840171075558353
0.022890061469469702,rejected,fdr_null,-0.001340661623932038,IF x20 = 1 THEN y = 1 increases,NoSupport,0.30677290836653387,0.6902390438247012,weak validation effect; not significant after FDR correction; matched counterfactual contrast is weak; held-out effect does not replicate,8,0.47888888888888886,0.5,0.019999999999999962
-0.0028791032142499026,rejected,fdr_null,-0.025205184332366515,IF x8 = 1 THEN y = 1 increases,NoSupport,0.3386454183266932,0.6956175298804781,weak validation effect; not significant after FDR correction; matched counterfactual contrast is weak; held-out effect does not replicate,8,0.5122222222222222,0.4955555555555556,0.012731870172458082
0.013375071030463662,rejected,fdr_null,-0.022904307709025906,IF x9 = 1 THEN y = 1 increases,NoSupport,0.3665338645418327,0.6956175298804781,weak validation effect; not significant after FDR correction; matched counterfactual contrast is weak; held-out effect does not replicate,8,0.5077777777777778,0.48777777777777775,0.014462963054467093
-0.003279584076311814,rejected,fdr_null,0.004846382997643506,IF x14 = 1 THEN y = 1 increases,NoSupport,0.38645418326693226,0.6956175298804781,weak validation effect; not significant after FDR correction; matched counterfactual contrast is weak; held-out effect does not replicate,8,0.51,0.48777777777777775,0.010015861329485731
-0.014898060883095867,rejected,fdr_null,-0.0005952380952380931,IF x23 = 1 THEN y = 1 increases,NoSupport,0.46613545816733065,0.7866035856573704,weak validation effect; not significant after FDR correction; matched counterfactual contrast is weak; held-out effect does not replicate,8,0.4666666666666667,0.5222222222222223,0.007471548738248401
0.005221789446371913,rejected,statistical,0.07586530864988361,IF x3 = 1 THEN y = 1 increases,NoSupport,0.5219123505976095,0.7888446215139442,weak validation effect; not significant after FDR correction; matched counterfactual contrast is weak; held-out effect does not replicate,8,0.22333333333333333,0.04555555555555556,0.00036911894148045077
-0.0043465968476368065,rejected,fdr_null,0.009427207047936037,IF x10 = 1 THEN y = 1 increases,NoSupport,0.5258964143426295,0.7888446215139442,weak validation effect; not significant after FDR correction; matched counterfactual contrast is weak; held-out effect does not replicate,8,0.5011111111111111,0.49333333333333335,0.002430061640587955
-0.008362377538964363,rejected,fdr_null,-0.08262204012237373,IF x16 = 1 THEN y = 1 increases,NoSupport,0.8406374501992032,0.9433037082439473,weak validation effect; not significant after FDR correction; matched counterfactual contrast is weak; held-out effect does not replicate,8,0.4855555555555556,0.5488888888888889,-0.033694980155960175
0.0005372996775477838,rejected,fdr_null,-0.028160036367409658,IF x7 = 1 THEN y = 1 increases,NoSupport,0.749003984063745,0.9433037082439473,weak validation effect; not significant after FDR correction; matched counterfactual contrast is weak; held-out effect does not replicate,8,0.48777777777777775,0.48777777777777775,-0.021113850745383633
-0.025377196128252722,rejected,fdr_null,-0.020833333333333315,IF x11 = 1 THEN y = 1 increases,NoSupport,0.7131474103585658,0.9433037082439473,weak validation effect; not significant after FDR correction; matched counterfactual contrast is weak; held-out effect does not replicate,8,0.48,0.5077777777777778,-0.01728319445199089
-0.05156250179568617,rejected,fdr_null,0.020347845856542035,IF x21 = 1 THEN y = 1 increases,NoSupport,0.8685258964143426,0.9433037082439473,weak validation effect; not significant after FDR correction; matched counterfactual contrast is weak; held-out effect does not replicate,8,0.5144444444444445,0.5022222222222222,-0.03192161820480405
-0.014897515678437927,rejected,fdr_null,-0.014585842365850421,IF x25 = 1 THEN y = 1 increases,NoSupport,0.8247011952191236,0.9433037082439473,weak validation effect; not significant after FDR correction; matched counterfactual contrast is weak; held-out effect does not replicate,8,0.47,0.52,-0.020655270655270674
-0.003694239503555801,rejected,fdr_null,0.004240052185257637,IF x19 = 1 THEN y = 1 increases,NoSupport,0.6772908366533864,0.9433037082439473,weak validation effect; not significant after FDR correction; matched counterfactual contrast is weak; held-out effect does not replicate,8,0.5133333333333333,0.53,-0.012087961104420342
-0.03379843077588146,rejected,fdr_null,-0.002361240095635153,IF x15 = 1 THEN y = 1 increases,NoSupport,0.8764940239043825,0.9433037082439473,weak validation effect; not significant after FDR correction; matched counterfactual contrast is weak; held-out effect does not replicate,8,0.5088888888888888,0.5155555555555555,-0.027918380259411568
-0.03453371770640066,rejected,fdr_null,0.00020755500207553235,IF x13 = 1 THEN y = 1 increases,NoSupport,0.9083665338645418,0.9433037082439473,weak validation effect; not significant after FDR correction; matched counterfactual contrast is weak; held-out effect does not replicate,8,0.4866666666666667,0.4955555555555556,-0.04060567748562849
-0.03785877412834927,rejected,fdr_null,-0.002152825770269151,IF x27 = 1 THEN y = 1 increases,NoSupport,0.9482071713147411,0.9482071713147411,weak validation effect; not significant after FDR correction; matched counterfactual contrast is weak; held-out effect does not replicate,8,0.4588888888888889,0.5033333333333333,-0.042327807161799735
0.20709634099685095,accepted,valid,0.20205999080714276,IF x0 = 1 THEN y = 1 increases,NoStatTest,0.00398406374501992,0.02151394422310757,passes all verification gates,8,0.4855555555555556,0.5288888888888889,0.2257808783890915
0.44959107537294063,rejected,holdout,-0.5896874497830629,IF x5 = 1 THEN y = 1 increases,NoStatTest,0.00398406374501992,0.02151394422310757,held-out effect does not replicate,8,0.5644444444444444,0.4311111111111111,0.5284713273195877
0.5386454284203082,rejected,support,0.357113273969766,IF x2 = 1 THEN y = 1 increases,NoStatTest,0.00398406374501992,0.02151394422310757,insufficient support,8,0.024444444444444446,0.023333333333333334,0.528360149520559
0.0,rejected,counterfactual,0.23057397814310193,IF x4 = 1 THEN y = 1 increases,NoStatTest,0.00398406374501992,0.02151394422310757,matched counterfactual contrast is weak,8,0.4988888888888889,0.4811111111111111,0.3395908234467957
0.04185434128351644,rejected,redundant,0.1764723361264634,IF x6 = 1 THEN y = 1 increases,NoStatTest,0.00398406374501992,0.02151394422310757,matched counterfactual contrast is weak,8,0.47333333333333333,0.5288888888888889,0.19902489297605835
0.0432823701994715,rejected,fdr_null,-0.018452380952380942,IF x24 = 1 THEN y = 1 increases,NoStatTest,0.035856573705179286,0.15367103016505407,matched counterfactual contrast is weak; held-out effect does not replicate,8,0.4666666666666667,0.5077777777777778,0.06273616825799821
0.049587726110607286,rejected,fdr_null,-0.006874229804166132,IF x17 = 1 THEN y = 1 increases,NoStatTest,0.0398406374501992,0.15367103016505407,held-out effect does not replicate,8,0.4766666666666667,0.44666666666666666,0.06686447281663971
0.03422831767848154,rejected,fdr_null,0.012659853495413709,IF x12 = 1 THEN y = 1 increases,NoStatTest,0.12350597609561753,0.4168326693227092,weak validation effect; matched counterfactual contrast is weak; held-out effect does not replicate,8,0.5077777777777778,0.4911111111111111,0.03658440198383689
-0.0020602390608526256,rejected,fdr_null,0.01833270538777293,IF x22 = 1 THEN y = 1 increases,NoStatTest,0.24302788844621515,0.6561752988047809,weak validation effect; matched counterfactual contrast is weak; held-out effect does not replicate,8,0.4688888888888889,0.5133333333333333,0.024046729526181587
0.01043407908308637,rejected,fdr_null,-0.002501928363758621,IF x18 = 1 THEN y = 1 increases,NoStatTest,0.24302788844621515,0.6561752988047809,weak validation effect; matched counterfactual contrast is weak; held-out effect does not replicate,8,0.5177777777777778,0.5044444444444445,0.022826494932932984
0.012985785639012266,rejected,fdr_null,-0.01325077399380803,IF x26 = 1 THEN y = 1 increases,NoStatTest,0.29880478087649404,0.6902390438247012,weak validation effect; matched counterfactual contrast is weak; held-out effect does not replicate,8,0.5277777777777778,0.47555555555555556,0.017840171075558353
0.022890061469469702,rejected,fdr_null,-0.001340661623932038,IF x20 = 1 THEN y = 1 increases,NoStatTest,0.30677290836653387,0.6902390438247012,weak validation effect; matched counterfactual contrast is weak; held-out effect does not replicate,8,0.47888888888888886,0.5,0.019999999999999962
-0.0028791032142499026,rejected,fdr_null,-0.025205184332366515,IF x8 = 1 THEN y = 1 increases,NoStatTest,0.3386454183266932,0.6956175298804781,weak validation effect; matched counterfactual contrast is weak; held-out effect does not replicate,8,0.5122222222222222,0.4955555555555556,0.012731870172458082
0.013375071030463662,rejected,fdr_null,-0.022904307709025906,IF x9 = 1 THEN y = 1 increases,NoStatTest,0.3665338645418327,0.6956175298804781,weak validation effect; matched counterfactual contrast is weak; held-out effect does not replicate,8,0.5077777777777778,0.48777777777777775,0.014462963054467093
-0.003279584076311814,rejected,fdr_null,0.004846382997643506,IF x14 = 1 THEN y = 1 increases,NoStatTest,0.38645418326693226,0.6956175298804781,weak validation effect; matched counterfactual contrast is weak; held-out effect does not replicate,8,0.51,0.48777777777777775,0.010015861329485731
-0.014898060883095867,rejected,fdr_null,-0.0005952380952380931,IF x23 = 1 THEN y = 1 increases,NoStatTest,0.46613545816733065,0.7866035856573704,weak validation effect; matched counterfactual contrast is weak; held-out effect does not replicate,8,0.4666666666666667,0.5222222222222223,0.007471548738248401
0.005221789446371913,rejected,statistical,0.07586530864988361,IF x3 = 1 THEN y = 1 increases,NoStatTest,0.5219123505976095,0.7888446215139442,insufficient support; weak validation effect; matched counterfactual contrast is weak; held-out effect does not replicate,8,0.22333333333333333,0.04555555555555556,0.00036911894148045077
-0.0043465968476368065,rejected,fdr_null,0.009427207047936037,IF x10 = 1 THEN y = 1 increases,NoStatTest,0.5258964143426295,0.7888446215139442,weak validation effect; matched counterfactual contrast is weak; held-out effect does not replicate,8,0.5011111111111111,0.49333333333333335,0.002430061640587955
-0.008362377538964363,rejected,fdr_null,-0.08262204012237373,IF x16 = 1 THEN y = 1 increases,NoStatTest,0.8406374501992032,0.9433037082439473,weak validation effect; matched counterfactual contrast is weak; held-out effect does not replicate,8,0.4855555555555556,0.5488888888888889,-0.033694980155960175
0.0005372996775477838,rejected,fdr_null,-0.028160036367409658,IF x7 = 1 THEN y = 1 increases,NoStatTest,0.749003984063745,0.9433037082439473,weak validation effect; matched counterfactual contrast is weak; held-out effect does not replicate,8,0.48777777777777775,0.48777777777777775,-0.021113850745383633
-0.025377196128252722,rejected,fdr_null,-0.020833333333333315,IF x11 = 1 THEN y = 1 increases,NoStatTest,0.7131474103585658,0.9433037082439473,weak validation effect; matched counterfactual contrast is weak; held-out effect does not replicate,8,0.48,0.5077777777777778,-0.01728319445199089
-0.05156250179568617,rejected,fdr_null,0.020347845856542035,IF x21 = 1 THEN y = 1 increases,NoStatTest,0.8685258964143426,0.9433037082439473,weak validation effect; matched counterfactual contrast is weak; held-out effect does not replicate,8,0.5144444444444445,0.5022222222222222,-0.03192161820480405
-0.014897515678437927,rejected,fdr_null,-0.014585842365850421,IF x25 = 1 THEN y = 1 increases,NoStatTest,0.8247011952191236,0.9433037082439473,weak validation effect; matched counterfactual contrast is weak; held-out effect does not replicate,8,0.47,0.52,-0.020655270655270674
-0.003694239503555801,rejected,fdr_null,0.004240052185257637,IF x19 = 1 THEN y = 1 increases,NoStatTest,0.6772908366533864,0.9433037082439473,weak validation effect; matched counterfactual contrast is weak; held-out effect does not replicate,8,0.5133333333333333,0.53,-0.012087961104420342
-0.03379843077588146,rejected,fdr_null,-0.002361240095635153,IF x15 = 1 THEN y = 1 increases,NoStatTest,0.8764940239043825,0.9433037082439473,weak validation effect; matched counterfactual contrast is weak; held-out effect does not replicate,8,0.5088888888888888,0.5155555555555555,-0.027918380259411568
-0.03453371770640066,rejected,fdr_null,0.00020755500207553235,IF x13 = 1 THEN y = 1 increases,NoStatTest,0.9083665338645418,0.9433037082439473,weak validation effect; matched counterfactual contrast is weak; held-out effect does not replicate,8,0.4866666666666667,0.4955555555555556,-0.04060567748562849
-0.03785877412834927,rejected,fdr_null,-0.002152825770269151,IF x27 = 1 THEN y = 1 increases,NoStatTest,0.9482071713147411,0.9482071713147411,weak validation effect; matched counterfactual contrast is weak; held-out effect does not replicate,8,0.4588888888888889,0.5033333333333333,-0.042327807161799735
0.20709634099685095,accepted,valid,0.20205999080714276,IF x0 = 1 THEN y = 1 increases,NoFDR,0.00398406374501992,0.00398406374501992,passes all verification gates,8,0.4855555555555556,0.5288888888888889,0.2257808783890915
0.44959107537294063,rejected,holdout,-0.5896874497830629,IF x5 = 1 THEN y = 1 increases,NoFDR,0.00398406374501992,0.00398406374501992,held-out effect does not replicate,8,0.5644444444444444,0.4311111111111111,0.5284713273195877
0.5386454284203082,rejected,support,0.357113273969766,IF x2 = 1 THEN y = 1 increases,NoFDR,0.00398406374501992,0.00398406374501992,insufficient support,8,0.024444444444444446,0.023333333333333334,0.528360149520559
0.0,rejected,counterfactual,0.23057397814310193,IF x4 = 1 THEN y = 1 increases,NoFDR,0.00398406374501992,0.00398406374501992,matched counterfactual contrast is weak,8,0.4988888888888889,0.4811111111111111,0.3395908234467957
0.04185434128351644,rejected,redundant,0.1764723361264634,IF x6 = 1 THEN y = 1 increases,NoFDR,0.00398406374501992,0.00398406374501992,matched counterfactual contrast is weak,8,0.47333333333333333,0.5288888888888889,0.19902489297605835
0.0432823701994715,rejected,fdr_null,-0.018452380952380942,IF x24 = 1 THEN y = 1 increases,NoFDR,0.035856573705179286,0.035856573705179286,matched counterfactual contrast is weak; held-out effect does not replicate,8,0.4666666666666667,0.5077777777777778,0.06273616825799821
0.049587726110607286,rejected,fdr_null,-0.006874229804166132,IF x17 = 1 THEN y = 1 increases,NoFDR,0.0398406374501992,0.0398406374501992,held-out effect does not replicate,8,0.4766666666666667,0.44666666666666666,0.06686447281663971
0.03422831767848154,rejected,fdr_null,0.012659853495413709,IF x12 = 1 THEN y = 1 increases,NoFDR,0.12350597609561753,0.12350597609561753,weak validation effect; not significant after raw p-value test; matched counterfactual contrast is weak; held-out effect does not replicate,8,0.5077777777777778,0.4911111111111111,0.03658440198383689
-0.0020602390608526256,rejected,fdr_null,0.01833270538777293,IF x22 = 1 THEN y = 1 increases,NoFDR,0.24302788844621515,0.24302788844621515,weak validation effect; not significant after raw p-value test; matched counterfactual contrast is weak; held-out effect does not replicate,8,0.4688888888888889,0.5133333333333333,0.024046729526181587
0.01043407908308637,rejected,fdr_null,-0.002501928363758621,IF x18 = 1 THEN y = 1 increases,NoFDR,0.24302788844621515,0.24302788844621515,weak validation effect; not significant after raw p-value test; matched counterfactual contrast is weak; held-out effect does not replicate,8,0.5177777777777778,0.5044444444444445,0.022826494932932984
0.012985785639012266,rejected,fdr_null,-0.01325077399380803,IF x26 = 1 THEN y = 1 increases,NoFDR,0.29880478087649404,0.29880478087649404,weak validation effect; not significant after raw p-value test; matched counterfactual contrast is weak; held-out effect does not replicate,8,0.5277777777777778,0.47555555555555556,0.017840171075558353
0.022890061469469702,rejected,fdr_null,-0.001340661623932038,IF x20 = 1 THEN y = 1 increases,NoFDR,0.30677290836653387,0.30677290836653387,weak validation effect; not significant after raw p-value test; matched counterfactual contrast is weak; held-out effect does not replicate,8,0.47888888888888886,0.5,0.019999999999999962
-0.0028791032142499026,rejected,fdr_null,-0.025205184332366515,IF x8 = 1 THEN y = 1 increases,NoFDR,0.3386454183266932,0.3386454183266932,weak validation effect; not significant after raw p-value test; matched counterfactual contrast is weak; held-out effect does not replicate,8,0.5122222222222222,0.4955555555555556,0.012731870172458082
0.013375071030463662,rejected,fdr_null,-0.022904307709025906,IF x9 = 1 THEN y = 1 increases,NoFDR,0.3665338645418327,0.3665338645418327,weak validation effect; not significant after raw p-value test; matched counterfactual contrast is weak; held-out effect does not replicate,8,0.5077777777777778,0.48777777777777775,0.014462963054467093
-0.003279584076311814,rejected,fdr_null,0.004846382997643506,IF x14 = 1 THEN y = 1 increases,NoFDR,0.38645418326693226,0.38645418326693226,weak validation effect; not significant after raw p-value test; matched counterfactual contrast is weak; held-out effect does not replicate,8,0.51,0.48777777777777775,0.010015861329485731
-0.014898060883095867,rejected,fdr_null,-0.0005952380952380931,IF x23 = 1 THEN y = 1 increases,NoFDR,0.46613545816733065,0.46613545816733065,weak validation effect; not significant after raw p-value test; matched counterfactual contrast is weak; held-out effect does not replicate,8,0.4666666666666667,0.5222222222222223,0.007471548738248401
0.005221789446371913,rejected,statistical,0.07586530864988361,IF x3 = 1 THEN y = 1 increases,NoFDR,0.5219123505976095,0.5219123505976095,insufficient support; weak validation effect; not significant after raw p-value test; matched counterfactual contrast is weak; held-out effect does not replicate,8,0.22333333333333333,0.04555555555555556,0.00036911894148045077
-0.0043465968476368065,rejected,fdr_null,0.009427207047936037,IF x10 = 1 THEN y = 1 increases,NoFDR,0.5258964143426295,0.5258964143426295,weak validation effect; not significant after raw p-value test; matched counterfactual contrast is weak; held-out effect does not replicate,8,0.5011111111111111,0.49333333333333335,0.002430061640587955
-0.003694239503555801,rejected,fdr_null,0.004240052185257637,IF x19 = 1 THEN y = 1 increases,NoFDR,0.6772908366533864,0.6772908366533864,weak validation effect; not significant after raw p-value test; matched counterfactual contrast is weak; held-out effect does not replicate,8,0.5133333333333333,0.53,-0.012087961104420342
-0.025377196128252722,rejected,fdr_null,-0.020833333333333315,IF x11 = 1 THEN y = 1 increases,NoFDR,0.7131474103585658,0.7131474103585658,weak validation effect; not significant after raw p-value test; matched counterfactual contrast is weak; held-out effect does not replicate,8,0.48,0.5077777777777778,-0.01728319445199089
0.0005372996775477838,rejected,fdr_null,-0.028160036367409658,IF x7 = 1 THEN y = 1 increases,NoFDR,0.749003984063745,0.749003984063745,weak validation effect; not significant after raw p-value test; matched counterfactual contrast is weak; held-out effect does not replicate,8,0.48777777777777775,0.48777777777777775,-0.021113850745383633
-0.014897515678437927,rejected,fdr_null,-0.014585842365850421,IF x25 = 1 THEN y = 1 increases,NoFDR,0.8247011952191236,0.8247011952191236,weak validation effect; not significant after raw p-value test; matched counterfactual contrast is weak; held-out effect does not replicate,8,0.47,0.52,-0.020655270655270674
-0.008362377538964363,rejected,fdr_null,-0.08262204012237373,IF x16 = 1 THEN y = 1 increases,NoFDR,0.8406374501992032,0.8406374501992032,weak validation effect; not significant after raw p-value test; matched counterfactual contrast is weak; held-out effect does not replicate,8,0.4855555555555556,0.5488888888888889,-0.033694980155960175
-0.05156250179568617,rejected,fdr_null,0.020347845856542035,IF x21 = 1 THEN y = 1 increases,NoFDR,0.8685258964143426,0.8685258964143426,weak validation effect; not significant after raw p-value test; matched counterfactual contrast is weak; held-out effect does not replicate,8,0.5144444444444445,0.5022222222222222,-0.03192161820480405
-0.03379843077588146,rejected,fdr_null,-0.002361240095635153,IF x15 = 1 THEN y = 1 increases,NoFDR,0.8764940239043825,0.8764940239043825,weak validation effect; not significant after raw p-value test; matched counterfactual contrast is weak; held-out effect does not replicate,8,0.5088888888888888,0.5155555555555555,-0.027918380259411568
-0.03453371770640066,rejected,fdr_null,0.00020755500207553235,IF x13 = 1 THEN y = 1 increases,NoFDR,0.9083665338645418,0.9083665338645418,weak validation effect; not significant after raw p-value test; matched counterfactual contrast is weak; held-out effect does not replicate,8,0.4866666666666667,0.4955555555555556,-0.04060567748562849
-0.03785877412834927,rejected,fdr_null,-0.002152825770269151,IF x27 = 1 THEN y = 1 increases,NoFDR,0.9482071713147411,0.9482071713147411,weak validation effect; not significant after raw p-value test; matched counterfactual contrast is weak; held-out effect does not replicate,8,0.4588888888888889,0.5033333333333333,-0.042327807161799735
0.0,accepted,counterfactual,0.23057397814310193,IF x4 = 1 THEN y = 1 increases,NoCounterfactual,0.00398406374501992,0.02151394422310757,passes all verification gates,8,0.4988888888888889,0.4811111111111111,0.3395908234467957
0.20709634099685095,accepted,valid,0.20205999080714276,IF x0 = 1 THEN y = 1 increases,NoCounterfactual,0.00398406374501992,0.02151394422310757,passes all verification gates,8,0.4855555555555556,0.5288888888888889,0.2257808783890915
0.04185434128351644,accepted,redundant,0.1764723361264634,IF x6 = 1 THEN y = 1 increases,NoCounterfactual,0.00398406374501992,0.02151394422310757,passes all verification gates,8,0.47333333333333333,0.5288888888888889,0.19902489297605835
0.44959107537294063,rejected,holdout,-0.5896874497830629,IF x5 = 1 THEN y = 1 increases,NoCounterfactual,0.00398406374501992,0.02151394422310757,held-out effect does not replicate,8,0.5644444444444444,0.4311111111111111,0.5284713273195877
0.5386454284203082,rejected,support,0.357113273969766,IF x2 = 1 THEN y = 1 increases,NoCounterfactual,0.00398406374501992,0.02151394422310757,insufficient support,8,0.024444444444444446,0.023333333333333334,0.528360149520559
0.0432823701994715,rejected,fdr_null,-0.018452380952380942,IF x24 = 1 THEN y = 1 increases,NoCounterfactual,0.035856573705179286,0.15367103016505407,not significant after FDR correction; held-out effect does not replicate,8,0.4666666666666667,0.5077777777777778,0.06273616825799821
0.049587726110607286,rejected,fdr_null,-0.006874229804166132,IF x17 = 1 THEN y = 1 increases,NoCounterfactual,0.0398406374501992,0.15367103016505407,not significant after FDR correction; held-out effect does not replicate,8,0.4766666666666667,0.44666666666666666,0.06686447281663971
0.03422831767848154,rejected,fdr_null,0.012659853495413709,IF x12 = 1 THEN y = 1 increases,NoCounterfactual,0.12350597609561753,0.4168326693227092,weak validation effect; not significant after FDR correction; held-out effect does not replicate,8,0.5077777777777778,0.4911111111111111,0.03658440198383689
-0.0020602390608526256,rejected,fdr_null,0.01833270538777293,IF x22 = 1 THEN y = 1 increases,NoCounterfactual,0.24302788844621515,0.6561752988047809,weak validation effect; not significant after FDR correction; held-out effect does not replicate,8,0.4688888888888889,0.5133333333333333,0.024046729526181587
0.01043407908308637,rejected,fdr_null,-0.002501928363758621,IF x18 = 1 THEN y = 1 increases,NoCounterfactual,0.24302788844621515,0.6561752988047809,weak validation effect; not significant after FDR correction; held-out effect does not replicate,8,0.5177777777777778,0.5044444444444445,0.022826494932932984
0.012985785639012266,rejected,fdr_null,-0.01325077399380803,IF x26 = 1 THEN y = 1 increases,NoCounterfactual,0.29880478087649404,0.6902390438247012,weak validation effect; not significant after FDR correction; held-out effect does not replicate,8,0.5277777777777778,0.47555555555555556,0.017840171075558353
0.022890061469469702,rejected,fdr_null,-0.001340661623932038,IF x20 = 1 THEN y = 1 increases,NoCounterfactual,0.30677290836653387,0.6902390438247012,weak validation effect; not significant after FDR correction; held-out effect does not replicate,8,0.47888888888888886,0.5,0.019999999999999962
-0.0028791032142499026,rejected,fdr_null,-0.025205184332366515,IF x8 = 1 THEN y = 1 increases,NoCounterfactual,0.3386454183266932,0.6956175298804781,weak validation effect; not significant after FDR correction; held-out effect does not replicate,8,0.5122222222222222,0.4955555555555556,0.012731870172458082
0.013375071030463662,rejected,fdr_null,-0.022904307709025906,IF x9 = 1 THEN y = 1 increases,NoCounterfactual,0.3665338645418327,0.6956175298804781,weak validation effect; not significant after FDR correction; held-out effect does not replicate,8,0.5077777777777778,0.48777777777777775,0.014462963054467093
-0.003279584076311814,rejected,fdr_null,0.004846382997643506,IF x14 = 1 THEN y = 1 increases,NoCounterfactual,0.38645418326693226,0.6956175298804781,weak validation effect; not significant after FDR correction; held-out effect does not replicate,8,0.51,0.48777777777777775,0.010015861329485731
-0.014898060883095867,rejected,fdr_null,-0.0005952380952380931,IF x23 = 1 THEN y = 1 increases,NoCounterfactual,0.46613545816733065,0.7866035856573704,weak validation effect; not significant after FDR correction; held-out effect does not replicate,8,0.4666666666666667,0.5222222222222223,0.007471548738248401
0.005221789446371913,rejected,statistical,0.07586530864988361,IF x3 = 1 THEN y = 1 increases,NoCounterfactual,0.5219123505976095,0.7888446215139442,insufficient support; weak validation effect; not significant after FDR correction; held-out effect does not replicate,8,0.22333333333333333,0.04555555555555556,0.00036911894148045077
-0.0043465968476368065,rejected,fdr_null,0.009427207047936037,IF x10 = 1 THEN y = 1 increases,NoCounterfactual,0.5258964143426295,0.7888446215139442,weak validation effect; not significant after FDR correction; held-out effect does not replicate,8,0.5011111111111111,0.49333333333333335,0.002430061640587955
-0.008362377538964363,rejected,fdr_null,-0.08262204012237373,IF x16 = 1 THEN y = 1 increases,NoCounterfactual,0.8406374501992032,0.9433037082439473,weak validation effect; not significant after FDR correction; held-out effect does not replicate,8,0.4855555555555556,0.5488888888888889,-0.033694980155960175
0.0005372996775477838,rejected,fdr_null,-0.028160036367409658,IF x7 = 1 THEN y = 1 increases,NoCounterfactual,0.749003984063745,0.9433037082439473,weak validation effect; not significant after FDR correction; held-out effect does not replicate,8,0.48777777777777775,0.48777777777777775,-0.021113850745383633
-0.025377196128252722,rejected,fdr_null,-0.020833333333333315,IF x11 = 1 THEN y = 1 increases,NoCounterfactual,0.7131474103585658,0.9433037082439473,weak validation effect; not significant after FDR correction; held-out effect does not replicate,8,0.48,0.5077777777777778,-0.01728319445199089
-0.05156250179568617,rejected,fdr_null,0.020347845856542035,IF x21 = 1 THEN y = 1 increases,NoCounterfactual,0.8685258964143426,0.9433037082439473,weak validation effect; not significant after FDR correction; held-out effect does not replicate,8,0.5144444444444445,0.5022222222222222,-0.03192161820480405
-0.014897515678437927,rejected,fdr_null,-0.014585842365850421,IF x25 = 1 THEN y = 1 increases,NoCounterfactual,0.8247011952191236,0.9433037082439473,weak validation effect; not significant after FDR correction; held-out effect does not replicate,8,0.47,0.52,-0.020655270655270674
-0.003694239503555801,rejected,fdr_null,0.004240052185257637,IF x19 = 1 THEN y = 1 increases,NoCounterfactual,0.6772908366533864,0.9433037082439473,weak validation effect; not significant after FDR correction; held-out effect does not replicate,8,0.5133333333333333,0.53,-0.012087961104420342
-0.03379843077588146,rejected,fdr_null,-0.002361240095635153,IF x15 = 1 THEN y = 1 increases,NoCounterfactual,0.8764940239043825,0.9433037082439473,weak validation effect; not significant after FDR correction; held-out effect does not replicate,8,0.5088888888888888,0.5155555555555555,-0.027918380259411568
-0.03453371770640066,rejected,fdr_null,0.00020755500207553235,IF x13 = 1 THEN y = 1 increases,NoCounterfactual,0.9083665338645418,0.9433037082439473,weak validation effect; not significant after FDR correction; held-out effect does not replicate,8,0.4866666666666667,0.4955555555555556,-0.04060567748562849
-0.03785877412834927,rejected,fdr_null,-0.002152825770269151,IF x27 = 1 THEN y = 1 increases,NoCounterfactual,0.9482071713147411,0.9482071713147411,weak validation effect; not significant after FDR correction; held-out effect does not replicate,8,0.4588888888888889,0.5033333333333333,-0.042327807161799735
0.44959107537294063,accepted,holdout,-0.5896874497830629,IF x5 = 1 THEN y = 1 increases,NoHeldout,0.00398406374501992,0.02151394422310757,passes all verification gates,8,0.5644444444444444,0.4311111111111111,0.5284713273195877
0.20709634099685095,accepted,valid,0.20205999080714276,IF x0 = 1 THEN y = 1 increases,NoHeldout,0.00398406374501992,0.02151394422310757,passes all verification gates,8,0.4855555555555556,0.5288888888888889,0.2257808783890915
0.5386454284203082,rejected,support,0.357113273969766,IF x2 = 1 THEN y = 1 increases,NoHeldout,0.00398406374501992,0.02151394422310757,insufficient support,8,0.024444444444444446,0.023333333333333334,0.528360149520559
0.0,rejected,counterfactual,0.23057397814310193,IF x4 = 1 THEN y = 1 increases,NoHeldout,0.00398406374501992,0.02151394422310757,matched counterfactual contrast is weak,8,0.4988888888888889,0.4811111111111111,0.3395908234467957
0.04185434128351644,rejected,redundant,0.1764723361264634,IF x6 = 1 THEN y = 1 increases,NoHeldout,0.00398406374501992,0.02151394422310757,matched counterfactual contrast is weak,8,0.47333333333333333,0.5288888888888889,0.19902489297605835
0.0432823701994715,rejected,fdr_null,-0.018452380952380942,IF x24 = 1 THEN y = 1 increases,NoHeldout,0.035856573705179286,0.15367103016505407,not significant after FDR correction; matched counterfactual contrast is weak,8,0.4666666666666667,0.5077777777777778,0.06273616825799821
0.049587726110607286,rejected,fdr_null,-0.006874229804166132,IF x17 = 1 THEN y = 1 increases,NoHeldout,0.0398406374501992,0.15367103016505407,not significant after FDR correction,8,0.4766666666666667,0.44666666666666666,0.06686447281663971
0.03422831767848154,rejected,fdr_null,0.012659853495413709,IF x12 = 1 THEN y = 1 increases,NoHeldout,0.12350597609561753,0.4168326693227092,weak validation effect; not significant after FDR correction; matched counterfactual contrast is weak,8,0.5077777777777778,0.4911111111111111,0.03658440198383689
-0.0020602390608526256,rejected,fdr_null,0.01833270538777293,IF x22 = 1 THEN y = 1 increases,NoHeldout,0.24302788844621515,0.6561752988047809,weak validation effect; not significant after FDR correction; matched counterfactual contrast is weak,8,0.4688888888888889,0.5133333333333333,0.024046729526181587
0.01043407908308637,rejected,fdr_null,-0.002501928363758621,IF x18 = 1 THEN y = 1 increases,NoHeldout,0.24302788844621515,0.6561752988047809,weak validation effect; not significant after FDR correction; matched counterfactual contrast is weak,8,0.5177777777777778,0.5044444444444445,0.022826494932932984
0.012985785639012266,rejected,fdr_null,-0.01325077399380803,IF x26 = 1 THEN y = 1 increases,NoHeldout,0.29880478087649404,0.6902390438247012,weak validation effect; not significant after FDR correction; matched counterfactual contrast is weak,8,0.5277777777777778,0.47555555555555556,0.017840171075558353
0.022890061469469702,rejected,fdr_null,-0.001340661623932038,IF x20 = 1 THEN y = 1 increases,NoHeldout,0.30677290836653387,0.6902390438247012,weak validation effect; not significant after FDR correction; matched counterfactual contrast is weak,8,0.47888888888888886,0.5,0.019999999999999962
-0.0028791032142499026,rejected,fdr_null,-0.025205184332366515,IF x8 = 1 THEN y = 1 increases,NoHeldout,0.3386454183266932,0.6956175298804781,weak validation effect; not significant after FDR correction; matched counterfactual contrast is weak,8,0.5122222222222222,0.4955555555555556,0.012731870172458082
0.013375071030463662,rejected,fdr_null,-0.022904307709025906,IF x9 = 1 THEN y = 1 increases,NoHeldout,0.3665338645418327,0.6956175298804781,weak validation effect; not significant after FDR correction; matched counterfactual contrast is weak,8,0.5077777777777778,0.48777777777777775,0.014462963054467093
-0.003279584076311814,rejected,fdr_null,0.004846382997643506,IF x14 = 1 THEN y = 1 increases,NoHeldout,0.38645418326693226,0.6956175298804781,weak validation effect; not significant after FDR correction; matched counterfactual contrast is weak,8,0.51,0.48777777777777775,0.010015861329485731
-0.014898060883095867,rejected,fdr_null,-0.0005952380952380931,IF x23 = 1 THEN y = 1 increases,NoHeldout,0.46613545816733065,0.7866035856573704,weak validation effect; not significant after FDR correction; matched counterfactual contrast is weak,8,0.4666666666666667,0.5222222222222223,0.007471548738248401
0.005221789446371913,rejected,statistical,0.07586530864988361,IF x3 = 1 THEN y = 1 increases,NoHeldout,0.5219123505976095,0.7888446215139442,insufficient support; weak validation effect; not significant after FDR correction; matched counterfactual contrast is weak,8,0.22333333333333333,0.04555555555555556,0.00036911894148045077
-0.0043465968476368065,rejected,fdr_null,0.009427207047936037,IF x10 = 1 THEN y = 1 increases,NoHeldout,0.5258964143426295,0.7888446215139442,weak validation effect; not significant after FDR correction; matched counterfactual contrast is weak,8,0.5011111111111111,0.49333333333333335,0.002430061640587955
-0.008362377538964363,rejected,fdr_null,-0.08262204012237373,IF x16 = 1 THEN y = 1 increases,NoHeldout,0.8406374501992032,0.9433037082439473,weak validation effect; not significant after FDR correction; matched counterfactual contrast is weak,8,0.4855555555555556,0.5488888888888889,-0.033694980155960175
0.0005372996775477838,rejected,fdr_null,-0.028160036367409658,IF x7 = 1 THEN y = 1 increases,NoHeldout,0.749003984063745,0.9433037082439473,weak validation effect; not significant after FDR correction; matched counterfactual contrast is weak,8,0.48777777777777775,0.48777777777777775,-0.021113850745383633
-0.025377196128252722,rejected,fdr_null,-0.020833333333333315,IF x11 = 1 THEN y = 1 increases,NoHeldout,0.7131474103585658,0.9433037082439473,weak validation effect; not significant after FDR correction; matched counterfactual contrast is weak,8,0.48,0.5077777777777778,-0.01728319445199089
-0.05156250179568617,rejected,fdr_null,0.020347845856542035,IF x21 = 1 THEN y = 1 increases,NoHeldout,0.8685258964143426,0.9433037082439473,weak validation effect; not significant after FDR correction; matched counterfactual contrast is weak,8,0.5144444444444445,0.5022222222222222,-0.03192161820480405
-0.014897515678437927,rejected,fdr_null,-0.014585842365850421,IF x25 = 1 THEN y = 1 increases,NoHeldout,0.8247011952191236,0.9433037082439473,weak validation effect; not significant after FDR correction; matched counterfactual contrast is weak,8,0.47,0.52,-0.020655270655270674
-0.003694239503555801,rejected,fdr_null,0.004240052185257637,IF x19 = 1 THEN y = 1 increases,NoHeldout,0.6772908366533864,0.9433037082439473,weak validation effect; not significant after FDR correction; matched counterfactual contrast is weak,8,0.5133333333333333,0.53,-0.012087961104420342
-0.03379843077588146,rejected,fdr_null,-0.002361240095635153,IF x15 = 1 THEN y = 1 increases,NoHeldout,0.8764940239043825,0.9433037082439473,weak validation effect; not significant after FDR correction; matched counterfactual contrast is weak,8,0.5088888888888888,0.5155555555555555,-0.027918380259411568
-0.03453371770640066,rejected,fdr_null,0.00020755500207553235,IF x13 = 1 THEN y = 1 increases,NoHeldout,0.9083665338645418,0.9433037082439473,weak validation effect; not significant after FDR correction; matched counterfactual contrast is weak,8,0.4866666666666667,0.4955555555555556,-0.04060567748562849
-0.03785877412834927,rejected,fdr_null,-0.002152825770269151,IF x27 = 1 THEN y = 1 increases,NoHeldout,0.9482071713147411,0.9482071713147411,weak validation effect; not significant after FDR correction; matched counterfactual contrast is weak,8,0.4588888888888889,0.5033333333333333,-0.042327807161799735
0.0,accepted,counterfactual,0.23057397814310193,IF x4 = 1 THEN y = 1 increases,NoEffect,0.00398406374501992,0.02151394422310757,passes all verification gates,8,0.4988888888888889,0.4811111111111111,0.3395908234467957
0.20709634099685095,accepted,valid,0.20205999080714276,IF x0 = 1 THEN y = 1 increases,NoEffect,0.00398406374501992,0.02151394422310757,passes all verification gates,8,0.4855555555555556,0.5288888888888889,0.2257808783890915
0.04185434128351644,accepted,redundant,0.1764723361264634,IF x6 = 1 THEN y = 1 increases,NoEffect,0.00398406374501992,0.02151394422310757,passes all verification gates,8,0.47333333333333333,0.5288888888888889,0.19902489297605835
0.44959107537294063,rejected,holdout,-0.5896874497830629,IF x5 = 1 THEN y = 1 increases,NoEffect,0.00398406374501992,0.02151394422310757,held-out effect does not replicate,8,0.5644444444444444,0.4311111111111111,0.5284713273195877
0.5386454284203082,rejected,support,0.357113273969766,IF x2 = 1 THEN y = 1 increases,NoEffect,0.00398406374501992,0.02151394422310757,insufficient support,8,0.024444444444444446,0.023333333333333334,0.528360149520559
0.0432823701994715,rejected,fdr_null,-0.018452380952380942,IF x24 = 1 THEN y = 1 increases,NoEffect,0.035856573705179286,0.15367103016505407,not significant after FDR correction; held-out effect does not replicate,8,0.4666666666666667,0.5077777777777778,0.06273616825799821
0.049587726110607286,rejected,fdr_null,-0.006874229804166132,IF x17 = 1 THEN y = 1 increases,NoEffect,0.0398406374501992,0.15367103016505407,not significant after FDR correction; held-out effect does not replicate,8,0.4766666666666667,0.44666666666666666,0.06686447281663971
0.03422831767848154,rejected,fdr_null,0.012659853495413709,IF x12 = 1 THEN y = 1 increases,NoEffect,0.12350597609561753,0.4168326693227092,not significant after FDR correction; held-out effect does not replicate,8,0.5077777777777778,0.4911111111111111,0.03658440198383689
-0.0020602390608526256,rejected,fdr_null,0.01833270538777293,IF x22 = 1 THEN y = 1 increases,NoEffect,0.24302788844621515,0.6561752988047809,not significant after FDR correction; held-out effect does not replicate,8,0.4688888888888889,0.5133333333333333,0.024046729526181587
0.01043407908308637,rejected,fdr_null,-0.002501928363758621,IF x18 = 1 THEN y = 1 increases,NoEffect,0.24302788844621515,0.6561752988047809,not significant after FDR correction; held-out effect does not replicate,8,0.5177777777777778,0.5044444444444445,0.022826494932932984
0.012985785639012266,rejected,fdr_null,-0.01325077399380803,IF x26 = 1 THEN y = 1 increases,NoEffect,0.29880478087649404,0.6902390438247012,not significant after FDR correction; held-out effect does not replicate,8,0.5277777777777778,0.47555555555555556,0.017840171075558353
0.022890061469469702,rejected,fdr_null,-0.001340661623932038,IF x20 = 1 THEN y = 1 increases,NoEffect,0.30677290836653387,0.6902390438247012,not significant after FDR correction; held-out effect does not replicate,8,0.47888888888888886,0.5,0.019999999999999962
-0.0028791032142499026,rejected,fdr_null,-0.025205184332366515,IF x8 = 1 THEN y = 1 increases,NoEffect,0.3386454183266932,0.6956175298804781,not significant after FDR correction; held-out effect does not replicate,8,0.5122222222222222,0.4955555555555556,0.012731870172458082
0.013375071030463662,rejected,fdr_null,-0.022904307709025906,IF x9 = 1 THEN y = 1 increases,NoEffect,0.3665338645418327,0.6956175298804781,not significant after FDR correction; held-out effect does not replicate,8,0.5077777777777778,0.48777777777777775,0.014462963054467093
-0.003279584076311814,rejected,fdr_null,0.004846382997643506,IF x14 = 1 THEN y = 1 increases,NoEffect,0.38645418326693226,0.6956175298804781,not significant after FDR correction; held-out effect does not replicate,8,0.51,0.48777777777777775,0.010015861329485731
-0.014898060883095867,rejected,fdr_null,-0.0005952380952380931,IF x23 = 1 THEN y = 1 increases,NoEffect,0.46613545816733065,0.7866035856573704,not significant after FDR correction; held-out effect does not replicate,8,0.4666666666666667,0.5222222222222223,0.007471548738248401
0.005221789446371913,rejected,statistical,0.07586530864988361,IF x3 = 1 THEN y = 1 increases,NoEffect,0.5219123505976095,0.7888446215139442,insufficient support; not significant after FDR correction; held-out effect does not replicate,8,0.22333333333333333,0.04555555555555556,0.00036911894148045077
-0.0043465968476368065,rejected,fdr_null,0.009427207047936037,IF x10 = 1 THEN y = 1 increases,NoEffect,0.5258964143426295,0.7888446215139442,not significant after FDR correction; held-out effect does not replicate,8,0.5011111111111111,0.49333333333333335,0.002430061640587955
-0.008362377538964363,rejected,fdr_null,-0.08262204012237373,IF x16 = 1 THEN y = 1 increases,NoEffect,0.8406374501992032,0.9433037082439473,not significant after FDR correction; held-out effect does not replicate,8,0.4855555555555556,0.5488888888888889,-0.033694980155960175
0.0005372996775477838,rejected,fdr_null,-0.028160036367409658,IF x7 = 1 THEN y = 1 increases,NoEffect,0.749003984063745,0.9433037082439473,not significant after FDR correction; held-out effect does not replicate,8,0.48777777777777775,0.48777777777777775,-0.021113850745383633
-0.025377196128252722,rejected,fdr_null,-0.020833333333333315,IF x11 = 1 THEN y = 1 increases,NoEffect,0.7131474103585658,0.9433037082439473,not significant after FDR correction; held-out effect does not replicate,8,0.48,0.5077777777777778,-0.01728319445199089
-0.05156250179568617,rejected,fdr_null,0.020347845856542035,IF x21 = 1 THEN y = 1 increases,NoEffect,0.8685258964143426,0.9433037082439473,not significant after FDR correction; held-out effect does not replicate,8,0.5144444444444445,0.5022222222222222,-0.03192161820480405
-0.014897515678437927,rejected,fdr_null,-0.014585842365850421,IF x25 = 1 THEN y = 1 increases,NoEffect,0.8247011952191236,0.9433037082439473,not significant after FDR correction; held-out effect does not replicate,8,0.47,0.52,-0.020655270655270674
-0.003694239503555801,rejected,fdr_null,0.004240052185257637,IF x19 = 1 THEN y = 1 increases,NoEffect,0.6772908366533864,0.9433037082439473,not significant after FDR correction; held-out effect does not replicate,8,0.5133333333333333,0.53,-0.012087961104420342
-0.03379843077588146,rejected,fdr_null,-0.002361240095635153,IF x15 = 1 THEN y = 1 increases,NoEffect,0.8764940239043825,0.9433037082439473,not significant after FDR correction; held-out effect does not replicate,8,0.5088888888888888,0.5155555555555555,-0.027918380259411568
-0.03453371770640066,rejected,fdr_null,0.00020755500207553235,IF x13 = 1 THEN y = 1 increases,NoEffect,0.9083665338645418,0.9433037082439473,not significant after FDR correction; held-out effect does not replicate,8,0.4866666666666667,0.4955555555555556,-0.04060567748562849
-0.03785877412834927,rejected,fdr_null,-0.002152825770269151,IF x27 = 1 THEN y = 1 increases,NoEffect,0.9482071713147411,0.9482071713147411,not significant after FDR correction; held-out effect does not replicate,8,0.4588888888888889,0.5033333333333333,-0.042327807161799735
0.19937349629428608,accepted,valid,0.17806267806267806,IF x0 = 1 THEN y = 1 increases,FullVerifier,0.00398406374501992,0.02151394422310757,passes all verification gates,9,0.52,0.5255555555555556,0.19189388575587582
0.5139662087019988,rejected,holdout,-0.5863414585524119,IF x5 = 1 THEN y = 1 increases,FullVerifier,0.00398406374501992,0.02151394422310757,held-out effect does not replicate,9,0.5477777777777778,0.3977777777777778,0.5531035477952544
0.6653711060406148,rejected,support,0.5850456621004567,IF x2 = 1 THEN y = 1 increases,FullVerifier,0.00398406374501992,0.02151394422310757,insufficient support,9,0.02666666666666667,0.025555555555555557,0.6497942590848248
0.0,rejected,counterfactual,0.22297287286842382,IF x4 = 1 THEN y = 1 increases,FullVerifier,0.00398406374501992,0.02151394422310757,matched counterfactual contrast is weak,9,0.49666666666666665,0.4811111111111111,0.18691861471433305
-0.045589023687369584,rejected,redundant,0.13774377675598543,IF x6 = 1 THEN y = 1 increases,FullVerifier,0.00398406374501992,0.02151394422310757,matched counterfactual contrast is weak,9,0.5288888888888889,0.52,0.15438034188034186
0.04992726460324586,rejected,fdr_null,-0.04653096784413119,IF x8 = 1 THEN y = 1 increases,FullVerifier,0.13147410358565736,0.5378486055776892,weak validation effect; not significant after FDR correction; held-out effect does not replicate,9,0.47555555555555556,0.49333333333333335,0.03751778093883357
0.026482857014452642,rejected,fdr_null,-0.022222222222222254,IF x9 = 1 THEN y = 1 increases,FullVerifier,0.1394422310756972,0.5378486055776892,weak validation effect; not significant after FDR correction; matched counterfactual contrast is weak; held-out effect does not replicate,9,0.5,0.4955555555555556,0.030194978368661196
0.08300855418685844,rejected,statistical,0.17689472409803864,IF x3 = 1 THEN y = 1 increases,FullVerifier,0.199203187250996,0.6723107569721115,not significant after FDR correction,9,0.24222222222222223,0.05555555555555555,0.06
0.03929865356753394,rejected,fdr_null,0.03434150776513373,IF x26 = 1 THEN y = 1 increases,FullVerifier,0.29880478087649404,0.8067729083665339,weak validation effect; not significant after FDR correction; matched counterfactual contrast is weak; held-out effect does not replicate,9,0.5122222222222222,0.49,0.019607843137254888
0.017723563526001913,rejected,fdr_null,-0.012105999140226975,IF x20 = 1 THEN y = 1 increases,FullVerifier,0.28286852589641437,0.8067729083665339,weak validation effect; not significant after FDR correction; matched counterfactual contrast is weak; held-out effect does not replicate,9,0.48777777777777775,0.48,0.023682336182336172
0.010315260976889023,rejected,fdr_null,0.042472491653661515,IF x18 = 1 THEN y = 1 increases,FullVerifier,0.33067729083665337,0.8116624411445129,weak validation effect; not significant after FDR correction; matched counterfactual contrast is weak; held-out effect does not replicate,9,0.4955555555555556,0.5144444444444445,0.0146640900306923
0.0032653561357996845,rejected,fdr_null,-0.042716260327211486,IF x15 = 1 THEN y = 1 increases,FullVerifier,0.46215139442231074,0.8542301382704476,weak validation effect; not significant after FDR correction; matched counterfactual contrast is weak; held-out effect does not replicate,9,0.4988888888888889,0.5244444444444445,0.0061777284967527435
-0.00661143773798291,rejected,fdr_null,0.03934494380354253,IF x19 = 1 THEN y = 1 increases,FullVerifier,0.5139442231075697,0.8542301382704476,weak validation effect; not significant after FDR correction; matched counterfactual contrast is weak; held-out effect does not replicate,9,0.5233333333333333,0.4866666666666667,0.0016900907311865887
0.008376911427187885,rejected,fdr_null,0.034816362208690776,IF x13 = 1 THEN y = 1 increases,FullVerifier,0.4940239043824701,0.8542301382704476,weak validation effect; not significant after FDR correction; matched counterfactual contrast is weak; held-out effect does not replicate,9,0.5033333333333333,0.49333333333333335,0.0019559032716927605
-0.0039031638238450957,rejected,fdr_null,-0.0283952019516146,IF x17 = 1 THEN y = 1 increases,FullVerifier,0.5378486055776892,0.8542301382704476,weak validation effect; not significant after FDR correction; matched counterfactual contrast is weak; held-out effect does not replicate,9,0.5011111111111111,0.5122222222222222,-0.0002520024310823099
-0.00047915387499068094,rejected,fdr_null,-0.024255504514493875,IF x21 = 1 THEN y = 1 increases,FullVerifier,0.5099601593625498,0.8542301382704476,weak validation effect; not significant after FDR correction; matched counterfactual contrast is weak; held-out effect does not replicate,9,0.47555555555555556,0.5022222222222222,0.003792667509481651
0.02279905295111192,rejected,fdr_null,-0.0037038683200734668,IF x22 = 1 THEN y = 1 increases,FullVerifier,0.44223107569721115,0.8542301382704476,weak validation effect; not significant after FDR correction; matched counterfactual contrast is weak; held-out effect does not replicate,9,0.49666666666666665,0.4855555555555556,0.007576693635676202
-0.010883624487731834,rejected,fdr_null,0.026709401709401726,IF x23 = 1 THEN y = 1 increases,FullVerifier,0.6972111553784861,0.9117814456459876,weak validation effect; not significant after FDR correction; matched counterfactual contrast is weak; held-out effect does not replicate,9,0.48,0.5,-0.0155555555555556
-0.015665540837232185,rejected,fdr_null,-0.024938394757504978,IF x11 = 1 THEN y = 1 increases,FullVerifier,0.7091633466135459,0.9117814456459876,weak validation effect; not significant after FDR correction; matched counterfactual contrast is weak; held-out effect does not replicate,9,0.4988888888888889,0.5266666666666666,-0.014530219290426083
-0.011064284985673068,rejected,fdr_null,0.021234987357775015,IF x7 = 1 THEN y = 1 increases,FullVerifier,0.6972111553784861,0.9117814456459876,weak validation effect; not significant after FDR correction; matched counterfactual contrast is weak; held-out effect does not replicate,9,0.49777777777777776,0.49,-0.01596194033168824
-0.013033884960054412,rejected,fdr_null,0.0034766369993642354,IF x27 = 1 THEN y = 1 increases,FullVerifier,0.6095617529880478,0.9117814456459876,weak validation effect; not significant after FDR correction; matched counterfactual contrast is weak; held-out effect does not replicate,9,0.5377777777777778,0.5066666666666667,-0.006401137980085347
-0.053849794209768716,rejected,fdr_null,0.026488951384109616,IF x10 = 1 THEN y = 1 increases,FullVerifier,0.9561752988047809,0.9641434262948207,weak validation effect; not significant after FDR correction; matched counterfactual contrast is weak; held-out effect does not replicate,9,0.47444444444444445,0.4955555555555556,-0.04981134311846863
-0.039092504868388465,rejected,fdr_null,0.021993663847853284,IF x12 = 1 THEN y = 1 increases,FullVerifier,0.9402390438247012,0.9641434262948207,weak validation effect; not significant after FDR correction; matched counterfactual contrast is weak; held-out effect does not replicate,9,0.5144444444444445,0.4988888888888889,-0.04522985298692833
-0.04668365867777799,rejected,fdr_null,-0.019772223979753256,IF x16 = 1 THEN y = 1 increases,FullVerifier,0.9442231075697212,0.9641434262948207,weak validation effect; not significant after FDR correction; matched counterfactual contrast is weak; held-out effect does not replicate,9,0.5155555555555555,0.5122222222222222,-0.05361722313085843
-0.04606804626684732,rejected,fdr_null,-0.019262683736367914,IF x25 = 1 THEN y = 1 increases,FullVerifier,0.9641434262948207,0.9641434262948207,weak validation effect; not significant after FDR correction; matched counterfactual contrast is weak; held-out effect does not replicate,9,0.5066666666666667,0.5177777777777778,-0.04749708273174974
-0.045891131668713454,rejected,fdr_null,-0.006914126548270505,IF x14 = 1 THEN y = 1 increases,FullVerifier,0.9601593625498008,0.9641434262948207,weak validation effect; not significant after FDR correction; matched counterfactual contrast is weak; held-out effect does not replicate,9,0.5044444444444445,0.4866666666666667,-0.056128802704145164
-0.011396931711797549,rejected,fdr_null,0.0064202603662511515,IF x24 = 1 THEN y = 1 increases,FullVerifier,0.8565737051792829,0.9641434262948207,weak validation effect; not significant after FDR correction; matched counterfactual contrast is weak; held-out effect does not replicate,9,0.5044444444444445,0.4888888888888889,-0.02786561264822135
0.6653711060406148,accepted,support,0.5850456621004567,IF x2 = 1 THEN y = 1 increases,NoSupport,0.00398406374501992,0.02151394422310757,passes all verification gates,9,0.02666666666666667,0.025555555555555557,0.6497942590848248
0.19937349629428608,accepted,valid,0.17806267806267806,IF x0 = 1 THEN y = 1 increases,NoSupport,0.00398406374501992,0.02151394422310757,passes all verification gates,9,0.52,0.5255555555555556,0.19189388575587582
0.5139662087019988,rejected,holdout,-0.5863414585524119,IF x5 = 1 THEN y = 1 increases,NoSupport,0.00398406374501992,0.02151394422310757,held-out effect does not replicate,9,0.5477777777777778,0.3977777777777778,0.5531035477952544
0.0,rejected,counterfactual,0.22297287286842382,IF x4 = 1 THEN y = 1 increases,NoSupport,0.00398406374501992,0.02151394422310757,matched counterfactual contrast is weak,9,0.49666666666666665,0.4811111111111111,0.18691861471433305
-0.045589023687369584,rejected,redundant,0.13774377675598543,IF x6 = 1 THEN y = 1 increases,NoSupport,0.00398406374501992,0.02151394422310757,matched counterfactual contrast is weak,9,0.5288888888888889,0.52,0.15438034188034186
0.04992726460324586,rejected,fdr_null,-0.04653096784413119,IF x8 = 1 THEN y = 1 increases,NoSupport,0.13147410358565736,0.5378486055776892,weak validation effect; not significant after FDR correction; held-out effect does not replicate,9,0.47555555555555556,0.49333333333333335,0.03751778093883357
0.026482857014452642,rejected,fdr_null,-0.022222222222222254,IF x9 = 1 THEN y = 1 increases,NoSupport,0.1394422310756972,0.5378486055776892,weak validation effect; not significant after FDR correction; matched counterfactual contrast is weak; held-out effect does not replicate,9,0.5,0.4955555555555556,0.030194978368661196
0.08300855418685844,rejected,statistical,0.17689472409803864,IF x3 = 1 THEN y = 1 increases,NoSupport,0.199203187250996,0.6723107569721115,not significant after FDR correction,9,0.24222222222222223,0.05555555555555555,0.06
0.03929865356753394,rejected,fdr_null,0.03434150776513373,IF x26 = 1 THEN y = 1 increases,NoSupport,0.29880478087649404,0.8067729083665339,weak validation effect; not significant after FDR correction; matched counterfactual contrast is weak; held-out effect does not replicate,9,0.5122222222222222,0.49,0.019607843137254888
0.017723563526001913,rejected,fdr_null,-0.012105999140226975,IF x20 = 1 THEN y = 1 increases,NoSupport,0.28286852589641437,0.8067729083665339,weak validation effect; not significant after FDR correction; matched counterfactual contrast is weak; held-out effect does not replicate,9,0.48777777777777775,0.48,0.023682336182336172
0.010315260976889023,rejected,fdr_null,0.042472491653661515,IF x18 = 1 THEN y = 1 increases,NoSupport,0.33067729083665337,0.8116624411445129,weak validation effect; not significant after FDR correction; matched counterfactual contrast is weak; held-out effect does not replicate,9,0.4955555555555556,0.5144444444444445,0.0146640900306923
0.0032653561357996845,rejected,fdr_null,-0.042716260327211486,IF x15 = 1 THEN y = 1 increases,NoSupport,0.46215139442231074,0.8542301382704476,weak validation effect; not significant after FDR correction; matched counterfactual contrast is weak; held-out effect does not replicate,9,0.4988888888888889,0.5244444444444445,0.0061777284967527435
-0.00661143773798291,rejected,fdr_null,0.03934494380354253,IF x19 = 1 THEN y = 1 increases,NoSupport,0.5139442231075697,0.8542301382704476,weak validation effect; not significant after FDR correction; matched counterfactual contrast is weak; held-out effect does not replicate,9,0.5233333333333333,0.4866666666666667,0.0016900907311865887
0.008376911427187885,rejected,fdr_null,0.034816362208690776,IF x13 = 1 THEN y = 1 increases,NoSupport,0.4940239043824701,0.8542301382704476,weak validation effect; not significant after FDR correction; matched counterfactual contrast is weak; held-out effect does not replicate,9,0.5033333333333333,0.49333333333333335,0.0019559032716927605
-0.0039031638238450957,rejected,fdr_null,-0.0283952019516146,IF x17 = 1 THEN y = 1 increases,NoSupport,0.5378486055776892,0.8542301382704476,weak validation effect; not significant after FDR correction; matched counterfactual contrast is weak; held-out effect does not replicate,9,0.5011111111111111,0.5122222222222222,-0.0002520024310823099
-0.00047915387499068094,rejected,fdr_null,-0.024255504514493875,IF x21 = 1 THEN y = 1 increases,NoSupport,0.5099601593625498,0.8542301382704476,weak validation effect; not significant after FDR correction; matched counterfactual contrast is weak; held-out effect does not replicate,9,0.47555555555555556,0.5022222222222222,0.003792667509481651
0.02279905295111192,rejected,fdr_null,-0.0037038683200734668,IF x22 = 1 THEN y = 1 increases,NoSupport,0.44223107569721115,0.8542301382704476,weak validation effect; not significant after FDR correction; matched counterfactual contrast is weak; held-out effect does not replicate,9,0.49666666666666665,0.4855555555555556,0.007576693635676202
-0.010883624487731834,rejected,fdr_null,0.026709401709401726,IF x23 = 1 THEN y = 1 increases,NoSupport,0.6972111553784861,0.9117814456459876,weak validation effect; not significant after FDR correction; matched counterfactual contrast is weak; held-out effect does not replicate,9,0.48,0.5,-0.0155555555555556
-0.015665540837232185,rejected,fdr_null,-0.024938394757504978,IF x11 = 1 THEN y = 1 increases,NoSupport,0.7091633466135459,0.9117814456459876,weak validation effect; not significant after FDR correction; matched counterfactual contrast is weak; held-out effect does not replicate,9,0.4988888888888889,0.5266666666666666,-0.014530219290426083
-0.011064284985673068,rejected,fdr_null,0.021234987357775015,IF x7 = 1 THEN y = 1 increases,NoSupport,0.6972111553784861,0.9117814456459876,weak validation effect; not significant after FDR correction; matched counterfactual contrast is weak; held-out effect does not replicate,9,0.49777777777777776,0.49,-0.01596194033168824
-0.013033884960054412,rejected,fdr_null,0.0034766369993642354,IF x27 = 1 THEN y = 1 increases,NoSupport,0.6095617529880478,0.9117814456459876,weak validation effect; not significant after FDR correction; matched counterfactual contrast is weak; held-out effect does not replicate,9,0.5377777777777778,0.5066666666666667,-0.006401137980085347
-0.053849794209768716,rejected,fdr_null,0.026488951384109616,IF x10 = 1 THEN y = 1 increases,NoSupport,0.9561752988047809,0.9641434262948207,weak validation effect; not significant after FDR correction; matched counterfactual contrast is weak; held-out effect does not replicate,9,0.47444444444444445,0.4955555555555556,-0.04981134311846863
-0.039092504868388465,rejected,fdr_null,0.021993663847853284,IF x12 = 1 THEN y = 1 increases,NoSupport,0.9402390438247012,0.9641434262948207,weak validation effect; not significant after FDR correction; matched counterfactual contrast is weak; held-out effect does not replicate,9,0.5144444444444445,0.4988888888888889,-0.04522985298692833
-0.04668365867777799,rejected,fdr_null,-0.019772223979753256,IF x16 = 1 THEN y = 1 increases,NoSupport,0.9442231075697212,0.9641434262948207,weak validation effect; not significant after FDR correction; matched counterfactual contrast is weak; held-out effect does not replicate,9,0.5155555555555555,0.5122222222222222,-0.05361722313085843
-0.04606804626684732,rejected,fdr_null,-0.019262683736367914,IF x25 = 1 THEN y = 1 increases,NoSupport,0.9641434262948207,0.9641434262948207,weak validation effect; not significant after FDR correction; matched counterfactual contrast is weak; held-out effect does not replicate,9,0.5066666666666667,0.5177777777777778,-0.04749708273174974
-0.045891131668713454,rejected,fdr_null,-0.006914126548270505,IF x14 = 1 THEN y = 1 increases,NoSupport,0.9601593625498008,0.9641434262948207,weak validation effect; not significant after FDR correction; matched counterfactual contrast is weak; held-out effect does not replicate,9,0.5044444444444445,0.4866666666666667,-0.056128802704145164
-0.011396931711797549,rejected,fdr_null,0.0064202603662511515,IF x24 = 1 THEN y = 1 increases,NoSupport,0.8565737051792829,0.9641434262948207,weak validation effect; not significant after FDR correction; matched counterfactual contrast is weak; held-out effect does not replicate,9,0.5044444444444445,0.4888888888888889,-0.02786561264822135
0.19937349629428608,accepted,valid,0.17806267806267806,IF x0 = 1 THEN y = 1 increases,NoStatTest,0.00398406374501992,0.02151394422310757,passes all verification gates,9,0.52,0.5255555555555556,0.19189388575587582
0.08300855418685844,accepted,statistical,0.17689472409803864,IF x3 = 1 THEN y = 1 increases,NoStatTest,0.199203187250996,0.6723107569721115,passes all verification gates,9,0.24222222222222223,0.05555555555555555,0.06
0.5139662087019988,rejected,holdout,-0.5863414585524119,IF x5 = 1 THEN y = 1 increases,NoStatTest,0.00398406374501992,0.02151394422310757,held-out effect does not replicate,9,0.5477777777777778,0.3977777777777778,0.5531035477952544
0.6653711060406148,rejected,support,0.5850456621004567,IF x2 = 1 THEN y = 1 increases,NoStatTest,0.00398406374501992,0.02151394422310757,insufficient support,9,0.02666666666666667,0.025555555555555557,0.6497942590848248
0.0,rejected,counterfactual,0.22297287286842382,IF x4 = 1 THEN y = 1 increases,NoStatTest,0.00398406374501992,0.02151394422310757,matched counterfactual contrast is weak,9,0.49666666666666665,0.4811111111111111,0.18691861471433305
-0.045589023687369584,rejected,redundant,0.13774377675598543,IF x6 = 1 THEN y = 1 increases,NoStatTest,0.00398406374501992,0.02151394422310757,matched counterfactual contrast is weak,9,0.5288888888888889,0.52,0.15438034188034186
0.04992726460324586,rejected,fdr_null,-0.04653096784413119,IF x8 = 1 THEN y = 1 increases,NoStatTest,0.13147410358565736,0.5378486055776892,weak validation effect; held-out effect does not replicate,9,0.47555555555555556,0.49333333333333335,0.03751778093883357
0.026482857014452642,rejected,fdr_null,-0.022222222222222254,IF x9 = 1 THEN y = 1 increases,NoStatTest,0.1394422310756972,0.5378486055776892,weak validation effect; matched counterfactual contrast is weak; held-out effect does not replicate,9,0.5,0.4955555555555556,0.030194978368661196
0.03929865356753394,rejected,fdr_null,0.03434150776513373,IF x26 = 1 THEN y = 1 increases,NoStatTest,0.29880478087649404,0.8067729083665339,weak validation effect; matched counterfactual contrast is weak; held-out effect does not replicate,9,0.5122222222222222,0.49,0.019607843137254888
0.017723563526001913,rejected,fdr_null,-0.012105999140226975,IF x20 = 1 THEN y = 1 increases,NoStatTest,0.28286852589641437,0.8067729083665339,weak validation effect; matched counterfactual contrast is weak; held-out effect does not replicate,9,0.48777777777777775,0.48,0.023682336182336172
0.010315260976889023,rejected,fdr_null,0.042472491653661515,IF x18 = 1 THEN y = 1 increases,NoStatTest,0.33067729083665337,0.8116624411445129,weak validation effect; matched counterfactual contrast is weak; held-out effect does not replicate,9,0.4955555555555556,0.5144444444444445,0.0146640900306923
0.0032653561357996845,rejected,fdr_null,-0.042716260327211486,IF x15 = 1 THEN y = 1 increases,NoStatTest,0.46215139442231074,0.8542301382704476,weak validation effect; matched counterfactual contrast is weak; held-out effect does not replicate,9,0.4988888888888889,0.5244444444444445,0.0061777284967527435
-0.00661143773798291,rejected,fdr_null,0.03934494380354253,IF x19 = 1 THEN y = 1 increases,NoStatTest,0.5139442231075697,0.8542301382704476,weak validation effect; matched counterfactual contrast is weak; held-out effect does not replicate,9,0.5233333333333333,0.4866666666666667,0.0016900907311865887
0.008376911427187885,rejected,fdr_null,0.034816362208690776,IF x13 = 1 THEN y = 1 increases,NoStatTest,0.4940239043824701,0.8542301382704476,weak validation effect; matched counterfactual contrast is weak; held-out effect does not replicate,9,0.5033333333333333,0.49333333333333335,0.0019559032716927605
-0.0039031638238450957,rejected,fdr_null,-0.0283952019516146,IF x17 = 1 THEN y = 1 increases,NoStatTest,0.5378486055776892,0.8542301382704476,weak validation effect; matched counterfactual contrast is weak; held-out effect does not replicate,9,0.5011111111111111,0.5122222222222222,-0.0002520024310823099
-0.00047915387499068094,rejected,fdr_null,-0.024255504514493875,IF x21 = 1 THEN y = 1 increases,NoStatTest,0.5099601593625498,0.8542301382704476,weak validation effect; matched counterfactual contrast is weak; held-out effect does not replicate,9,0.47555555555555556,0.5022222222222222,0.003792667509481651
0.02279905295111192,rejected,fdr_null,-0.0037038683200734668,IF x22 = 1 THEN y = 1 increases,NoStatTest,0.44223107569721115,0.8542301382704476,weak validation effect; matched counterfactual contrast is weak; held-out effect does not replicate,9,0.49666666666666665,0.4855555555555556,0.007576693635676202
-0.010883624487731834,rejected,fdr_null,0.026709401709401726,IF x23 = 1 THEN y = 1 increases,NoStatTest,0.6972111553784861,0.9117814456459876,weak validation effect; matched counterfactual contrast is weak; held-out effect does not replicate,9,0.48,0.5,-0.0155555555555556
-0.015665540837232185,rejected,fdr_null,-0.024938394757504978,IF x11 = 1 THEN y = 1 increases,NoStatTest,0.7091633466135459,0.9117814456459876,weak validation effect; matched counterfactual contrast is weak; held-out effect does not replicate,9,0.4988888888888889,0.5266666666666666,-0.014530219290426083
-0.011064284985673068,rejected,fdr_null,0.021234987357775015,IF x7 = 1 THEN y = 1 increases,NoStatTest,0.6972111553784861,0.9117814456459876,weak validation effect; matched counterfactual contrast is weak; held-out effect does not replicate,9,0.49777777777777776,0.49,-0.01596194033168824
-0.013033884960054412,rejected,fdr_null,0.0034766369993642354,IF x27 = 1 THEN y = 1 increases,NoStatTest,0.6095617529880478,0.9117814456459876,weak validation effect; matched counterfactual contrast is weak; held-out effect does not replicate,9,0.5377777777777778,0.5066666666666667,-0.006401137980085347
-0.053849794209768716,rejected,fdr_null,0.026488951384109616,IF x10 = 1 THEN y = 1 increases,NoStatTest,0.9561752988047809,0.9641434262948207,weak validation effect; matched counterfactual contrast is weak; held-out effect does not replicate,9,0.47444444444444445,0.4955555555555556,-0.04981134311846863
-0.039092504868388465,rejected,fdr_null,0.021993663847853284,IF x12 = 1 THEN y = 1 increases,NoStatTest,0.9402390438247012,0.9641434262948207,weak validation effect; matched counterfactual contrast is weak; held-out effect does not replicate,9,0.5144444444444445,0.4988888888888889,-0.04522985298692833
-0.04668365867777799,rejected,fdr_null,-0.019772223979753256,IF x16 = 1 THEN y = 1 increases,NoStatTest,0.9442231075697212,0.9641434262948207,weak validation effect; matched counterfactual contrast is weak; held-out effect does not replicate,9,0.5155555555555555,0.5122222222222222,-0.05361722313085843
-0.04606804626684732,rejected,fdr_null,-0.019262683736367914,IF x25 = 1 THEN y = 1 increases,NoStatTest,0.9641434262948207,0.9641434262948207,weak validation effect; matched counterfactual contrast is weak; held-out effect does not replicate,9,0.5066666666666667,0.5177777777777778,-0.04749708273174974
-0.045891131668713454,rejected,fdr_null,-0.006914126548270505,IF x14 = 1 THEN y = 1 increases,NoStatTest,0.9601593625498008,0.9641434262948207,weak validation effect; matched counterfactual contrast is weak; held-out effect does not replicate,9,0.5044444444444445,0.4866666666666667,-0.056128802704145164
-0.011396931711797549,rejected,fdr_null,0.0064202603662511515,IF x24 = 1 THEN y = 1 increases,NoStatTest,0.8565737051792829,0.9641434262948207,weak validation effect; matched counterfactual contrast is weak; held-out effect does not replicate,9,0.5044444444444445,0.4888888888888889,-0.02786561264822135
0.19937349629428608,accepted,valid,0.17806267806267806,IF x0 = 1 THEN y = 1 increases,NoFDR,0.00398406374501992,0.00398406374501992,passes all verification gates,9,0.52,0.5255555555555556,0.19189388575587582
0.5139662087019988,rejected,holdout,-0.5863414585524119,IF x5 = 1 THEN y = 1 increases,NoFDR,0.00398406374501992,0.00398406374501992,held-out effect does not replicate,9,0.5477777777777778,0.3977777777777778,0.5531035477952544
0.6653711060406148,rejected,support,0.5850456621004567,IF x2 = 1 THEN y = 1 increases,NoFDR,0.00398406374501992,0.00398406374501992,insufficient support,9,0.02666666666666667,0.025555555555555557,0.6497942590848248
0.0,rejected,counterfactual,0.22297287286842382,IF x4 = 1 THEN y = 1 increases,NoFDR,0.00398406374501992,0.00398406374501992,matched counterfactual contrast is weak,9,0.49666666666666665,0.4811111111111111,0.18691861471433305
-0.045589023687369584,rejected,redundant,0.13774377675598543,IF x6 = 1 THEN y = 1 increases,NoFDR,0.00398406374501992,0.00398406374501992,matched counterfactual contrast is weak,9,0.5288888888888889,0.52,0.15438034188034186
0.04992726460324586,rejected,fdr_null,-0.04653096784413119,IF x8 = 1 THEN y = 1 increases,NoFDR,0.13147410358565736,0.13147410358565736,weak validation effect; not significant after raw p-value test; held-out effect does not replicate,9,0.47555555555555556,0.49333333333333335,0.03751778093883357
0.026482857014452642,rejected,fdr_null,-0.022222222222222254,IF x9 = 1 THEN y = 1 increases,NoFDR,0.1394422310756972,0.1394422310756972,weak validation effect; not significant after raw p-value test; matched counterfactual contrast is weak; held-out effect does not replicate,9,0.5,0.4955555555555556,0.030194978368661196
0.08300855418685844,rejected,statistical,0.17689472409803864,IF x3 = 1 THEN y = 1 increases,NoFDR,0.199203187250996,0.199203187250996,not significant after raw p-value test,9,0.24222222222222223,0.05555555555555555,0.06
0.017723563526001913,rejected,fdr_null,-0.012105999140226975,IF x20 = 1 THEN y = 1 increases,NoFDR,0.28286852589641437,0.28286852589641437,weak validation effect; not significant after raw p-value test; matched counterfactual contrast is weak; held-out effect does not replicate,9,0.48777777777777775,0.48,0.023682336182336172
0.03929865356753394,rejected,fdr_null,0.03434150776513373,IF x26 = 1 THEN y = 1 increases,NoFDR,0.29880478087649404,0.29880478087649404,weak validation effect; not significant after raw p-value test; matched counterfactual contrast is weak; held-out effect does not replicate,9,0.5122222222222222,0.49,0.019607843137254888
0.010315260976889023,rejected,fdr_null,0.042472491653661515,IF x18 = 1 THEN y = 1 increases,NoFDR,0.33067729083665337,0.33067729083665337,weak validation effect; not significant after raw p-value test; matched counterfactual contrast is weak; held-out effect does not replicate,9,0.4955555555555556,0.5144444444444445,0.0146640900306923
0.02279905295111192,rejected,fdr_null,-0.0037038683200734668,IF x22 = 1 THEN y = 1 increases,NoFDR,0.44223107569721115,0.44223107569721115,weak validation effect; not significant after raw p-value test; matched counterfactual contrast is weak; held-out effect does not replicate,9,0.49666666666666665,0.4855555555555556,0.007576693635676202
0.0032653561357996845,rejected,fdr_null,-0.042716260327211486,IF x15 = 1 THEN y = 1 increases,NoFDR,0.46215139442231074,0.46215139442231074,weak validation effect; not significant after raw p-value test; matched counterfactual contrast is weak; held-out effect does not replicate,9,0.4988888888888889,0.5244444444444445,0.0061777284967527435
0.008376911427187885,rejected,fdr_null,0.034816362208690776,IF x13 = 1 THEN y = 1 increases,NoFDR,0.4940239043824701,0.4940239043824701,weak validation effect; not significant after raw p-value test; matched counterfactual contrast is weak; held-out effect does not replicate,9,0.5033333333333333,0.49333333333333335,0.0019559032716927605
-0.00047915387499068094,rejected,fdr_null,-0.024255504514493875,IF x21 = 1 THEN y = 1 increases,NoFDR,0.5099601593625498,0.5099601593625498,weak validation effect; not significant after raw p-value test; matched counterfactual contrast is weak; held-out effect does not replicate,9,0.47555555555555556,0.5022222222222222,0.003792667509481651
-0.00661143773798291,rejected,fdr_null,0.03934494380354253,IF x19 = 1 THEN y = 1 increases,NoFDR,0.5139442231075697,0.5139442231075697,weak validation effect; not significant after raw p-value test; matched counterfactual contrast is weak; held-out effect does not replicate,9,0.5233333333333333,0.4866666666666667,0.0016900907311865887
-0.0039031638238450957,rejected,fdr_null,-0.0283952019516146,IF x17 = 1 THEN y = 1 increases,NoFDR,0.5378486055776892,0.5378486055776892,weak validation effect; not significant after raw p-value test; matched counterfactual contrast is weak; held-out effect does not replicate,9,0.5011111111111111,0.5122222222222222,-0.0002520024310823099
-0.013033884960054412,rejected,fdr_null,0.0034766369993642354,IF x27 = 1 THEN y = 1 increases,NoFDR,0.6095617529880478,0.6095617529880478,weak validation effect; not significant after raw p-value test; matched counterfactual contrast is weak; held-out effect does not replicate,9,0.5377777777777778,0.5066666666666667,-0.006401137980085347
-0.010883624487731834,rejected,fdr_null,0.026709401709401726,IF x23 = 1 THEN y = 1 increases,NoFDR,0.6972111553784861,0.6972111553784861,weak validation effect; not significant after raw p-value test; matched counterfactual contrast is weak; held-out effect does not replicate,9,0.48,0.5,-0.0155555555555556
-0.011064284985673068,rejected,fdr_null,0.021234987357775015,IF x7 = 1 THEN y = 1 increases,NoFDR,0.6972111553784861,0.6972111553784861,weak validation effect; not significant after raw p-value test; matched counterfactual contrast is weak; held-out effect does not replicate,9,0.49777777777777776,0.49,-0.01596194033168824
-0.015665540837232185,rejected,fdr_null,-0.024938394757504978,IF x11 = 1 THEN y = 1 increases,NoFDR,0.7091633466135459,0.7091633466135459,weak validation effect; not significant after raw p-value test; matched counterfactual contrast is weak; held-out effect does not replicate,9,0.4988888888888889,0.5266666666666666,-0.014530219290426083
-0.011396931711797549,rejected,fdr_null,0.0064202603662511515,IF x24 = 1 THEN y = 1 increases,NoFDR,0.8565737051792829,0.8565737051792829,weak validation effect; not significant after raw p-value test; matched counterfactual contrast is weak; held-out effect does not replicate,9,0.5044444444444445,0.4888888888888889,-0.02786561264822135
-0.039092504868388465,rejected,fdr_null,0.021993663847853284,IF x12 = 1 THEN y = 1 increases,NoFDR,0.9402390438247012,0.9402390438247012,weak validation effect; not significant after raw p-value test; matched counterfactual contrast is weak; held-out effect does not replicate,9,0.5144444444444445,0.4988888888888889,-0.04522985298692833
-0.04668365867777799,rejected,fdr_null,-0.019772223979753256,IF x16 = 1 THEN y = 1 increases,NoFDR,0.9442231075697212,0.9442231075697212,weak validation effect; not significant after raw p-value test; matched counterfactual contrast is weak; held-out effect does not replicate,9,0.5155555555555555,0.5122222222222222,-0.05361722313085843
-0.053849794209768716,rejected,fdr_null,0.026488951384109616,IF x10 = 1 THEN y = 1 increases,NoFDR,0.9561752988047809,0.9561752988047809,weak validation effect; not significant after raw p-value test; matched counterfactual contrast is weak; held-out effect does not replicate,9,0.47444444444444445,0.4955555555555556,-0.04981134311846863
-0.045891131668713454,rejected,fdr_null,-0.006914126548270505,IF x14 = 1 THEN y = 1 increases,NoFDR,0.9601593625498008,0.9601593625498008,weak validation effect; not significant after raw p-value test; matched counterfactual contrast is weak; held-out effect does not replicate,9,0.5044444444444445,0.4866666666666667,-0.056128802704145164
-0.04606804626684732,rejected,fdr_null,-0.019262683736367914,IF x25 = 1 THEN y = 1 increases,NoFDR,0.9641434262948207,0.9641434262948207,weak validation effect; not significant after raw p-value test; matched counterfactual contrast is weak; held-out effect does not replicate,9,0.5066666666666667,0.5177777777777778,-0.04749708273174974
0.0,accepted,counterfactual,0.22297287286842382,IF x4 = 1 THEN y = 1 increases,NoCounterfactual,0.00398406374501992,0.02151394422310757,passes all verification gates,9,0.49666666666666665,0.4811111111111111,0.18691861471433305
0.19937349629428608,accepted,valid,0.17806267806267806,IF x0 = 1 THEN y = 1 increases,NoCounterfactual,0.00398406374501992,0.02151394422310757,passes all verification gates,9,0.52,0.5255555555555556,0.19189388575587582
-0.045589023687369584,accepted,redundant,0.13774377675598543,IF x6 = 1 THEN y = 1 increases,NoCounterfactual,0.00398406374501992,0.02151394422310757,passes all verification gates,9,0.5288888888888889,0.52,0.15438034188034186
0.5139662087019988,rejected,holdout,-0.5863414585524119,IF x5 = 1 THEN y = 1 increases,NoCounterfactual,0.00398406374501992,0.02151394422310757,held-out effect does not replicate,9,0.5477777777777778,0.3977777777777778,0.5531035477952544
0.6653711060406148,rejected,support,0.5850456621004567,IF x2 = 1 THEN y = 1 increases,NoCounterfactual,0.00398406374501992,0.02151394422310757,insufficient support,9,0.02666666666666667,0.025555555555555557,0.6497942590848248
0.04992726460324586,rejected,fdr_null,-0.04653096784413119,IF x8 = 1 THEN y = 1 increases,NoCounterfactual,0.13147410358565736,0.5378486055776892,weak validation effect; not significant after FDR correction; held-out effect does not replicate,9,0.47555555555555556,0.49333333333333335,0.03751778093883357
0.026482857014452642,rejected,fdr_null,-0.022222222222222254,IF x9 = 1 THEN y = 1 increases,NoCounterfactual,0.1394422310756972,0.5378486055776892,weak validation effect; not significant after FDR correction; held-out effect does not replicate,9,0.5,0.4955555555555556,0.030194978368661196
0.08300855418685844,rejected,statistical,0.17689472409803864,IF x3 = 1 THEN y = 1 increases,NoCounterfactual,0.199203187250996,0.6723107569721115,not significant after FDR correction,9,0.24222222222222223,0.05555555555555555,0.06
0.03929865356753394,rejected,fdr_null,0.03434150776513373,IF x26 = 1 THEN y = 1 increases,NoCounterfactual,0.29880478087649404,0.8067729083665339,weak validation effect; not significant after FDR correction; held-out effect does not replicate,9,0.5122222222222222,0.49,0.019607843137254888
0.017723563526001913,rejected,fdr_null,-0.012105999140226975,IF x20 = 1 THEN y = 1 increases,NoCounterfactual,0.28286852589641437,0.8067729083665339,weak validation effect; not significant after FDR correction; held-out effect does not replicate,9,0.48777777777777775,0.48,0.023682336182336172
0.010315260976889023,rejected,fdr_null,0.042472491653661515,IF x18 = 1 THEN y = 1 increases,NoCounterfactual,0.33067729083665337,0.8116624411445129,weak validation effect; not significant after FDR correction; held-out effect does not replicate,9,0.4955555555555556,0.5144444444444445,0.0146640900306923
0.0032653561357996845,rejected,fdr_null,-0.042716260327211486,IF x15 = 1 THEN y = 1 increases,NoCounterfactual,0.46215139442231074,0.8542301382704476,weak validation effect; not significant after FDR correction; held-out effect does not replicate,9,0.4988888888888889,0.5244444444444445,0.0061777284967527435
-0.00661143773798291,rejected,fdr_null,0.03934494380354253,IF x19 = 1 THEN y = 1 increases,NoCounterfactual,0.5139442231075697,0.8542301382704476,weak validation effect; not significant after FDR correction; held-out effect does not replicate,9,0.5233333333333333,0.4866666666666667,0.0016900907311865887
0.008376911427187885,rejected,fdr_null,0.034816362208690776,IF x13 = 1 THEN y = 1 increases,NoCounterfactual,0.4940239043824701,0.8542301382704476,weak validation effect; not significant after FDR correction; held-out effect does not replicate,9,0.5033333333333333,0.49333333333333335,0.0019559032716927605
-0.0039031638238450957,rejected,fdr_null,-0.0283952019516146,IF x17 = 1 THEN y = 1 increases,NoCounterfactual,0.5378486055776892,0.8542301382704476,weak validation effect; not significant after FDR correction; held-out effect does not replicate,9,0.5011111111111111,0.5122222222222222,-0.0002520024310823099
-0.00047915387499068094,rejected,fdr_null,-0.024255504514493875,IF x21 = 1 THEN y = 1 increases,NoCounterfactual,0.5099601593625498,0.8542301382704476,weak validation effect; not significant after FDR correction; held-out effect does not replicate,9,0.47555555555555556,0.5022222222222222,0.003792667509481651
0.02279905295111192,rejected,fdr_null,-0.0037038683200734668,IF x22 = 1 THEN y = 1 increases,NoCounterfactual,0.44223107569721115,0.8542301382704476,weak validation effect; not significant after FDR correction; held-out effect does not replicate,9,0.49666666666666665,0.4855555555555556,0.007576693635676202
-0.010883624487731834,rejected,fdr_null,0.026709401709401726,IF x23 = 1 THEN y = 1 increases,NoCounterfactual,0.6972111553784861,0.9117814456459876,weak validation effect; not significant after FDR correction; held-out effect does not replicate,9,0.48,0.5,-0.0155555555555556
-0.015665540837232185,rejected,fdr_null,-0.024938394757504978,IF x11 = 1 THEN y = 1 increases,NoCounterfactual,0.7091633466135459,0.9117814456459876,weak validation effect; not significant after FDR correction; held-out effect does not replicate,9,0.4988888888888889,0.5266666666666666,-0.014530219290426083
-0.011064284985673068,rejected,fdr_null,0.021234987357775015,IF x7 = 1 THEN y = 1 increases,NoCounterfactual,0.6972111553784861,0.9117814456459876,weak validation effect; not significant after FDR correction; held-out effect does not replicate,9,0.49777777777777776,0.49,-0.01596194033168824
-0.013033884960054412,rejected,fdr_null,0.0034766369993642354,IF x27 = 1 THEN y = 1 increases,NoCounterfactual,0.6095617529880478,0.9117814456459876,weak validation effect; not significant after FDR correction; held-out effect does not replicate,9,0.5377777777777778,0.5066666666666667,-0.006401137980085347
-0.053849794209768716,rejected,fdr_null,0.026488951384109616,IF x10 = 1 THEN y = 1 increases,NoCounterfactual,0.9561752988047809,0.9641434262948207,weak validation effect; not significant after FDR correction; held-out effect does not replicate,9,0.47444444444444445,0.4955555555555556,-0.04981134311846863
-0.039092504868388465,rejected,fdr_null,0.021993663847853284,IF x12 = 1 THEN y = 1 increases,NoCounterfactual,0.9402390438247012,0.9641434262948207,weak validation effect; not significant after FDR correction; held-out effect does not replicate,9,0.5144444444444445,0.4988888888888889,-0.04522985298692833
-0.04668365867777799,rejected,fdr_null,-0.019772223979753256,IF x16 = 1 THEN y = 1 increases,NoCounterfactual,0.9442231075697212,0.9641434262948207,weak validation effect; not significant after FDR correction; held-out effect does not replicate,9,0.5155555555555555,0.5122222222222222,-0.05361722313085843
-0.04606804626684732,rejected,fdr_null,-0.019262683736367914,IF x25 = 1 THEN y = 1 increases,NoCounterfactual,0.9641434262948207,0.9641434262948207,weak validation effect; not significant after FDR correction; held-out effect does not replicate,9,0.5066666666666667,0.5177777777777778,-0.04749708273174974
-0.045891131668713454,rejected,fdr_null,-0.006914126548270505,IF x14 = 1 THEN y = 1 increases,NoCounterfactual,0.9601593625498008,0.9641434262948207,weak validation effect; not significant after FDR correction; held-out effect does not replicate,9,0.5044444444444445,0.4866666666666667,-0.056128802704145164
-0.011396931711797549,rejected,fdr_null,0.0064202603662511515,IF x24 = 1 THEN y = 1 increases,NoCounterfactual,0.8565737051792829,0.9641434262948207,weak validation effect; not significant after FDR correction; held-out effect does not replicate,9,0.5044444444444445,0.4888888888888889,-0.02786561264822135
0.5139662087019988,accepted,holdout,-0.5863414585524119,IF x5 = 1 THEN y = 1 increases,NoHeldout,0.00398406374501992,0.02151394422310757,passes all verification gates,9,0.5477777777777778,0.3977777777777778,0.5531035477952544
0.19937349629428608,accepted,valid,0.17806267806267806,IF x0 = 1 THEN y = 1 increases,NoHeldout,0.00398406374501992,0.02151394422310757,passes all verification gates,9,0.52,0.5255555555555556,0.19189388575587582
0.6653711060406148,rejected,support,0.5850456621004567,IF x2 = 1 THEN y = 1 increases,NoHeldout,0.00398406374501992,0.02151394422310757,insufficient support,9,0.02666666666666667,0.025555555555555557,0.6497942590848248
0.0,rejected,counterfactual,0.22297287286842382,IF x4 = 1 THEN y = 1 increases,NoHeldout,0.00398406374501992,0.02151394422310757,matched counterfactual contrast is weak,9,0.49666666666666665,0.4811111111111111,0.18691861471433305
-0.045589023687369584,rejected,redundant,0.13774377675598543,IF x6 = 1 THEN y = 1 increases,NoHeldout,0.00398406374501992,0.02151394422310757,matched counterfactual contrast is weak,9,0.5288888888888889,0.52,0.15438034188034186
0.04992726460324586,rejected,fdr_null,-0.04653096784413119,IF x8 = 1 THEN y = 1 increases,NoHeldout,0.13147410358565736,0.5378486055776892,weak validation effect; not significant after FDR correction,9,0.47555555555555556,0.49333333333333335,0.03751778093883357
0.026482857014452642,rejected,fdr_null,-0.022222222222222254,IF x9 = 1 THEN y = 1 increases,NoHeldout,0.1394422310756972,0.5378486055776892,weak validation effect; not significant after FDR correction; matched counterfactual contrast is weak,9,0.5,0.4955555555555556,0.030194978368661196
0.08300855418685844,rejected,statistical,0.17689472409803864,IF x3 = 1 THEN y = 1 increases,NoHeldout,0.199203187250996,0.6723107569721115,not significant after FDR correction,9,0.24222222222222223,0.05555555555555555,0.06
0.03929865356753394,rejected,fdr_null,0.03434150776513373,IF x26 = 1 THEN y = 1 increases,NoHeldout,0.29880478087649404,0.8067729083665339,weak validation effect; not significant after FDR correction; matched counterfactual contrast is weak,9,0.5122222222222222,0.49,0.019607843137254888
0.017723563526001913,rejected,fdr_null,-0.012105999140226975,IF x20 = 1 THEN y = 1 increases,NoHeldout,0.28286852589641437,0.8067729083665339,weak validation effect; not significant after FDR correction; matched counterfactual contrast is weak,9,0.48777777777777775,0.48,0.023682336182336172
0.010315260976889023,rejected,fdr_null,0.042472491653661515,IF x18 = 1 THEN y = 1 increases,NoHeldout,0.33067729083665337,0.8116624411445129,weak validation effect; not significant after FDR correction; matched counterfactual contrast is weak,9,0.4955555555555556,0.5144444444444445,0.0146640900306923
0.0032653561357996845,rejected,fdr_null,-0.042716260327211486,IF x15 = 1 THEN y = 1 increases,NoHeldout,0.46215139442231074,0.8542301382704476,weak validation effect; not significant after FDR correction; matched counterfactual contrast is weak,9,0.4988888888888889,0.5244444444444445,0.0061777284967527435
-0.00661143773798291,rejected,fdr_null,0.03934494380354253,IF x19 = 1 THEN y = 1 increases,NoHeldout,0.5139442231075697,0.8542301382704476,weak validation effect; not significant after FDR correction; matched counterfactual contrast is weak,9,0.5233333333333333,0.4866666666666667,0.0016900907311865887
0.008376911427187885,rejected,fdr_null,0.034816362208690776,IF x13 = 1 THEN y = 1 increases,NoHeldout,0.4940239043824701,0.8542301382704476,weak validation effect; not significant after FDR correction; matched counterfactual contrast is weak,9,0.5033333333333333,0.49333333333333335,0.0019559032716927605
-0.0039031638238450957,rejected,fdr_null,-0.0283952019516146,IF x17 = 1 THEN y = 1 increases,NoHeldout,0.5378486055776892,0.8542301382704476,weak validation effect; not significant after FDR correction; matched counterfactual contrast is weak,9,0.5011111111111111,0.5122222222222222,-0.0002520024310823099
-0.00047915387499068094,rejected,fdr_null,-0.024255504514493875,IF x21 = 1 THEN y = 1 increases,NoHeldout,0.5099601593625498,0.8542301382704476,weak validation effect; not significant after FDR correction; matched counterfactual contrast is weak,9,0.47555555555555556,0.5022222222222222,0.003792667509481651
0.02279905295111192,rejected,fdr_null,-0.0037038683200734668,IF x22 = 1 THEN y = 1 increases,NoHeldout,0.44223107569721115,0.8542301382704476,weak validation effect; not significant after FDR correction; matched counterfactual contrast is weak,9,0.49666666666666665,0.4855555555555556,0.007576693635676202
-0.010883624487731834,rejected,fdr_null,0.026709401709401726,IF x23 = 1 THEN y = 1 increases,NoHeldout,0.6972111553784861,0.9117814456459876,weak validation effect; not significant after FDR correction; matched counterfactual contrast is weak,9,0.48,0.5,-0.0155555555555556
-0.015665540837232185,rejected,fdr_null,-0.024938394757504978,IF x11 = 1 THEN y = 1 increases,NoHeldout,0.7091633466135459,0.9117814456459876,weak validation effect; not significant after FDR correction; matched counterfactual contrast is weak,9,0.4988888888888889,0.5266666666666666,-0.014530219290426083
-0.011064284985673068,rejected,fdr_null,0.021234987357775015,IF x7 = 1 THEN y = 1 increases,NoHeldout,0.6972111553784861,0.9117814456459876,weak validation effect; not significant after FDR correction; matched counterfactual contrast is weak,9,0.49777777777777776,0.49,-0.01596194033168824
-0.013033884960054412,rejected,fdr_null,0.0034766369993642354,IF x27 = 1 THEN y = 1 increases,NoHeldout,0.6095617529880478,0.9117814456459876,weak validation effect; not significant after FDR correction; matched counterfactual contrast is weak,9,0.5377777777777778,0.5066666666666667,-0.006401137980085347
-0.053849794209768716,rejected,fdr_null,0.026488951384109616,IF x10 = 1 THEN y = 1 increases,NoHeldout,0.9561752988047809,0.9641434262948207,weak validation effect; not significant after FDR correction; matched counterfactual contrast is weak,9,0.47444444444444445,0.4955555555555556,-0.04981134311846863
-0.039092504868388465,rejected,fdr_null,0.021993663847853284,IF x12 = 1 THEN y = 1 increases,NoHeldout,0.9402390438247012,0.9641434262948207,weak validation effect; not significant after FDR correction; matched counterfactual contrast is weak,9,0.5144444444444445,0.4988888888888889,-0.04522985298692833
-0.04668365867777799,rejected,fdr_null,-0.019772223979753256,IF x16 = 1 THEN y = 1 increases,NoHeldout,0.9442231075697212,0.9641434262948207,weak validation effect; not significant after FDR correction; matched counterfactual contrast is weak,9,0.5155555555555555,0.5122222222222222,-0.05361722313085843
-0.04606804626684732,rejected,fdr_null,-0.019262683736367914,IF x25 = 1 THEN y = 1 increases,NoHeldout,0.9641434262948207,0.9641434262948207,weak validation effect; not significant after FDR correction; matched counterfactual contrast is weak,9,0.5066666666666667,0.5177777777777778,-0.04749708273174974
-0.045891131668713454,rejected,fdr_null,-0.006914126548270505,IF x14 = 1 THEN y = 1 increases,NoHeldout,0.9601593625498008,0.9641434262948207,weak validation effect; not significant after FDR correction; matched counterfactual contrast is weak,9,0.5044444444444445,0.4866666666666667,-0.056128802704145164
-0.011396931711797549,rejected,fdr_null,0.0064202603662511515,IF x24 = 1 THEN y = 1 increases,NoHeldout,0.8565737051792829,0.9641434262948207,weak validation effect; not significant after FDR correction; matched counterfactual contrast is weak,9,0.5044444444444445,0.4888888888888889,-0.02786561264822135
0.0,accepted,counterfactual,0.22297287286842382,IF x4 = 1 THEN y = 1 increases,NoEffect,0.00398406374501992,0.02151394422310757,passes all verification gates,9,0.49666666666666665,0.4811111111111111,0.18691861471433305
0.19937349629428608,accepted,valid,0.17806267806267806,IF x0 = 1 THEN y = 1 increases,NoEffect,0.00398406374501992,0.02151394422310757,passes all verification gates,9,0.52,0.5255555555555556,0.19189388575587582
-0.045589023687369584,accepted,redundant,0.13774377675598543,IF x6 = 1 THEN y = 1 increases,NoEffect,0.00398406374501992,0.02151394422310757,passes all verification gates,9,0.5288888888888889,0.52,0.15438034188034186
0.5139662087019988,rejected,holdout,-0.5863414585524119,IF x5 = 1 THEN y = 1 increases,NoEffect,0.00398406374501992,0.02151394422310757,held-out effect does not replicate,9,0.5477777777777778,0.3977777777777778,0.5531035477952544
0.6653711060406148,rejected,support,0.5850456621004567,IF x2 = 1 THEN y = 1 increases,NoEffect,0.00398406374501992,0.02151394422310757,insufficient support,9,0.02666666666666667,0.025555555555555557,0.6497942590848248
0.04992726460324586,rejected,fdr_null,-0.04653096784413119,IF x8 = 1 THEN y = 1 increases,NoEffect,0.13147410358565736,0.5378486055776892,not significant after FDR correction; held-out effect does not replicate,9,0.47555555555555556,0.49333333333333335,0.03751778093883357
0.026482857014452642,rejected,fdr_null,-0.022222222222222254,IF x9 = 1 THEN y = 1 increases,NoEffect,0.1394422310756972,0.5378486055776892,not significant after FDR correction; held-out effect does not replicate,9,0.5,0.4955555555555556,0.030194978368661196
0.08300855418685844,rejected,statistical,0.17689472409803864,IF x3 = 1 THEN y = 1 increases,NoEffect,0.199203187250996,0.6723107569721115,not significant after FDR correction,9,0.24222222222222223,0.05555555555555555,0.06
0.03929865356753394,rejected,fdr_null,0.03434150776513373,IF x26 = 1 THEN y = 1 increases,NoEffect,0.29880478087649404,0.8067729083665339,not significant after FDR correction; held-out effect does not replicate,9,0.5122222222222222,0.49,0.019607843137254888
0.017723563526001913,rejected,fdr_null,-0.012105999140226975,IF x20 = 1 THEN y = 1 increases,NoEffect,0.28286852589641437,0.8067729083665339,not significant after FDR correction; held-out effect does not replicate,9,0.48777777777777775,0.48,0.023682336182336172
0.010315260976889023,rejected,fdr_null,0.042472491653661515,IF x18 = 1 THEN y = 1 increases,NoEffect,0.33067729083665337,0.8116624411445129,not significant after FDR correction; held-out effect does not replicate,9,0.4955555555555556,0.5144444444444445,0.0146640900306923
0.0032653561357996845,rejected,fdr_null,-0.042716260327211486,IF x15 = 1 THEN y = 1 increases,NoEffect,0.46215139442231074,0.8542301382704476,not significant after FDR correction; held-out effect does not replicate,9,0.4988888888888889,0.5244444444444445,0.0061777284967527435
-0.00661143773798291,rejected,fdr_null,0.03934494380354253,IF x19 = 1 THEN y = 1 increases,NoEffect,0.5139442231075697,0.8542301382704476,not significant after FDR correction; held-out effect does not replicate,9,0.5233333333333333,0.4866666666666667,0.0016900907311865887
0.008376911427187885,rejected,fdr_null,0.034816362208690776,IF x13 = 1 THEN y = 1 increases,NoEffect,0.4940239043824701,0.8542301382704476,not significant after FDR correction; held-out effect does not replicate,9,0.5033333333333333,0.49333333333333335,0.0019559032716927605
-0.0039031638238450957,rejected,fdr_null,-0.0283952019516146,IF x17 = 1 THEN y = 1 increases,NoEffect,0.5378486055776892,0.8542301382704476,not significant after FDR correction; held-out effect does not replicate,9,0.5011111111111111,0.5122222222222222,-0.0002520024310823099
-0.00047915387499068094,rejected,fdr_null,-0.024255504514493875,IF x21 = 1 THEN y = 1 increases,NoEffect,0.5099601593625498,0.8542301382704476,not significant after FDR correction; held-out effect does not replicate,9,0.47555555555555556,0.5022222222222222,0.003792667509481651
0.02279905295111192,rejected,fdr_null,-0.0037038683200734668,IF x22 = 1 THEN y = 1 increases,NoEffect,0.44223107569721115,0.8542301382704476,not significant after FDR correction; held-out effect does not replicate,9,0.49666666666666665,0.4855555555555556,0.007576693635676202
-0.010883624487731834,rejected,fdr_null,0.026709401709401726,IF x23 = 1 THEN y = 1 increases,NoEffect,0.6972111553784861,0.9117814456459876,not significant after FDR correction; held-out effect does not replicate,9,0.48,0.5,-0.0155555555555556
-0.015665540837232185,rejected,fdr_null,-0.024938394757504978,IF x11 = 1 THEN y = 1 increases,NoEffect,0.7091633466135459,0.9117814456459876,not significant after FDR correction; held-out effect does not replicate,9,0.4988888888888889,0.5266666666666666,-0.014530219290426083
-0.011064284985673068,rejected,fdr_null,0.021234987357775015,IF x7 = 1 THEN y = 1 increases,NoEffect,0.6972111553784861,0.9117814456459876,not significant after FDR correction; held-out effect does not replicate,9,0.49777777777777776,0.49,-0.01596194033168824
-0.013033884960054412,rejected,fdr_null,0.0034766369993642354,IF x27 = 1 THEN y = 1 increases,NoEffect,0.6095617529880478,0.9117814456459876,not significant after FDR correction; held-out effect does not replicate,9,0.5377777777777778,0.5066666666666667,-0.006401137980085347
-0.053849794209768716,rejected,fdr_null,0.026488951384109616,IF x10 = 1 THEN y = 1 increases,NoEffect,0.9561752988047809,0.9641434262948207,not significant after FDR correction; held-out effect does not replicate,9,0.47444444444444445,0.4955555555555556,-0.04981134311846863
-0.039092504868388465,rejected,fdr_null,0.021993663847853284,IF x12 = 1 THEN y = 1 increases,NoEffect,0.9402390438247012,0.9641434262948207,not significant after FDR correction; held-out effect does not replicate,9,0.5144444444444445,0.4988888888888889,-0.04522985298692833
-0.04668365867777799,rejected,fdr_null,-0.019772223979753256,IF x16 = 1 THEN y = 1 increases,NoEffect,0.9442231075697212,0.9641434262948207,not significant after FDR correction; held-out effect does not replicate,9,0.5155555555555555,0.5122222222222222,-0.05361722313085843
-0.04606804626684732,rejected,fdr_null,-0.019262683736367914,IF x25 = 1 THEN y = 1 increases,NoEffect,0.9641434262948207,0.9641434262948207,not significant after FDR correction; held-out effect does not replicate,9,0.5066666666666667,0.5177777777777778,-0.04749708273174974
-0.045891131668713454,rejected,fdr_null,-0.006914126548270505,IF x14 = 1 THEN y = 1 increases,NoEffect,0.9601593625498008,0.9641434262948207,not significant after FDR correction; held-out effect does not replicate,9,0.5044444444444445,0.4866666666666667,-0.056128802704145164
-0.011396931711797549,rejected,fdr_null,0.0064202603662511515,IF x24 = 1 THEN y = 1 increases,NoEffect,0.8565737051792829,0.9641434262948207,not significant after FDR correction; held-out effect does not replicate,9,0.5044444444444445,0.4888888888888889,-0.02786561264822135
