seed,family_size,arm,accepted,true_accepts,false_accepts,recall,empirical_fdr
0,100,Exhaustive-Expanded,4,3,1,1.0,0.25
0,100,Random-25,2,1,1,0.3333333333333333,0.5
0,100,VeraDM-prior,3,3,0,1.0,0.0
1,100,Exhaustive-Expanded,3,3,0,1.0,0.0
1,100,Random-25,1,1,0,0.3333333333333333,0.0
1,100,VeraDM-prior,3,3,0,1.0,0.0
2,100,Exhaustive-Expanded,3,3,0,1.0,0.0
2,100,Random-25,0,0,0,0.0,0.0
2,100,VeraDM-prior,2,2,0,0.6666666666666666,0.0
3,100,Exhaustive-Expanded,2,2,0,0.6666666666666666,0.0
3,100,Random-25,0,0,0,0.0,0.0
3,100,VeraDM-prior,2,2,0,0.6666666666666666,0.0
4,100,Exhaustive-Expanded,3,3,0,1.0,0.0
4,100,Random-25,1,1,0,0.3333333333333333,0.0
4,100,VeraDM-prior,2,2,0,0.6666666666666666,0.0
5,100,Exhaustive-Expanded,3,3,0,1.0,0.0
5,100,Random-25,1,1,0,0.3333333333333333,0.0
5,100,VeraDM-prior,2,2,0,0.6666666666666666,0.0
6,100,Exhaustive-Expanded,3,3,0,1.0,0.0
6,100,Random-25,1,1,0,0.3333333333333333,0.0
6,100,VeraDM-prior,2,2,0,0.6666666666666666,0.0
7,100,Exhaustive-Expanded,3,3,0,1.0,0.0
7,100,Random-25,3,2,1,0.6666666666666666,0.3333333333333333
7,100,VeraDM-prior,1,1,0,0.3333333333333333,0.0
8,100,Exhaustive-Expanded,5,3,2,1.0,0.4
8,100,Random-25,1,1,0,0.3333333333333333,0.0
8,100,VeraDM-prior,3,3,0,1.0,0.0
9,100,Exhaustive-Expanded,3,3,0,1.0,0.0
9,100,Random-25,0,0,0,0.0,0.0
9,100,VeraDM-prior,2,2,0,0.6666666666666666,0.0
10,100,Exhaustive-Expanded,3,3,0,1.0,0.0
10,100,Random-25,3,3,0,1.0,0.0
10,100,VeraDM-prior,2,2,0,0.6666666666666666,0.0
11,100,Exhaustive-Expanded,3,2,1,0.6666666666666666,0.3333333333333333
11,100,Random-25,2,2,0,0.6666666666666666,0.0
11,100,VeraDM-prior,3,3,0,1.0,0.0
12,100,Exhaustive-Expanded,4,3,1,1.0,0.25
12,100,Random-25,0,0,0,0.0,0.0
12,100,VeraDM-prior,3,3,0,1.0,0.0
13,100,Exhaustive-Expanded,3,3,0,1.0,0.0
13,100,Random-25,2,1,1,0.3333333333333333,0.5
13,100,VeraDM-prior,4,3,1,1.0,0.25
14,100,Exhaustive-Expanded,3,3,0,1.0,0.0
14,100,Random-25,0,0,0,0.0,0.0
14,100,VeraDM-prior,3,3,0,1.0,0.0
15,100,Exhaustive-Expanded,4,3,1,1.0,0.25
15,100,Random-25,1,1,0,0.3333333333333333,0.0
15,100,VeraDM-prior,2,2,0,0.6666666666666666,0.0
16,100,Exhaustive-Expanded,2,2,0,0.6666666666666666,0.0
16,100,Random-25,1,0,1,0.0,1.0
16,100,VeraDM-prior,3,3,0,1.0,0.0
17,100,Exhaustive-Expanded,3,3,0,1.0,0.0
17,100,Random-25,0,0,0,0.0,0.0
17,100,VeraDM-prior,3,3,0,1.0,0.0
18,100,Exhaustive-Expanded,2,2,0,0.6666666666666666,0.0
18,100,Random-25,1,1,0,0.3333333333333333,0.0
18,100,VeraDM-prior,2,2,0,0.6666666666666666,0.0
19,100,Exhaustive-Expanded,4,3,1,1.0,0.25
19,100,Random-25,1,0,1,0.0,1.0
19,100,VeraDM-prior,4,3,1,1.0,0.25
20,100,Exhaustive-Expanded,4,3,1,1.0,0.25
20,100,Random-25,0,0,0,0.0,0.0
20,100,VeraDM-prior,3,3,0,1.0,0.0
21,100,Exhaustive-Expanded,2,2,0,0.6666666666666666,0.0
21,100,Random-25,0,0,0,0.0,0.0
21,100,VeraDM-prior,3,3,0,1.0,0.0
22,100,Exhaustive-Expanded,3,3,0,1.0,0.0
22,100,Random-25,0,0,0,0.0,0.0
22,100,VeraDM-prior,2,2,0,0.6666666666666666,0.0
23,100,Exhaustive-Expanded,3,3,0,1.0,0.0
23,100,Random-25,1,1,0,0.3333333333333333,0.0
23,100,VeraDM-prior,4,3,1,1.0,0.25
24,100,Exhaustive-Expanded,3,3,0,1.0,0.0
24,100,Random-25,1,0,1,0.0,1.0
24,100,VeraDM-prior,3,2,1,0.6666666666666666,0.3333333333333333
25,100,Exhaustive-Expanded,4,3,1,1.0,0.25
25,100,Random-25,0,0,0,0.0,0.0
25,100,VeraDM-prior,2,2,0,0.6666666666666666,0.0
26,100,Exhaustive-Expanded,2,2,0,0.6666666666666666,0.0
26,100,Random-25,1,1,0,0.3333333333333333,0.0
26,100,VeraDM-prior,3,3,0,1.0,0.0
27,100,Exhaustive-Expanded,3,2,1,0.6666666666666666,0.3333333333333333
27,100,Random-25,1,1,0,0.3333333333333333,0.0
27,100,VeraDM-prior,2,2,0,0.6666666666666666,0.0
28,100,Exhaustive-Expanded,3,3,0,1.0,0.0
28,100,Random-25,2,2,0,0.6666666666666666,0.0
28,100,VeraDM-prior,1,1,0,0.3333333333333333,0.0
29,100,Exhaustive-Expanded,3,3,0,1.0,0.0
29,100,Random-25,1,1,0,0.3333333333333333,0.0
29,100,VeraDM-prior,1,1,0,0.3333333333333333,0.0
30,100,Exhaustive-Expanded,4,3,1,1.0,0.25
30,100,Random-25,1,1,0,0.3333333333333333,0.0
30,100,VeraDM-prior,3,3,0,1.0,0.0
31,100,Exhaustive-Expanded,3,3,0,1.0,0.0
31,100,Random-25,1,1,0,0.3333333333333333,0.0
31,100,VeraDM-prior,1,1,0,0.3333333333333333,0.0
32,100,Exhaustive-Expanded,2,2,0,0.6666666666666666,0.0
32,100,Random-25,0,0,0,0.0,0.0
32,100,VeraDM-prior,2,2,0,0.6666666666666666,0.0
33,100,Exhaustive-Expanded,3,3,0,1.0,0.0
33,100,Random-25,3,3,0,1.0,0.0
33,100,VeraDM-prior,4,2,2,0.6666666666666666,0.5
34,100,Exhaustive-Expanded,3,3,0,1.0,0.0
34,100,Random-25,0,0,0,0.0,0.0
34,100,VeraDM-prior,3,3,0,1.0,0.0
35,100,Exhaustive-Expanded,3,3,0,1.0,0.0
35,100,Random-25,0,0,0,0.0,0.0
35,100,VeraDM-prior,3,2,1,0.6666666666666666,0.3333333333333333
36,100,Exhaustive-Expanded,2,2,0,0.6666666666666666,0.0
36,100,Random-25,0,0,0,0.0,0.0
36,100,VeraDM-prior,2,2,0,0.6666666666666666,0.0
37,100,Exhaustive-Expanded,3,3,0,1.0,0.0
37,100,Random-25,0,0,0,0.0,0.0
37,100,VeraDM-prior,2,2,0,0.6666666666666666,0.0
38,100,Exhaustive-Expanded,5,3,2,1.0,0.4
38,100,Random-25,1,1,0,0.3333333333333333,0.0
38,100,VeraDM-prior,5,3,2,1.0,0.4
39,100,Exhaustive-Expanded,3,3,0,1.0,0.0
39,100,Random-25,0,0,0,0.0,0.0
39,100,VeraDM-prior,3,3,0,1.0,0.0
40,100,Exhaustive-Expanded,4,3,1,1.0,0.25
40,100,Random-25,0,0,0,0.0,0.0
40,100,VeraDM-prior,3,3,0,1.0,0.0
41,100,Exhaustive-Expanded,3,3,0,1.0,0.0
41,100,Random-25,2,2,0,0.6666666666666666,0.0
41,100,VeraDM-prior,4,3,1,1.0,0.25
42,100,Exhaustive-Expanded,3,3,0,1.0,0.0
42,100,Random-25,0,0,0,0.0,0.0
42,100,VeraDM-prior,5,3,2,1.0,0.4
43,100,Exhaustive-Expanded,2,2,0,0.6666666666666666,0.0
43,100,Random-25,0,0,0,0.0,0.0
43,100,VeraDM-prior,3,2,1,0.6666666666666666,0.3333333333333333
44,100,Exhaustive-Expanded,3,3,0,1.0,0.0
44,100,Random-25,1,1,0,0.3333333333333333,0.0
44,100,VeraDM-prior,2,2,0,0.6666666666666666,0.0
45,100,Exhaustive-Expanded,3,3,0,1.0,0.0
45,100,Random-25,0,0,0,0.0,0.0
45,100,VeraDM-prior,2,2,0,0.6666666666666666,0.0
46,100,Exhaustive-Expanded,3,3,0,1.0,0.0
46,100,Random-25,2,0,2,0.0,1.0
46,100,VeraDM-prior,5,3,2,1.0,0.4
47,100,Exhaustive-Expanded,3,3,0,1.0,0.0
47,100,Random-25,0,0,0,0.0,0.0
47,100,VeraDM-prior,2,2,0,0.6666666666666666,0.0
48,100,Exhaustive-Expanded,3,3,0,1.0,0.0
48,100,Random-25,1,1,0,0.3333333333333333,0.0
48,100,VeraDM-prior,3,2,1,0.6666666666666666,0.3333333333333333
49,100,Exhaustive-Expanded,4,3,1,1.0,0.25
49,100,Random-25,1,1,0,0.3333333333333333,0.0
49,100,VeraDM-prior,2,2,0,0.6666666666666666,0.0
50,100,Exhaustive-Expanded,3,2,1,0.6666666666666666,0.3333333333333333
50,100,Random-25,1,1,0,0.3333333333333333,0.0
50,100,VeraDM-prior,2,2,0,0.6666666666666666,0.0
51,100,Exhaustive-Expanded,3,3,0,1.0,0.0
51,100,Random-25,1,1,0,0.3333333333333333,0.0
51,100,VeraDM-prior,4,3,1,1.0,0.25
52,100,Exhaustive-Expanded,3,3,0,1.0,0.0
52,100,Random-25,0,0,0,0.0,0.0
52,100,VeraDM-prior,2,2,0,0.6666666666666666,0.0
53,100,Exhaustive-Expanded,4,3,1,1.0,0.25
53,100,Random-25,2,1,1,0.3333333333333333,0.5
53,100,VeraDM-prior,2,2,0,0.6666666666666666,0.0
54,100,Exhaustive-Expanded,4,3,1,1.0,0.25
54,100,Random-25,0,0,0,0.0,0.0
54,100,VeraDM-prior,1,1,0,0.3333333333333333,0.0
55,100,Exhaustive-Expanded,3,2,1,0.6666666666666666,0.3333333333333333
55,100,Random-25,1,1,0,0.3333333333333333,0.0
55,100,VeraDM-prior,2,2,0,0.6666666666666666,0.0
56,100,Exhaustive-Expanded,5,3,2,1.0,0.4
56,100,Random-25,1,1,0,0.3333333333333333,0.0
56,100,VeraDM-prior,3,3,0,1.0,0.0
57,100,Exhaustive-Expanded,4,3,1,1.0,0.25
57,100,Random-25,0,0,0,0.0,0.0
57,100,VeraDM-prior,3,3,0,1.0,0.0
58,100,Exhaustive-Expanded,4,3,1,1.0,0.25
58,100,Random-25,1,1,0,0.3333333333333333,0.0
58,100,VeraDM-prior,2,2,0,0.6666666666666666,0.0
59,100,Exhaustive-Expanded,3,3,0,1.0,0.0
59,100,Random-25,1,1,0,0.3333333333333333,0.0
59,100,VeraDM-prior,2,2,0,0.6666666666666666,0.0
60,100,Exhaustive-Expanded,5,3,2,1.0,0.4
60,100,Random-25,0,0,0,0.0,0.0
60,100,VeraDM-prior,2,2,0,0.6666666666666666,0.0
61,100,Exhaustive-Expanded,2,2,0,0.6666666666666666,0.0
61,100,Random-25,0,0,0,0.0,0.0
61,100,VeraDM-prior,3,3,0,1.0,0.0
62,100,Exhaustive-Expanded,4,3,1,1.0,0.25
62,100,Random-25,1,1,0,0.3333333333333333,0.0
62,100,VeraDM-prior,2,2,0,0.6666666666666666,0.0
63,100,Exhaustive-Expanded,3,3,0,1.0,0.0
63,100,Random-25,0,0,0,0.0,0.0
63,100,VeraDM-prior,2,2,0,0.6666666666666666,0.0
64,100,Exhaustive-Expanded,3,3,0,1.0,0.0
64,100,Random-25,0,0,0,0.0,0.0
64,100,VeraDM-prior,4,3,1,1.0,0.25
65,100,Exhaustive-Expanded,3,3,0,1.0,0.0
65,100,Random-25,0,0,0,0.0,0.0
65,100,VeraDM-prior,3,3,0,1.0,0.0
66,100,Exhaustive-Expanded,2,2,0,0.6666666666666666,0.0
66,100,Random-25,1,1,0,0.3333333333333333,0.0
66,100,VeraDM-prior,2,2,0,0.6666666666666666,0.0
67,100,Exhaustive-Expanded,3,3,0,1.0,0.0
67,100,Random-25,1,0,1,0.0,1.0
67,100,VeraDM-prior,3,3,0,1.0,0.0
68,100,Exhaustive-Expanded,5,3,2,1.0,0.4
68,100,Random-25,1,1,0,0.3333333333333333,0.0
68,100,VeraDM-prior,4,3,1,1.0,0.25
69,100,Exhaustive-Expanded,4,3,1,1.0,0.25
69,100,Random-25,0,0,0,0.0,0.0
69,100,VeraDM-prior,1,1,0,0.3333333333333333,0.0
70,100,Exhaustive-Expanded,3,3,0,1.0,0.0
70,100,Random-25,3,1,2,0.3333333333333333,0.6666666666666666
70,100,VeraDM-prior,4,3,1,1.0,0.25
71,100,Exhaustive-Expanded,3,3,0,1.0,0.0
71,100,Random-25,0,0,0,0.0,0.0
71,100,VeraDM-prior,2,2,0,0.6666666666666666,0.0
72,100,Exhaustive-Expanded,3,3,0,1.0,0.0
72,100,Random-25,2,2,0,0.6666666666666666,0.0
72,100,VeraDM-prior,2,2,0,0.6666666666666666,0.0
73,100,Exhaustive-Expanded,3,3,0,1.0,0.0
73,100,Random-25,1,0,1,0.0,1.0
73,100,VeraDM-prior,2,2,0,0.6666666666666666,0.0
74,100,Exhaustive-Expanded,3,3,0,1.0,0.0
74,100,Random-25,0,0,0,0.0,0.0
74,100,VeraDM-prior,2,2,0,0.6666666666666666,0.0
75,100,Exhaustive-Expanded,3,3,0,1.0,0.0
75,100,Random-25,3,3,0,1.0,0.0
75,100,VeraDM-prior,2,2,0,0.6666666666666666,0.0
76,100,Exhaustive-Expanded,3,2,1,0.6666666666666666,0.3333333333333333
76,100,Random-25,1,1,0,0.3333333333333333,0.0
76,100,VeraDM-prior,3,2,1,0.6666666666666666,0.3333333333333333
77,100,Exhaustive-Expanded,2,2,0,0.6666666666666666,0.0
77,100,Random-25,1,1,0,0.3333333333333333,0.0
77,100,VeraDM-prior,2,2,0,0.6666666666666666,0.0
78,100,Exhaustive-Expanded,4,3,1,1.0,0.25
78,100,Random-25,0,0,0,0.0,0.0
78,100,VeraDM-prior,3,2,1,0.6666666666666666,0.3333333333333333
79,100,Exhaustive-Expanded,9,3,6,1.0,0.6666666666666666
79,100,Random-25,0,0,0,0.0,0.0
79,100,VeraDM-prior,2,2,0,0.6666666666666666,0.0
80,100,Exhaustive-Expanded,2,2,0,0.6666666666666666,0.0
80,100,Random-25,2,2,0,0.6666666666666666,0.0
80,100,VeraDM-prior,3,3,0,1.0,0.0
81,100,Exhaustive-Expanded,4,3,1,1.0,0.25
81,100,Random-25,0,0,0,0.0,0.0
81,100,VeraDM-prior,3,3,0,1.0,0.0
82,100,Exhaustive-Expanded,3,3,0,1.0,0.0
82,100,Random-25,2,2,0,0.6666666666666666,0.0
82,100,VeraDM-prior,2,2,0,0.6666666666666666,0.0
83,100,Exhaustive-Expanded,3,3,0,1.0,0.0
83,100,Random-25,2,1,1,0.3333333333333333,0.5
83,100,VeraDM-prior,1,1,0,0.3333333333333333,0.0
84,100,Exhaustive-Expanded,3,3,0,1.0,0.0
84,100,Random-25,0,0,0,0.0,0.0
84,100,VeraDM-prior,3,3,0,1.0,0.0
85,100,Exhaustive-Expanded,2,2,0,0.6666666666666666,0.0
85,100,Random-25,2,1,1,0.3333333333333333,0.5
85,100,VeraDM-prior,3,3,0,1.0,0.0
86,100,Exhaustive-Expanded,4,3,1,1.0,0.25
86,100,Random-25,2,2,0,0.6666666666666666,0.0
86,100,VeraDM-prior,4,3,1,1.0,0.25
87,100,Exhaustive-Expanded,3,3,0,1.0,0.0
87,100,Random-25,1,1,0,0.3333333333333333,0.0
87,100,VeraDM-prior,4,3,1,1.0,0.25
88,100,Exhaustive-Expanded,3,3,0,1.0,0.0
88,100,Random-25,1,1,0,0.3333333333333333,0.0
88,100,VeraDM-prior,2,2,0,0.6666666666666666,0.0
89,100,Exhaustive-Expanded,2,2,0,0.6666666666666666,0.0
89,100,Random-25,1,1,0,0.3333333333333333,0.0
89,100,VeraDM-prior,4,3,1,1.0,0.25
90,100,Exhaustive-Expanded,5,3,2,1.0,0.4
90,100,Random-25,0,0,0,0.0,0.0
90,100,VeraDM-prior,3,3,0,1.0,0.0
91,100,Exhaustive-Expanded,3,3,0,1.0,0.0
91,100,Random-25,2,2,0,0.6666666666666666,0.0
91,100,VeraDM-prior,1,1,0,0.3333333333333333,0.0
92,100,Exhaustive-Expanded,3,3,0,1.0,0.0
92,100,Random-25,0,0,0,0.0,0.0
92,100,VeraDM-prior,2,2,0,0.6666666666666666,0.0
93,100,Exhaustive-Expanded,3,3,0,1.0,0.0
93,100,Random-25,1,1,0,0.3333333333333333,0.0
93,100,VeraDM-prior,1,1,0,0.3333333333333333,0.0
94,100,Exhaustive-Expanded,3,3,0,1.0,0.0
94,100,Random-25,3,1,2,0.3333333333333333,0.6666666666666666
94,100,VeraDM-prior,3,3,0,1.0,0.0
95,100,Exhaustive-Expanded,4,3,1,1.0,0.25
95,100,Random-25,0,0,0,0.0,0.0
95,100,VeraDM-prior,3,3,0,1.0,0.0
96,100,Exhaustive-Expanded,3,3,0,1.0,0.0
96,100,Random-25,1,1,0,0.3333333333333333,0.0
96,100,VeraDM-prior,2,2,0,0.6666666666666666,0.0
97,100,Exhaustive-Expanded,3,3,0,1.0,0.0
97,100,Random-25,1,1,0,0.3333333333333333,0.0
97,100,VeraDM-prior,3,2,1,0.6666666666666666,0.3333333333333333
98,100,Exhaustive-Expanded,4,3,1,1.0,0.25
98,100,Random-25,0,0,0,0.0,0.0
98,100,VeraDM-prior,3,2,1,0.6666666666666666,0.3333333333333333
99,100,Exhaustive-Expanded,3,3,0,1.0,0.0
99,100,Random-25,0,0,0,0.0,0.0
99,100,VeraDM-prior,3,2,1,0.6666666666666666,0.3333333333333333
100,100,Exhaustive-Expanded,3,3,0,1.0,0.0
100,100,Random-25,0,0,0,0.0,0.0
100,100,VeraDM-prior,4,3,1,1.0,0.25
101,100,Exhaustive-Expanded,4,3,1,1.0,0.25
101,100,Random-25,2,1,1,0.3333333333333333,0.5
101,100,VeraDM-prior,4,3,1,1.0,0.25
102,100,Exhaustive-Expanded,3,3,0,1.0,0.0
102,100,Random-25,1,1,0,0.3333333333333333,0.0
102,100,VeraDM-prior,3,3,0,1.0,0.0
103,100,Exhaustive-Expanded,3,2,1,0.6666666666666666,0.3333333333333333
103,100,Random-25,1,1,0,0.3333333333333333,0.0
103,100,VeraDM-prior,3,3,0,1.0,0.0
104,100,Exhaustive-Expanded,4,3,1,1.0,0.25
104,100,Random-25,0,0,0,0.0,0.0
104,100,VeraDM-prior,3,3,0,1.0,0.0
105,100,Exhaustive-Expanded,2,2,0,0.6666666666666666,0.0
105,100,Random-25,1,1,0,0.3333333333333333,0.0
105,100,VeraDM-prior,2,2,0,0.6666666666666666,0.0
106,100,Exhaustive-Expanded,3,3,0,1.0,0.0
106,100,Random-25,0,0,0,0.0,0.0
106,100,VeraDM-prior,4,3,1,1.0,0.25
107,100,Exhaustive-Expanded,3,3,0,1.0,0.0
107,100,Random-25,1,1,0,0.3333333333333333,0.0
107,100,VeraDM-prior,3,3,0,1.0,0.0
108,100,Exhaustive-Expanded,3,3,0,1.0,0.0
108,100,Random-25,0,0,0,0.0,0.0
108,100,VeraDM-prior,2,2,0,0.6666666666666666,0.0
109,100,Exhaustive-Expanded,3,3,0,1.0,0.0
109,100,Random-25,0,0,0,0.0,0.0
109,100,VeraDM-prior,3,3,0,1.0,0.0
110,100,Exhaustive-Expanded,3,3,0,1.0,0.0
110,100,Random-25,0,0,0,0.0,0.0
110,100,VeraDM-prior,3,3,0,1.0,0.0
111,100,Exhaustive-Expanded,2,2,0,0.6666666666666666,0.0
111,100,Random-25,1,1,0,0.3333333333333333,0.0
111,100,VeraDM-prior,3,3,0,1.0,0.0
112,100,Exhaustive-Expanded,4,3,1,1.0,0.25
112,100,Random-25,0,0,0,0.0,0.0
112,100,VeraDM-prior,3,3,0,1.0,0.0
113,100,Exhaustive-Expanded,3,3,0,1.0,0.0
113,100,Random-25,0,0,0,0.0,0.0
113,100,VeraDM-prior,2,2,0,0.6666666666666666,0.0
114,100,Exhaustive-Expanded,5,3,2,1.0,0.4
114,100,Random-25,1,1,0,0.3333333333333333,0.0
114,100,VeraDM-prior,2,2,0,0.6666666666666666,0.0
115,100,Exhaustive-Expanded,4,3,1,1.0,0.25
115,100,Random-25,2,1,1,0.3333333333333333,0.5
115,100,VeraDM-prior,3,3,0,1.0,0.0
116,100,Exhaustive-Expanded,2,2,0,0.6666666666666666,0.0
116,100,Random-25,0,0,0,0.0,0.0
116,100,VeraDM-prior,3,3,0,1.0,0.0
117,100,Exhaustive-Expanded,5,3,2,1.0,0.4
117,100,Random-25,1,1,0,0.3333333333333333,0.0
117,100,VeraDM-prior,4,3,1,1.0,0.25
118,100,Exhaustive-Expanded,3,3,0,1.0,0.0
118,100,Random-25,1,1,0,0.3333333333333333,0.0
118,100,VeraDM-prior,3,3,0,1.0,0.0
119,100,Exhaustive-Expanded,3,3,0,1.0,0.0
119,100,Random-25,0,0,0,0.0,0.0
119,100,VeraDM-prior,3,2,1,0.6666666666666666,0.3333333333333333
120,100,Exhaustive-Expanded,3,3,0,1.0,0.0
120,100,Random-25,0,0,0,0.0,0.0
120,100,VeraDM-prior,1,1,0,0.3333333333333333,0.0
121,100,Exhaustive-Expanded,3,3,0,1.0,0.0
121,100,Random-25,2,2,0,0.6666666666666666,0.0
121,100,VeraDM-prior,4,3,1,1.0,0.25
122,100,Exhaustive-Expanded,5,3,2,1.0,0.4
122,100,Random-25,1,1,0,0.3333333333333333,0.0
122,100,VeraDM-prior,2,2,0,0.6666666666666666,0.0
123,100,Exhaustive-Expanded,5,3,2,1.0,0.4
123,100,Random-25,1,1,0,0.3333333333333333,0.0
123,100,VeraDM-prior,3,2,1,0.6666666666666666,0.3333333333333333
124,100,Exhaustive-Expanded,5,3,2,1.0,0.4
124,100,Random-25,0,0,0,0.0,0.0
124,100,VeraDM-prior,7,3,4,1.0,0.5714285714285714
125,100,Exhaustive-Expanded,3,3,0,1.0,0.0
125,100,Random-25,2,2,0,0.6666666666666666,0.0
125,100,VeraDM-prior,1,1,0,0.3333333333333333,0.0
126,100,Exhaustive-Expanded,4,3,1,1.0,0.25
126,100,Random-25,2,2,0,0.6666666666666666,0.0
126,100,VeraDM-prior,2,2,0,0.6666666666666666,0.0
127,100,Exhaustive-Expanded,3,3,0,1.0,0.0
127,100,Random-25,1,1,0,0.3333333333333333,0.0
127,100,VeraDM-prior,3,3,0,1.0,0.0
128,100,Exhaustive-Expanded,3,3,0,1.0,0.0
128,100,Random-25,2,2,0,0.6666666666666666,0.0
128,100,VeraDM-prior,2,2,0,0.6666666666666666,0.0
129,100,Exhaustive-Expanded,3,3,0,1.0,0.0
129,100,Random-25,0,0,0,0.0,0.0
129,100,VeraDM-prior,3,2,1,0.6666666666666666,0.3333333333333333
130,100,Exhaustive-Expanded,4,3,1,1.0,0.25
130,100,Random-25,1,1,0,0.3333333333333333,0.0
130,100,VeraDM-prior,1,1,0,0.3333333333333333,0.0
131,100,Exhaustive-Expanded,3,3,0,1.0,0.0
131,100,Random-25,0,0,0,0.0,0.0
131,100,VeraDM-prior,2,2,0,0.6666666666666666,0.0
132,100,Exhaustive-Expanded,2,2,0,0.6666666666666666,0.0
132,100,Random-25,0,0,0,0.0,0.0
132,100,VeraDM-prior,2,2,0,0.6666666666666666,0.0
133,100,Exhaustive-Expanded,3,3,0,1.0,0.0
133,100,Random-25,1,1,0,0.3333333333333333,0.0
133,100,VeraDM-prior,2,2,0,0.6666666666666666,0.0
134,100,Exhaustive-Expanded,3,3,0,1.0,0.0
134,100,Random-25,1,0,1,0.0,1.0
134,100,VeraDM-prior,4,3,1,1.0,0.25
135,100,Exhaustive-Expanded,3,3,0,1.0,0.0
135,100,Random-25,0,0,0,0.0,0.0
135,100,VeraDM-prior,4,3,1,1.0,0.25
136,100,Exhaustive-Expanded,3,3,0,1.0,0.0
136,100,Random-25,1,1,0,0.3333333333333333,0.0
136,100,VeraDM-prior,3,3,0,1.0,0.0
137,100,Exhaustive-Expanded,3,3,0,1.0,0.0
137,100,Random-25,0,0,0,0.0,0.0
137,100,VeraDM-prior,4,3,1,1.0,0.25
138,100,Exhaustive-Expanded,4,3,1,1.0,0.25
138,100,Random-25,1,1,0,0.3333333333333333,0.0
138,100,VeraDM-prior,3,3,0,1.0,0.0
139,100,Exhaustive-Expanded,3,3,0,1.0,0.0
139,100,Random-25,1,1,0,0.3333333333333333,0.0
139,100,VeraDM-prior,4,3,1,1.0,0.25
140,100,Exhaustive-Expanded,4,3,1,1.0,0.25
140,100,Random-25,0,0,0,0.0,0.0
140,100,VeraDM-prior,6,3,3,1.0,0.5
141,100,Exhaustive-Expanded,4,3,1,1.0,0.25
141,100,Random-25,0,0,0,0.0,0.0
141,100,VeraDM-prior,2,2,0,0.6666666666666666,0.0
142,100,Exhaustive-Expanded,4,3,1,1.0,0.25
142,100,Random-25,1,1,0,0.3333333333333333,0.0
142,100,VeraDM-prior,2,2,0,0.6666666666666666,0.0
143,100,Exhaustive-Expanded,3,3,0,1.0,0.0
143,100,Random-25,0,0,0,0.0,0.0
143,100,VeraDM-prior,3,3,0,1.0,0.0
144,100,Exhaustive-Expanded,2,2,0,0.6666666666666666,0.0
144,100,Random-25,2,2,0,0.6666666666666666,0.0
144,100,VeraDM-prior,3,3,0,1.0,0.0
145,100,Exhaustive-Expanded,3,3,0,1.0,0.0
145,100,Random-25,2,1,1,0.3333333333333333,0.5
145,100,VeraDM-prior,2,2,0,0.6666666666666666,0.0
146,100,Exhaustive-Expanded,3,3,0,1.0,0.0
146,100,Random-25,0,0,0,0.0,0.0
146,100,VeraDM-prior,4,3,1,1.0,0.25
147,100,Exhaustive-Expanded,3,3,0,1.0,0.0
147,100,Random-25,1,1,0,0.3333333333333333,0.0
147,100,VeraDM-prior,4,3,1,1.0,0.25
148,100,Exhaustive-Expanded,3,3,0,1.0,0.0
148,100,Random-25,1,1,0,0.3333333333333333,0.0
148,100,VeraDM-prior,3,3,0,1.0,0.0
149,100,Exhaustive-Expanded,5,3,2,1.0,0.4
149,100,Random-25,1,1,0,0.3333333333333333,0.0
149,100,VeraDM-prior,3,3,0,1.0,0.0
150,100,Exhaustive-Expanded,3,3,0,1.0,0.0
150,100,Random-25,1,1,0,0.3333333333333333,0.0
150,100,VeraDM-prior,3,2,1,0.6666666666666666,0.3333333333333333
151,100,Exhaustive-Expanded,3,3,0,1.0,0.0
151,100,Random-25,1,1,0,0.3333333333333333,0.0
151,100,VeraDM-prior,3,3,0,1.0,0.0
152,100,Exhaustive-Expanded,4,3,1,1.0,0.25
152,100,Random-25,1,1,0,0.3333333333333333,0.0
152,100,VeraDM-prior,3,3,0,1.0,0.0
153,100,Exhaustive-Expanded,3,3,0,1.0,0.0
153,100,Random-25,0,0,0,0.0,0.0
153,100,VeraDM-prior,3,3,0,1.0,0.0
154,100,Exhaustive-Expanded,2,2,0,0.6666666666666666,0.0
154,100,Random-25,2,2,0,0.6666666666666666,0.0
154,100,VeraDM-prior,4,3,1,1.0,0.25
155,100,Exhaustive-Expanded,2,2,0,0.6666666666666666,0.0
155,100,Random-25,3,2,1,0.6666666666666666,0.3333333333333333
155,100,VeraDM-prior,2,2,0,0.6666666666666666,0.0
156,100,Exhaustive-Expanded,2,2,0,0.6666666666666666,0.0
156,100,Random-25,0,0,0,0.0,0.0
156,100,VeraDM-prior,3,3,0,1.0,0.0
157,100,Exhaustive-Expanded,3,3,0,1.0,0.0
157,100,Random-25,2,2,0,0.6666666666666666,0.0
157,100,VeraDM-prior,3,3,0,1.0,0.0
158,100,Exhaustive-Expanded,3,3,0,1.0,0.0
158,100,Random-25,1,1,0,0.3333333333333333,0.0
158,100,VeraDM-prior,2,2,0,0.6666666666666666,0.0
159,100,Exhaustive-Expanded,3,3,0,1.0,0.0
159,100,Random-25,1,1,0,0.3333333333333333,0.0
159,100,VeraDM-prior,3,3,0,1.0,0.0
160,100,Exhaustive-Expanded,2,2,0,0.6666666666666666,0.0
160,100,Random-25,0,0,0,0.0,0.0
160,100,VeraDM-prior,1,1,0,0.3333333333333333,0.0
161,100,Exhaustive-Expanded,3,3,0,1.0,0.0
161,100,Random-25,1,1,0,0.3333333333333333,0.0
161,100,VeraDM-prior,2,2,0,0.6666666666666666,0.0
162,100,Exhaustive-Expanded,3,3,0,1.0,0.0
162,100,Random-25,0,0,0,0.0,0.0
162,100,VeraDM-prior,4,3,1,1.0,0.25
163,100,Exhaustive-Expanded,3,3,0,1.0,0.0
163,100,Random-25,1,1,0,0.3333333333333333,0.0
163,100,VeraDM-prior,5,3,2,1.0,0.4
164,100,Exhaustive-Expanded,3,3,0,1.0,0.0
164,100,Random-25,0,0,0,0.0,0.0
164,100,VeraDM-prior,3,3,0,1.0,0.0
165,100,Exhaustive-Expanded,3,3,0,1.0,0.0
165,100,Random-25,1,1,0,0.3333333333333333,0.0
165,100,VeraDM-prior,4,1,3,0.3333333333333333,0.75
166,100,Exhaustive-Expanded,4,3,1,1.0,0.25
166,100,Random-25,1,1,0,0.3333333333333333,0.0
166,100,VeraDM-prior,2,2,0,0.6666666666666666,0.0
167,100,Exhaustive-Expanded,3,3,0,1.0,0.0
167,100,Random-25,0,0,0,0.0,0.0
167,100,VeraDM-prior,2,2,0,0.6666666666666666,0.0
168,100,Exhaustive-Expanded,3,3,0,1.0,0.0
168,100,Random-25,1,1,0,0.3333333333333333,0.0
168,100,VeraDM-prior,4,3,1,1.0,0.25
169,100,Exhaustive-Expanded,3,3,0,1.0,0.0
169,100,Random-25,3,2,1,0.6666666666666666,0.3333333333333333
169,100,VeraDM-prior,3,3,0,1.0,0.0
170,100,Exhaustive-Expanded,4,3,1,1.0,0.25
170,100,Random-25,1,1,0,0.3333333333333333,0.0
170,100,VeraDM-prior,4,2,2,0.6666666666666666,0.5
171,100,Exhaustive-Expanded,3,3,0,1.0,0.0
171,100,Random-25,0,0,0,0.0,0.0
171,100,VeraDM-prior,2,2,0,0.6666666666666666,0.0
172,100,Exhaustive-Expanded,4,3,1,1.0,0.25
172,100,Random-25,0,0,0,0.0,0.0
172,100,VeraDM-prior,3,3,0,1.0,0.0
173,100,Exhaustive-Expanded,3,3,0,1.0,0.0
173,100,Random-25,1,1,0,0.3333333333333333,0.0
173,100,VeraDM-prior,4,3,1,1.0,0.25
174,100,Exhaustive-Expanded,3,3,0,1.0,0.0
174,100,Random-25,1,1,0,0.3333333333333333,0.0
174,100,VeraDM-prior,3,3,0,1.0,0.0
175,100,Exhaustive-Expanded,3,3,0,1.0,0.0
175,100,Random-25,3,2,1,0.6666666666666666,0.3333333333333333
175,100,VeraDM-prior,3,2,1,0.6666666666666666,0.3333333333333333
176,100,Exhaustive-Expanded,3,3,0,1.0,0.0
176,100,Random-25,1,1,0,0.3333333333333333,0.0
176,100,VeraDM-prior,2,2,0,0.6666666666666666,0.0
177,100,Exhaustive-Expanded,4,3,1,1.0,0.25
177,100,Random-25,0,0,0,0.0,0.0
177,100,VeraDM-prior,3,3,0,1.0,0.0
178,100,Exhaustive-Expanded,2,2,0,0.6666666666666666,0.0
178,100,Random-25,2,2,0,0.6666666666666666,0.0
178,100,VeraDM-prior,2,2,0,0.6666666666666666,0.0
179,100,Exhaustive-Expanded,3,3,0,1.0,0.0
179,100,Random-25,2,2,0,0.6666666666666666,0.0
179,100,VeraDM-prior,3,3,0,1.0,0.0
180,100,Exhaustive-Expanded,3,3,0,1.0,0.0
180,100,Random-25,1,1,0,0.3333333333333333,0.0
180,100,VeraDM-prior,3,1,2,0.3333333333333333,0.6666666666666666
181,100,Exhaustive-Expanded,3,3,0,1.0,0.0
181,100,Random-25,0,0,0,0.0,0.0
181,100,VeraDM-prior,1,1,0,0.3333333333333333,0.0
182,100,Exhaustive-Expanded,2,2,0,0.6666666666666666,0.0
182,100,Random-25,0,0,0,0.0,0.0
182,100,VeraDM-prior,0,0,0,0.0,0.0
183,100,Exhaustive-Expanded,3,3,0,1.0,0.0
183,100,Random-25,0,0,0,0.0,0.0
183,100,VeraDM-prior,3,3,0,1.0,0.0
184,100,Exhaustive-Expanded,3,3,0,1.0,0.0
184,100,Random-25,1,1,0,0.3333333333333333,0.0
184,100,VeraDM-prior,3,3,0,1.0,0.0
185,100,Exhaustive-Expanded,3,3,0,1.0,0.0
185,100,Random-25,1,1,0,0.3333333333333333,0.0
185,100,VeraDM-prior,3,3,0,1.0,0.0
186,100,Exhaustive-Expanded,3,3,0,1.0,0.0
186,100,Random-25,0,0,0,0.0,0.0
186,100,VeraDM-prior,2,2,0,0.6666666666666666,0.0
187,100,Exhaustive-Expanded,3,3,0,1.0,0.0
187,100,Random-25,0,0,0,0.0,0.0
187,100,VeraDM-prior,2,2,0,0.6666666666666666,0.0
188,100,Exhaustive-Expanded,2,2,0,0.6666666666666666,0.0
188,100,Random-25,0,0,0,0.0,0.0
188,100,VeraDM-prior,5,3,2,1.0,0.4
189,100,Exhaustive-Expanded,3,3,0,1.0,0.0
189,100,Random-25,0,0,0,0.0,0.0
189,100,VeraDM-prior,3,3,0,1.0,0.0
190,100,Exhaustive-Expanded,4,3,1,1.0,0.25
190,100,Random-25,2,1,1,0.3333333333333333,0.5
190,100,VeraDM-prior,2,2,0,0.6666666666666666,0.0
191,100,Exhaustive-Expanded,2,2,0,0.6666666666666666,0.0
191,100,Random-25,0,0,0,0.0,0.0
191,100,VeraDM-prior,2,2,0,0.6666666666666666,0.0
192,100,Exhaustive-Expanded,3,3,0,1.0,0.0
192,100,Random-25,3,2,1,0.6666666666666666,0.3333333333333333
192,100,VeraDM-prior,1,1,0,0.3333333333333333,0.0
193,100,Exhaustive-Expanded,4,3,1,1.0,0.25
193,100,Random-25,0,0,0,0.0,0.0
193,100,VeraDM-prior,3,3,0,1.0,0.0
194,100,Exhaustive-Expanded,5,3,2,1.0,0.4
194,100,Random-25,1,1,0,0.3333333333333333,0.0
194,100,VeraDM-prior,5,2,3,0.6666666666666666,0.6
195,100,Exhaustive-Expanded,3,3,0,1.0,0.0
195,100,Random-25,1,1,0,0.3333333333333333,0.0
195,100,VeraDM-prior,3,2,1,0.6666666666666666,0.3333333333333333
196,100,Exhaustive-Expanded,3,3,0,1.0,0.0
196,100,Random-25,0,0,0,0.0,0.0
196,100,VeraDM-prior,3,3,0,1.0,0.0
197,100,Exhaustive-Expanded,3,3,0,1.0,0.0
197,100,Random-25,0,0,0,0.0,0.0
197,100,VeraDM-prior,4,3,1,1.0,0.25
198,100,Exhaustive-Expanded,3,3,0,1.0,0.0
198,100,Random-25,1,1,0,0.3333333333333333,0.0
198,100,VeraDM-prior,3,3,0,1.0,0.0
199,100,Exhaustive-Expanded,3,3,0,1.0,0.0
199,100,Random-25,1,0,1,0.0,1.0
199,100,VeraDM-prior,3,2,1,0.6666666666666666,0.3333333333333333
200,100,Exhaustive-Expanded,4,3,1,1.0,0.25
200,100,Random-25,1,1,0,0.3333333333333333,0.0
200,100,VeraDM-prior,3,3,0,1.0,0.0
201,100,Exhaustive-Expanded,3,3,0,1.0,0.0
201,100,Random-25,1,1,0,0.3333333333333333,0.0
201,100,VeraDM-prior,3,3,0,1.0,0.0
202,100,Exhaustive-Expanded,3,3,0,1.0,0.0
202,100,Random-25,2,2,0,0.6666666666666666,0.0
202,100,VeraDM-prior,3,3,0,1.0,0.0
203,100,Exhaustive-Expanded,3,3,0,1.0,0.0
203,100,Random-25,2,1,1,0.3333333333333333,0.5
203,100,VeraDM-prior,3,3,0,1.0,0.0
204,100,Exhaustive-Expanded,3,3,0,1.0,0.0
204,100,Random-25,4,0,4,0.0,1.0
204,100,VeraDM-prior,4,3,1,1.0,0.25
205,100,Exhaustive-Expanded,4,3,1,1.0,0.25
205,100,Random-25,0,0,0,0.0,0.0
205,100,VeraDM-prior,2,2,0,0.6666666666666666,0.0
206,100,Exhaustive-Expanded,3,3,0,1.0,0.0
206,100,Random-25,0,0,0,0.0,0.0
206,100,VeraDM-prior,3,3,0,1.0,0.0
207,100,Exhaustive-Expanded,3,3,0,1.0,0.0
207,100,Random-25,0,0,0,0.0,0.0
207,100,VeraDM-prior,3,2,1,0.6666666666666666,0.3333333333333333
208,100,Exhaustive-Expanded,2,2,0,0.6666666666666666,0.0
208,100,Random-25,0,0,0,0.0,0.0
208,100,VeraDM-prior,1,1,0,0.3333333333333333,0.0
209,100,Exhaustive-Expanded,2,2,0,0.6666666666666666,0.0
209,100,Random-25,1,1,0,0.3333333333333333,0.0
209,100,VeraDM-prior,3,3,0,1.0,0.0
210,100,Exhaustive-Expanded,3,3,0,1.0,0.0
210,100,Random-25,1,1,0,0.3333333333333333,0.0
210,100,VeraDM-prior,3,3,0,1.0,0.0
211,100,Exhaustive-Expanded,3,3,0,1.0,0.0
211,100,Random-25,1,1,0,0.3333333333333333,0.0
211,100,VeraDM-prior,2,2,0,0.6666666666666666,0.0
212,100,Exhaustive-Expanded,3,3,0,1.0,0.0
212,100,Random-25,2,2,0,0.6666666666666666,0.0
212,100,VeraDM-prior,4,2,2,0.6666666666666666,0.5
213,100,Exhaustive-Expanded,3,3,0,1.0,0.0
213,100,Random-25,0,0,0,0.0,0.0
213,100,VeraDM-prior,3,3,0,1.0,0.0
214,100,Exhaustive-Expanded,3,3,0,1.0,0.0
214,100,Random-25,0,0,0,0.0,0.0
214,100,VeraDM-prior,3,3,0,1.0,0.0
215,100,Exhaustive-Expanded,3,3,0,1.0,0.0
215,100,Random-25,1,0,1,0.0,1.0
215,100,VeraDM-prior,2,2,0,0.6666666666666666,0.0
216,100,Exhaustive-Expanded,3,3,0,1.0,0.0
216,100,Random-25,0,0,0,0.0,0.0
216,100,VeraDM-prior,3,3,0,1.0,0.0
217,100,Exhaustive-Expanded,3,3,0,1.0,0.0
217,100,Random-25,1,1,0,0.3333333333333333,0.0
217,100,VeraDM-prior,2,2,0,0.6666666666666666,0.0
218,100,Exhaustive-Expanded,4,3,1,1.0,0.25
218,100,Random-25,2,2,0,0.6666666666666666,0.0
218,100,VeraDM-prior,3,3,0,1.0,0.0
219,100,Exhaustive-Expanded,3,3,0,1.0,0.0
219,100,Random-25,2,2,0,0.6666666666666666,0.0
219,100,VeraDM-prior,3,2,1,0.6666666666666666,0.3333333333333333
220,100,Exhaustive-Expanded,4,3,1,1.0,0.25
220,100,Random-25,2,1,1,0.3333333333333333,0.5
220,100,VeraDM-prior,2,2,0,0.6666666666666666,0.0
221,100,Exhaustive-Expanded,2,2,0,0.6666666666666666,0.0
221,100,Random-25,0,0,0,0.0,0.0
221,100,VeraDM-prior,2,2,0,0.6666666666666666,0.0
222,100,Exhaustive-Expanded,2,2,0,0.6666666666666666,0.0
222,100,Random-25,1,0,1,0.0,1.0
222,100,VeraDM-prior,2,2,0,0.6666666666666666,0.0
223,100,Exhaustive-Expanded,5,3,2,1.0,0.4
223,100,Random-25,2,2,0,0.6666666666666666,0.0
223,100,VeraDM-prior,4,3,1,1.0,0.25
224,100,Exhaustive-Expanded,3,3,0,1.0,0.0
224,100,Random-25,0,0,0,0.0,0.0
224,100,VeraDM-prior,3,3,0,1.0,0.0
225,100,Exhaustive-Expanded,3,3,0,1.0,0.0
225,100,Random-25,0,0,0,0.0,0.0
225,100,VeraDM-prior,3,3,0,1.0,0.0
226,100,Exhaustive-Expanded,4,3,1,1.0,0.25
226,100,Random-25,1,1,0,0.3333333333333333,0.0
226,100,VeraDM-prior,2,2,0,0.6666666666666666,0.0
227,100,Exhaustive-Expanded,3,3,0,1.0,0.0
227,100,Random-25,1,0,1,0.0,1.0
227,100,VeraDM-prior,4,3,1,1.0,0.25
228,100,Exhaustive-Expanded,5,3,2,1.0,0.4
228,100,Random-25,0,0,0,0.0,0.0
228,100,VeraDM-prior,4,3,1,1.0,0.25
229,100,Exhaustive-Expanded,3,3,0,1.0,0.0
229,100,Random-25,0,0,0,0.0,0.0
229,100,VeraDM-prior,3,3,0,1.0,0.0
230,100,Exhaustive-Expanded,3,3,0,1.0,0.0
230,100,Random-25,0,0,0,0.0,0.0
230,100,VeraDM-prior,3,3,0,1.0,0.0
231,100,Exhaustive-Expanded,3,3,0,1.0,0.0
231,100,Random-25,0,0,0,0.0,0.0
231,100,VeraDM-prior,3,3,0,1.0,0.0
232,100,Exhaustive-Expanded,3,3,0,1.0,0.0
232,100,Random-25,1,1,0,0.3333333333333333,0.0
232,100,VeraDM-prior,1,1,0,0.3333333333333333,0.0
233,100,Exhaustive-Expanded,3,3,0,1.0,0.0
233,100,Random-25,0,0,0,0.0,0.0
233,100,VeraDM-prior,2,2,0,0.6666666666666666,0.0
234,100,Exhaustive-Expanded,3,3,0,1.0,0.0
234,100,Random-25,1,0,1,0.0,1.0
234,100,VeraDM-prior,3,3,0,1.0,0.0
235,100,Exhaustive-Expanded,3,3,0,1.0,0.0
235,100,Random-25,0,0,0,0.0,0.0
235,100,VeraDM-prior,3,3,0,1.0,0.0
236,100,Exhaustive-Expanded,3,3,0,1.0,0.0
236,100,Random-25,1,1,0,0.3333333333333333,0.0
236,100,VeraDM-prior,2,2,0,0.6666666666666666,0.0
237,100,Exhaustive-Expanded,3,3,0,1.0,0.0
237,100,Random-25,2,1,1,0.3333333333333333,0.5
237,100,VeraDM-prior,3,3,0,1.0,0.0
238,100,Exhaustive-Expanded,3,3,0,1.0,0.0
238,100,Random-25,2,2,0,0.6666666666666666,0.0
238,100,VeraDM-prior,3,2,1,0.6666666666666666,0.3333333333333333
239,100,Exhaustive-Expanded,4,3,1,1.0,0.25
239,100,Random-25,1,1,0,0.3333333333333333,0.0
239,100,VeraDM-prior,2,2,0,0.6666666666666666,0.0
240,100,Exhaustive-Expanded,3,3,0,1.0,0.0
240,100,Random-25,1,1,0,0.3333333333333333,0.0
240,100,VeraDM-prior,2,2,0,0.6666666666666666,0.0
241,100,Exhaustive-Expanded,3,3,0,1.0,0.0
241,100,Random-25,3,2,1,0.6666666666666666,0.3333333333333333
241,100,VeraDM-prior,2,2,0,0.6666666666666666,0.0
242,100,Exhaustive-Expanded,3,3,0,1.0,0.0
242,100,Random-25,0,0,0,0.0,0.0
242,100,VeraDM-prior,3,3,0,1.0,0.0
243,100,Exhaustive-Expanded,1,1,0,0.3333333333333333,0.0
243,100,Random-25,2,1,1,0.3333333333333333,0.5
243,100,VeraDM-prior,2,2,0,0.6666666666666666,0.0
244,100,Exhaustive-Expanded,3,3,0,1.0,0.0
244,100,Random-25,1,0,1,0.0,1.0
244,100,VeraDM-prior,3,2,1,0.6666666666666666,0.3333333333333333
245,100,Exhaustive-Expanded,3,3,0,1.0,0.0
245,100,Random-25,0,0,0,0.0,0.0
245,100,VeraDM-prior,4,3,1,1.0,0.25
246,100,Exhaustive-Expanded,3,3,0,1.0,0.0
246,100,Random-25,1,1,0,0.3333333333333333,0.0
246,100,VeraDM-prior,1,1,0,0.3333333333333333,0.0
247,100,Exhaustive-Expanded,3,3,0,1.0,0.0
247,100,Random-25,2,2,0,0.6666666666666666,0.0
247,100,VeraDM-prior,3,3,0,1.0,0.0
248,100,Exhaustive-Expanded,3,3,0,1.0,0.0
248,100,Random-25,2,2,0,0.6666666666666666,0.0
248,100,VeraDM-prior,3,3,0,1.0,0.0
249,100,Exhaustive-Expanded,3,3,0,1.0,0.0
249,100,Random-25,0,0,0,0.0,0.0
249,100,VeraDM-prior,2,2,0,0.6666666666666666,0.0
250,100,Exhaustive-Expanded,3,3,0,1.0,0.0
250,100,Random-25,2,1,1,0.3333333333333333,0.5
250,100,VeraDM-prior,3,3,0,1.0,0.0
251,100,Exhaustive-Expanded,3,3,0,1.0,0.0
251,100,Random-25,0,0,0,0.0,0.0
251,100,VeraDM-prior,3,3,0,1.0,0.0
252,100,Exhaustive-Expanded,3,3,0,1.0,0.0
252,100,Random-25,2,1,1,0.3333333333333333,0.5
252,100,VeraDM-prior,5,3,2,1.0,0.4
253,100,Exhaustive-Expanded,6,3,3,1.0,0.5
253,100,Random-25,2,2,0,0.6666666666666666,0.0
253,100,VeraDM-prior,3,3,0,1.0,0.0
254,100,Exhaustive-Expanded,3,3,0,1.0,0.0
254,100,Random-25,2,1,1,0.3333333333333333,0.5
254,100,VeraDM-prior,2,2,0,0.6666666666666666,0.0
255,100,Exhaustive-Expanded,4,3,1,1.0,0.25
255,100,Random-25,0,0,0,0.0,0.0
255,100,VeraDM-prior,3,3,0,1.0,0.0
256,100,Exhaustive-Expanded,3,3,0,1.0,0.0
256,100,Random-25,0,0,0,0.0,0.0
256,100,VeraDM-prior,2,2,0,0.6666666666666666,0.0
257,100,Exhaustive-Expanded,5,3,2,1.0,0.4
257,100,Random-25,1,1,0,0.3333333333333333,0.0
257,100,VeraDM-prior,4,3,1,1.0,0.25
258,100,Exhaustive-Expanded,1,1,0,0.3333333333333333,0.0
258,100,Random-25,1,1,0,0.3333333333333333,0.0
258,100,VeraDM-prior,2,2,0,0.6666666666666666,0.0
259,100,Exhaustive-Expanded,2,2,0,0.6666666666666666,0.0
259,100,Random-25,1,1,0,0.3333333333333333,0.0
259,100,VeraDM-prior,4,3,1,1.0,0.25
260,100,Exhaustive-Expanded,3,3,0,1.0,0.0
260,100,Random-25,0,0,0,0.0,0.0
260,100,VeraDM-prior,2,2,0,0.6666666666666666,0.0
261,100,Exhaustive-Expanded,5,3,2,1.0,0.4
261,100,Random-25,2,2,0,0.6666666666666666,0.0
261,100,VeraDM-prior,2,2,0,0.6666666666666666,0.0
262,100,Exhaustive-Expanded,4,3,1,1.0,0.25
262,100,Random-25,2,1,1,0.3333333333333333,0.5
262,100,VeraDM-prior,2,2,0,0.6666666666666666,0.0
263,100,Exhaustive-Expanded,3,3,0,1.0,0.0
263,100,Random-25,1,1,0,0.3333333333333333,0.0
263,100,VeraDM-prior,2,2,0,0.6666666666666666,0.0
264,100,Exhaustive-Expanded,3,3,0,1.0,0.0
264,100,Random-25,1,1,0,0.3333333333333333,0.0
264,100,VeraDM-prior,3,3,0,1.0,0.0
265,100,Exhaustive-Expanded,2,2,0,0.6666666666666666,0.0
265,100,Random-25,1,1,0,0.3333333333333333,0.0
265,100,VeraDM-prior,4,3,1,1.0,0.25
266,100,Exhaustive-Expanded,2,2,0,0.6666666666666666,0.0
266,100,Random-25,0,0,0,0.0,0.0
266,100,VeraDM-prior,3,3,0,1.0,0.0
267,100,Exhaustive-Expanded,2,2,0,0.6666666666666666,0.0
267,100,Random-25,1,1,0,0.3333333333333333,0.0
267,100,VeraDM-prior,3,2,1,0.6666666666666666,0.3333333333333333
268,100,Exhaustive-Expanded,3,3,0,1.0,0.0
268,100,Random-25,0,0,0,0.0,0.0
268,100,VeraDM-prior,2,2,0,0.6666666666666666,0.0
269,100,Exhaustive-Expanded,3,3,0,1.0,0.0
269,100,Random-25,0,0,0,0.0,0.0
269,100,VeraDM-prior,4,3,1,1.0,0.25
270,100,Exhaustive-Expanded,2,2,0,0.6666666666666666,0.0
270,100,Random-25,0,0,0,0.0,0.0
270,100,VeraDM-prior,3,2,1,0.6666666666666666,0.3333333333333333
271,100,Exhaustive-Expanded,4,3,1,1.0,0.25
271,100,Random-25,0,0,0,0.0,0.0
271,100,VeraDM-prior,0,0,0,0.0,0.0
272,100,Exhaustive-Expanded,2,2,0,0.6666666666666666,0.0
272,100,Random-25,3,1,2,0.3333333333333333,0.6666666666666666
272,100,VeraDM-prior,1,1,0,0.3333333333333333,0.0
273,100,Exhaustive-Expanded,3,3,0,1.0,0.0
273,100,Random-25,1,1,0,0.3333333333333333,0.0
273,100,VeraDM-prior,3,2,1,0.6666666666666666,0.3333333333333333
274,100,Exhaustive-Expanded,4,3,1,1.0,0.25
274,100,Random-25,2,1,1,0.3333333333333333,0.5
274,100,VeraDM-prior,3,3,0,1.0,0.0
275,100,Exhaustive-Expanded,4,3,1,1.0,0.25
275,100,Random-25,4,2,2,0.6666666666666666,0.5
275,100,VeraDM-prior,3,3,0,1.0,0.0
276,100,Exhaustive-Expanded,3,3,0,1.0,0.0
276,100,Random-25,0,0,0,0.0,0.0
276,100,VeraDM-prior,4,3,1,1.0,0.25
277,100,Exhaustive-Expanded,3,3,0,1.0,0.0
277,100,Random-25,1,1,0,0.3333333333333333,0.0
277,100,VeraDM-prior,2,2,0,0.6666666666666666,0.0
278,100,Exhaustive-Expanded,4,2,2,0.6666666666666666,0.5
278,100,Random-25,0,0,0,0.0,0.0
278,100,VeraDM-prior,4,3,1,1.0,0.25
279,100,Exhaustive-Expanded,4,3,1,1.0,0.25
279,100,Random-25,0,0,0,0.0,0.0
279,100,VeraDM-prior,4,3,1,1.0,0.25
280,100,Exhaustive-Expanded,4,3,1,1.0,0.25
280,100,Random-25,0,0,0,0.0,0.0
280,100,VeraDM-prior,3,3,0,1.0,0.0
281,100,Exhaustive-Expanded,3,3,0,1.0,0.0
281,100,Random-25,1,1,0,0.3333333333333333,0.0
281,100,VeraDM-prior,3,3,0,1.0,0.0
282,100,Exhaustive-Expanded,3,3,0,1.0,0.0
282,100,Random-25,2,1,1,0.3333333333333333,0.5
282,100,VeraDM-prior,3,3,0,1.0,0.0
283,100,Exhaustive-Expanded,3,3,0,1.0,0.0
283,100,Random-25,0,0,0,0.0,0.0
283,100,VeraDM-prior,3,3,0,1.0,0.0
284,100,Exhaustive-Expanded,3,3,0,1.0,0.0
284,100,Random-25,0,0,0,0.0,0.0
284,100,VeraDM-prior,2,2,0,0.6666666666666666,0.0
285,100,Exhaustive-Expanded,3,3,0,1.0,0.0
285,100,Random-25,0,0,0,0.0,0.0
285,100,VeraDM-prior,2,2,0,0.6666666666666666,0.0
286,100,Exhaustive-Expanded,3,2,1,0.6666666666666666,0.3333333333333333
286,100,Random-25,0,0,0,0.0,0.0
286,100,VeraDM-prior,4,3,1,1.0,0.25
287,100,Exhaustive-Expanded,3,3,0,1.0,0.0
287,100,Random-25,2,2,0,0.6666666666666666,0.0
287,100,VeraDM-prior,3,3,0,1.0,0.0
288,100,Exhaustive-Expanded,3,3,0,1.0,0.0
288,100,Random-25,3,3,0,1.0,0.0
288,100,VeraDM-prior,2,2,0,0.6666666666666666,0.0
289,100,Exhaustive-Expanded,3,3,0,1.0,0.0
289,100,Random-25,0,0,0,0.0,0.0
289,100,VeraDM-prior,3,3,0,1.0,0.0
290,100,Exhaustive-Expanded,3,3,0,1.0,0.0
290,100,Random-25,0,0,0,0.0,0.0
290,100,VeraDM-prior,3,3,0,1.0,0.0
291,100,Exhaustive-Expanded,5,3,2,1.0,0.4
291,100,Random-25,0,0,0,0.0,0.0
291,100,VeraDM-prior,2,2,0,0.6666666666666666,0.0
292,100,Exhaustive-Expanded,4,3,1,1.0,0.25
292,100,Random-25,2,1,1,0.3333333333333333,0.5
292,100,VeraDM-prior,3,3,0,1.0,0.0
293,100,Exhaustive-Expanded,4,3,1,1.0,0.25
293,100,Random-25,0,0,0,0.0,0.0
293,100,VeraDM-prior,4,2,2,0.6666666666666666,0.5
294,100,Exhaustive-Expanded,3,3,0,1.0,0.0
294,100,Random-25,1,1,0,0.3333333333333333,0.0
294,100,VeraDM-prior,3,3,0,1.0,0.0
295,100,Exhaustive-Expanded,3,3,0,1.0,0.0
295,100,Random-25,2,1,1,0.3333333333333333,0.5
295,100,VeraDM-prior,4,3,1,1.0,0.25
296,100,Exhaustive-Expanded,3,3,0,1.0,0.0
296,100,Random-25,1,1,0,0.3333333333333333,0.0
296,100,VeraDM-prior,2,2,0,0.6666666666666666,0.0
297,100,Exhaustive-Expanded,5,3,2,1.0,0.4
297,100,Random-25,0,0,0,0.0,0.0
297,100,VeraDM-prior,3,3,0,1.0,0.0
298,100,Exhaustive-Expanded,3,3,0,1.0,0.0
298,100,Random-25,1,1,0,0.3333333333333333,0.0
298,100,VeraDM-prior,2,2,0,0.6666666666666666,0.0
299,100,Exhaustive-Expanded,3,3,0,1.0,0.0
299,100,Random-25,2,2,0,0.6666666666666666,0.0
299,100,VeraDM-prior,3,3,0,1.0,0.0
300,100,Exhaustive-Expanded,4,3,1,1.0,0.25
300,100,Random-25,0,0,0,0.0,0.0
300,100,VeraDM-prior,3,3,0,1.0,0.0
301,100,Exhaustive-Expanded,3,3,0,1.0,0.0
301,100,Random-25,0,0,0,0.0,0.0
301,100,VeraDM-prior,3,3,0,1.0,0.0
302,100,Exhaustive-Expanded,3,3,0,1.0,0.0
302,100,Random-25,2,1,1,0.3333333333333333,0.5
302,100,VeraDM-prior,2,2,0,0.6666666666666666,0.0
303,100,Exhaustive-Expanded,3,3,0,1.0,0.0
303,100,Random-25,2,2,0,0.6666666666666666,0.0
303,100,VeraDM-prior,3,3,0,1.0,0.0
304,100,Exhaustive-Expanded,3,3,0,1.0,0.0
304,100,Random-25,3,1,2,0.3333333333333333,0.6666666666666666
304,100,VeraDM-prior,3,3,0,1.0,0.0
305,100,Exhaustive-Expanded,3,3,0,1.0,0.0
305,100,Random-25,2,2,0,0.6666666666666666,0.0
305,100,VeraDM-prior,3,2,1,0.6666666666666666,0.3333333333333333
306,100,Exhaustive-Expanded,2,2,0,0.6666666666666666,0.0
306,100,Random-25,0,0,0,0.0,0.0
306,100,VeraDM-prior,5,3,2,1.0,0.4
307,100,Exhaustive-Expanded,3,3,0,1.0,0.0
307,100,Random-25,1,1,0,0.3333333333333333,0.0
307,100,VeraDM-prior,4,3,1,1.0,0.25
308,100,Exhaustive-Expanded,3,3,0,1.0,0.0
308,100,Random-25,1,1,0,0.3333333333333333,0.0
308,100,VeraDM-prior,3,3,0,1.0,0.0
309,100,Exhaustive-Expanded,2,2,0,0.6666666666666666,0.0
309,100,Random-25,2,2,0,0.6666666666666666,0.0
309,100,VeraDM-prior,3,3,0,1.0,0.0
310,100,Exhaustive-Expanded,2,2,0,0.6666666666666666,0.0
310,100,Random-25,0,0,0,0.0,0.0
310,100,VeraDM-prior,3,3,0,1.0,0.0
311,100,Exhaustive-Expanded,3,3,0,1.0,0.0
311,100,Random-25,0,0,0,0.0,0.0
311,100,VeraDM-prior,2,2,0,0.6666666666666666,0.0
312,100,Exhaustive-Expanded,3,3,0,1.0,0.0
312,100,Random-25,1,1,0,0.3333333333333333,0.0
312,100,VeraDM-prior,3,3,0,1.0,0.0
313,100,Exhaustive-Expanded,3,3,0,1.0,0.0
313,100,Random-25,0,0,0,0.0,0.0
313,100,VeraDM-prior,3,3,0,1.0,0.0
314,100,Exhaustive-Expanded,3,3,0,1.0,0.0
314,100,Random-25,2,1,1,0.3333333333333333,0.5
314,100,VeraDM-prior,2,2,0,0.6666666666666666,0.0
315,100,Exhaustive-Expanded,3,3,0,1.0,0.0
315,100,Random-25,0,0,0,0.0,0.0
315,100,VeraDM-prior,3,3,0,1.0,0.0
316,100,Exhaustive-Expanded,4,3,1,1.0,0.25
316,100,Random-25,2,2,0,0.6666666666666666,0.0
316,100,VeraDM-prior,3,3,0,1.0,0.0
317,100,Exhaustive-Expanded,3,3,0,1.0,0.0
317,100,Random-25,1,1,0,0.3333333333333333,0.0
317,100,VeraDM-prior,3,3,0,1.0,0.0
318,100,Exhaustive-Expanded,4,3,1,1.0,0.25
318,100,Random-25,1,1,0,0.3333333333333333,0.0
318,100,VeraDM-prior,2,2,0,0.6666666666666666,0.0
319,100,Exhaustive-Expanded,3,2,1,0.6666666666666666,0.3333333333333333
319,100,Random-25,0,0,0,0.0,0.0
319,100,VeraDM-prior,3,3,0,1.0,0.0
320,100,Exhaustive-Expanded,4,3,1,1.0,0.25
320,100,Random-25,1,1,0,0.3333333333333333,0.0
320,100,VeraDM-prior,2,2,0,0.6666666666666666,0.0
321,100,Exhaustive-Expanded,3,3,0,1.0,0.0
321,100,Random-25,0,0,0,0.0,0.0
321,100,VeraDM-prior,3,3,0,1.0,0.0
322,100,Exhaustive-Expanded,3,2,1,0.6666666666666666,0.3333333333333333
322,100,Random-25,0,0,0,0.0,0.0
322,100,VeraDM-prior,2,2,0,0.6666666666666666,0.0
323,100,Exhaustive-Expanded,3,3,0,1.0,0.0
323,100,Random-25,2,1,1,0.3333333333333333,0.5
323,100,VeraDM-prior,4,3,1,1.0,0.25
324,100,Exhaustive-Expanded,3,3,0,1.0,0.0
324,100,Random-25,0,0,0,0.0,0.0
324,100,VeraDM-prior,3,3,0,1.0,0.0
325,100,Exhaustive-Expanded,3,3,0,1.0,0.0
325,100,Random-25,2,2,0,0.6666666666666666,0.0
325,100,VeraDM-prior,3,3,0,1.0,0.0
326,100,Exhaustive-Expanded,3,3,0,1.0,0.0
326,100,Random-25,0,0,0,0.0,0.0
326,100,VeraDM-prior,2,2,0,0.6666666666666666,0.0
327,100,Exhaustive-Expanded,3,3,0,1.0,0.0
327,100,Random-25,1,1,0,0.3333333333333333,0.0
327,100,VeraDM-prior,2,2,0,0.6666666666666666,0.0
328,100,Exhaustive-Expanded,3,3,0,1.0,0.0
328,100,Random-25,0,0,0,0.0,0.0
328,100,VeraDM-prior,3,3,0,1.0,0.0
329,100,Exhaustive-Expanded,4,3,1,1.0,0.25
329,100,Random-25,0,0,0,0.0,0.0
329,100,VeraDM-prior,2,2,0,0.6666666666666666,0.0
330,100,Exhaustive-Expanded,4,3,1,1.0,0.25
330,100,Random-25,0,0,0,0.0,0.0
330,100,VeraDM-prior,3,3,0,1.0,0.0
331,100,Exhaustive-Expanded,3,3,0,1.0,0.0
331,100,Random-25,1,1,0,0.3333333333333333,0.0
331,100,VeraDM-prior,2,2,0,0.6666666666666666,0.0
332,100,Exhaustive-Expanded,2,2,0,0.6666666666666666,0.0
332,100,Random-25,0,0,0,0.0,0.0
332,100,VeraDM-prior,1,1,0,0.3333333333333333,0.0
333,100,Exhaustive-Expanded,4,3,1,1.0,0.25
333,100,Random-25,0,0,0,0.0,0.0
333,100,VeraDM-prior,3,2,1,0.6666666666666666,0.3333333333333333
334,100,Exhaustive-Expanded,3,3,0,1.0,0.0
334,100,Random-25,1,1,0,0.3333333333333333,0.0
334,100,VeraDM-prior,4,3,1,1.0,0.25
335,100,Exhaustive-Expanded,4,3,1,1.0,0.25
335,100,Random-25,0,0,0,0.0,0.0
335,100,VeraDM-prior,3,3,0,1.0,0.0
336,100,Exhaustive-Expanded,3,3,0,1.0,0.0
336,100,Random-25,1,1,0,0.3333333333333333,0.0
336,100,VeraDM-prior,4,3,1,1.0,0.25
337,100,Exhaustive-Expanded,3,3,0,1.0,0.0
337,100,Random-25,1,1,0,0.3333333333333333,0.0
337,100,VeraDM-prior,4,3,1,1.0,0.25
338,100,Exhaustive-Expanded,2,2,0,0.6666666666666666,0.0
338,100,Random-25,0,0,0,0.0,0.0
338,100,VeraDM-prior,3,3,0,1.0,0.0
339,100,Exhaustive-Expanded,3,3,0,1.0,0.0
339,100,Random-25,0,0,0,0.0,0.0
339,100,VeraDM-prior,4,3,1,1.0,0.25
340,100,Exhaustive-Expanded,4,3,1,1.0,0.25
340,100,Random-25,0,0,0,0.0,0.0
340,100,VeraDM-prior,4,3,1,1.0,0.25
341,100,Exhaustive-Expanded,3,3,0,1.0,0.0
341,100,Random-25,2,1,1,0.3333333333333333,0.5
341,100,VeraDM-prior,4,3,1,1.0,0.25
342,100,Exhaustive-Expanded,5,3,2,1.0,0.4
342,100,Random-25,0,0,0,0.0,0.0
342,100,VeraDM-prior,3,2,1,0.6666666666666666,0.3333333333333333
343,100,Exhaustive-Expanded,3,3,0,1.0,0.0
343,100,Random-25,1,1,0,0.3333333333333333,0.0
343,100,VeraDM-prior,3,3,0,1.0,0.0
344,100,Exhaustive-Expanded,3,3,0,1.0,0.0
344,100,Random-25,0,0,0,0.0,0.0
344,100,VeraDM-prior,4,3,1,1.0,0.25
345,100,Exhaustive-Expanded,4,3,1,1.0,0.25
345,100,Random-25,1,1,0,0.3333333333333333,0.0
345,100,VeraDM-prior,3,3,0,1.0,0.0
346,100,Exhaustive-Expanded,3,3,0,1.0,0.0
346,100,Random-25,0,0,0,0.0,0.0
346,100,VeraDM-prior,3,3,0,1.0,0.0
347,100,Exhaustive-Expanded,3,3,0,1.0,0.0
347,100,Random-25,0,0,0,0.0,0.0
347,100,VeraDM-prior,3,3,0,1.0,0.0
348,100,Exhaustive-Expanded,3,3,0,1.0,0.0
348,100,Random-25,2,1,1,0.3333333333333333,0.5
348,100,VeraDM-prior,3,3,0,1.0,0.0
349,100,Exhaustive-Expanded,2,2,0,0.6666666666666666,0.0
349,100,Random-25,0,0,0,0.0,0.0
349,100,VeraDM-prior,3,3,0,1.0,0.0
350,100,Exhaustive-Expanded,3,3,0,1.0,0.0
350,100,Random-25,3,3,0,1.0,0.0
350,100,VeraDM-prior,4,3,1,1.0,0.25
351,100,Exhaustive-Expanded,3,3,0,1.0,0.0
351,100,Random-25,2,1,1,0.3333333333333333,0.5
351,100,VeraDM-prior,4,3,1,1.0,0.25
352,100,Exhaustive-Expanded,4,3,1,1.0,0.25
352,100,Random-25,2,2,0,0.6666666666666666,0.0
352,100,VeraDM-prior,3,3,0,1.0,0.0
353,100,Exhaustive-Expanded,2,2,0,0.6666666666666666,0.0
353,100,Random-25,0,0,0,0.0,0.0
353,100,VeraDM-prior,3,2,1,0.6666666666666666,0.3333333333333333
354,100,Exhaustive-Expanded,2,2,0,0.6666666666666666,0.0
354,100,Random-25,1,1,0,0.3333333333333333,0.0
354,100,VeraDM-prior,1,1,0,0.3333333333333333,0.0
355,100,Exhaustive-Expanded,3,3,0,1.0,0.0
355,100,Random-25,2,2,0,0.6666666666666666,0.0
355,100,VeraDM-prior,1,1,0,0.3333333333333333,0.0
356,100,Exhaustive-Expanded,3,3,0,1.0,0.0
356,100,Random-25,2,1,1,0.3333333333333333,0.5
356,100,VeraDM-prior,2,2,0,0.6666666666666666,0.0
357,100,Exhaustive-Expanded,4,3,1,1.0,0.25
357,100,Random-25,1,1,0,0.3333333333333333,0.0
357,100,VeraDM-prior,2,2,0,0.6666666666666666,0.0
358,100,Exhaustive-Expanded,3,3,0,1.0,0.0
358,100,Random-25,0,0,0,0.0,0.0
358,100,VeraDM-prior,2,2,0,0.6666666666666666,0.0
359,100,Exhaustive-Expanded,3,3,0,1.0,0.0
359,100,Random-25,0,0,0,0.0,0.0
359,100,VeraDM-prior,3,3,0,1.0,0.0
360,100,Exhaustive-Expanded,4,3,1,1.0,0.25
360,100,Random-25,2,2,0,0.6666666666666666,0.0
360,100,VeraDM-prior,3,3,0,1.0,0.0
361,100,Exhaustive-Expanded,3,3,0,1.0,0.0
361,100,Random-25,1,1,0,0.3333333333333333,0.0
361,100,VeraDM-prior,3,3,0,1.0,0.0
362,100,Exhaustive-Expanded,3,3,0,1.0,0.0
362,100,Random-25,0,0,0,0.0,0.0
362,100,VeraDM-prior,2,2,0,0.6666666666666666,0.0
363,100,Exhaustive-Expanded,3,2,1,0.6666666666666666,0.3333333333333333
363,100,Random-25,1,1,0,0.3333333333333333,0.0
363,100,VeraDM-prior,4,3,1,1.0,0.25
364,100,Exhaustive-Expanded,3,3,0,1.0,0.0
364,100,Random-25,2,2,0,0.6666666666666666,0.0
364,100,VeraDM-prior,3,3,0,1.0,0.0
365,100,Exhaustive-Expanded,3,3,0,1.0,0.0
365,100,Random-25,1,1,0,0.3333333333333333,0.0
365,100,VeraDM-prior,3,3,0,1.0,0.0
366,100,Exhaustive-Expanded,3,3,0,1.0,0.0
366,100,Random-25,2,1,1,0.3333333333333333,0.5
366,100,VeraDM-prior,4,3,1,1.0,0.25
367,100,Exhaustive-Expanded,2,2,0,0.6666666666666666,0.0
367,100,Random-25,0,0,0,0.0,0.0
367,100,VeraDM-prior,2,2,0,0.6666666666666666,0.0
368,100,Exhaustive-Expanded,6,3,3,1.0,0.5
368,100,Random-25,0,0,0,0.0,0.0
368,100,VeraDM-prior,4,3,1,1.0,0.25
369,100,Exhaustive-Expanded,3,3,0,1.0,0.0
369,100,Random-25,3,2,1,0.6666666666666666,0.3333333333333333
369,100,VeraDM-prior,2,2,0,0.6666666666666666,0.0
370,100,Exhaustive-Expanded,2,2,0,0.6666666666666666,0.0
370,100,Random-25,1,0,1,0.0,1.0
370,100,VeraDM-prior,3,3,0,1.0,0.0
371,100,Exhaustive-Expanded,3,3,0,1.0,0.0
371,100,Random-25,1,0,1,0.0,1.0
371,100,VeraDM-prior,3,3,0,1.0,0.0
372,100,Exhaustive-Expanded,3,3,0,1.0,0.0
372,100,Random-25,2,1,1,0.3333333333333333,0.5
372,100,VeraDM-prior,3,3,0,1.0,0.0
373,100,Exhaustive-Expanded,5,3,2,1.0,0.4
373,100,Random-25,0,0,0,0.0,0.0
373,100,VeraDM-prior,5,3,2,1.0,0.4
374,100,Exhaustive-Expanded,2,2,0,0.6666666666666666,0.0
374,100,Random-25,0,0,0,0.0,0.0
374,100,VeraDM-prior,3,3,0,1.0,0.0
375,100,Exhaustive-Expanded,4,3,1,1.0,0.25
375,100,Random-25,0,0,0,0.0,0.0
375,100,VeraDM-prior,4,3,1,1.0,0.25
376,100,Exhaustive-Expanded,3,3,0,1.0,0.0
376,100,Random-25,2,1,1,0.3333333333333333,0.5
376,100,VeraDM-prior,3,3,0,1.0,0.0
377,100,Exhaustive-Expanded,3,3,0,1.0,0.0
377,100,Random-25,3,2,1,0.6666666666666666,0.3333333333333333
377,100,VeraDM-prior,3,3,0,1.0,0.0
378,100,Exhaustive-Expanded,3,3,0,1.0,0.0
378,100,Random-25,0,0,0,0.0,0.0
378,100,VeraDM-prior,1,1,0,0.3333333333333333,0.0
379,100,Exhaustive-Expanded,6,3,3,1.0,0.5
379,100,Random-25,0,0,0,0.0,0.0
379,100,VeraDM-prior,3,2,1,0.6666666666666666,0.3333333333333333
380,100,Exhaustive-Expanded,2,2,0,0.6666666666666666,0.0
380,100,Random-25,0,0,0,0.0,0.0
380,100,VeraDM-prior,2,2,0,0.6666666666666666,0.0
381,100,Exhaustive-Expanded,2,1,1,0.3333333333333333,0.5
381,100,Random-25,1,1,0,0.3333333333333333,0.0
381,100,VeraDM-prior,3,3,0,1.0,0.0
382,100,Exhaustive-Expanded,2,2,0,0.6666666666666666,0.0
382,100,Random-25,1,1,0,0.3333333333333333,0.0
382,100,VeraDM-prior,2,2,0,0.6666666666666666,0.0
383,100,Exhaustive-Expanded,5,3,2,1.0,0.4
383,100,Random-25,4,1,3,0.3333333333333333,0.75
383,100,VeraDM-prior,3,3,0,1.0,0.0
384,100,Exhaustive-Expanded,3,3,0,1.0,0.0
384,100,Random-25,1,1,0,0.3333333333333333,0.0
384,100,VeraDM-prior,4,3,1,1.0,0.25
385,100,Exhaustive-Expanded,3,3,0,1.0,0.0
385,100,Random-25,3,3,0,1.0,0.0
385,100,VeraDM-prior,3,3,0,1.0,0.0
386,100,Exhaustive-Expanded,8,3,5,1.0,0.625
386,100,Random-25,0,0,0,0.0,0.0
386,100,VeraDM-prior,3,3,0,1.0,0.0
387,100,Exhaustive-Expanded,5,3,2,1.0,0.4
387,100,Random-25,0,0,0,0.0,0.0
387,100,VeraDM-prior,3,3,0,1.0,0.0
388,100,Exhaustive-Expanded,4,3,1,1.0,0.25
388,100,Random-25,1,1,0,0.3333333333333333,0.0
388,100,VeraDM-prior,3,3,0,1.0,0.0
389,100,Exhaustive-Expanded,3,3,0,1.0,0.0
389,100,Random-25,1,0,1,0.0,1.0
389,100,VeraDM-prior,4,3,1,1.0,0.25
390,100,Exhaustive-Expanded,3,3,0,1.0,0.0
390,100,Random-25,0,0,0,0.0,0.0
390,100,VeraDM-prior,3,2,1,0.6666666666666666,0.3333333333333333
391,100,Exhaustive-Expanded,4,3,1,1.0,0.25
391,100,Random-25,1,1,0,0.3333333333333333,0.0
391,100,VeraDM-prior,2,2,0,0.6666666666666666,0.0
392,100,Exhaustive-Expanded,4,3,1,1.0,0.25
392,100,Random-25,0,0,0,0.0,0.0
392,100,VeraDM-prior,3,3,0,1.0,0.0
393,100,Exhaustive-Expanded,3,3,0,1.0,0.0
393,100,Random-25,1,1,0,0.3333333333333333,0.0
393,100,VeraDM-prior,3,3,0,1.0,0.0
394,100,Exhaustive-Expanded,2,2,0,0.6666666666666666,0.0
394,100,Random-25,2,2,0,0.6666666666666666,0.0
394,100,VeraDM-prior,3,3,0,1.0,0.0
395,100,Exhaustive-Expanded,3,3,0,1.0,0.0
395,100,Random-25,1,1,0,0.3333333333333333,0.0
395,100,VeraDM-prior,3,3,0,1.0,0.0
396,100,Exhaustive-Expanded,3,3,0,1.0,0.0
396,100,Random-25,2,2,0,0.6666666666666666,0.0
396,100,VeraDM-prior,3,3,0,1.0,0.0
397,100,Exhaustive-Expanded,3,3,0,1.0,0.0
397,100,Random-25,1,1,0,0.3333333333333333,0.0
397,100,VeraDM-prior,3,3,0,1.0,0.0
398,100,Exhaustive-Expanded,3,3,0,1.0,0.0
398,100,Random-25,2,2,0,0.6666666666666666,0.0
398,100,VeraDM-prior,3,3,0,1.0,0.0
399,100,Exhaustive-Expanded,3,3,0,1.0,0.0
399,100,Random-25,0,0,0,0.0,0.0
399,100,VeraDM-prior,3,3,0,1.0,0.0
400,100,Exhaustive-Expanded,1,1,0,0.3333333333333333,0.0
400,100,Random-25,0,0,0,0.0,0.0
400,100,VeraDM-prior,2,2,0,0.6666666666666666,0.0
401,100,Exhaustive-Expanded,3,3,0,1.0,0.0
401,100,Random-25,1,1,0,0.3333333333333333,0.0
401,100,VeraDM-prior,3,3,0,1.0,0.0
402,100,Exhaustive-Expanded,3,3,0,1.0,0.0
402,100,Random-25,0,0,0,0.0,0.0
402,100,VeraDM-prior,3,3,0,1.0,0.0
403,100,Exhaustive-Expanded,4,3,1,1.0,0.25
403,100,Random-25,1,1,0,0.3333333333333333,0.0
403,100,VeraDM-prior,4,2,2,0.6666666666666666,0.5
404,100,Exhaustive-Expanded,3,3,0,1.0,0.0
404,100,Random-25,0,0,0,0.0,0.0
404,100,VeraDM-prior,3,2,1,0.6666666666666666,0.3333333333333333
405,100,Exhaustive-Expanded,3,3,0,1.0,0.0
405,100,Random-25,0,0,0,0.0,0.0
405,100,VeraDM-prior,1,1,0,0.3333333333333333,0.0
406,100,Exhaustive-Expanded,4,3,1,1.0,0.25
406,100,Random-25,1,1,0,0.3333333333333333,0.0
406,100,VeraDM-prior,2,2,0,0.6666666666666666,0.0
407,100,Exhaustive-Expanded,3,3,0,1.0,0.0
407,100,Random-25,1,0,1,0.0,1.0
407,100,VeraDM-prior,2,2,0,0.6666666666666666,0.0
408,100,Exhaustive-Expanded,4,3,1,1.0,0.25
408,100,Random-25,0,0,0,0.0,0.0
408,100,VeraDM-prior,3,3,0,1.0,0.0
409,100,Exhaustive-Expanded,3,3,0,1.0,0.0
409,100,Random-25,1,0,1,0.0,1.0
409,100,VeraDM-prior,3,3,0,1.0,0.0
410,100,Exhaustive-Expanded,3,3,0,1.0,0.0
410,100,Random-25,0,0,0,0.0,0.0
410,100,VeraDM-prior,2,2,0,0.6666666666666666,0.0
411,100,Exhaustive-Expanded,3,3,0,1.0,0.0
411,100,Random-25,2,1,1,0.3333333333333333,0.5
411,100,VeraDM-prior,3,3,0,1.0,0.0
412,100,Exhaustive-Expanded,4,2,2,0.6666666666666666,0.5
412,100,Random-25,0,0,0,0.0,0.0
412,100,VeraDM-prior,3,3,0,1.0,0.0
413,100,Exhaustive-Expanded,3,3,0,1.0,0.0
413,100,Random-25,2,1,1,0.3333333333333333,0.5
413,100,VeraDM-prior,2,2,0,0.6666666666666666,0.0
414,100,Exhaustive-Expanded,3,3,0,1.0,0.0
414,100,Random-25,1,1,0,0.3333333333333333,0.0
414,100,VeraDM-prior,3,2,1,0.6666666666666666,0.3333333333333333
415,100,Exhaustive-Expanded,3,3,0,1.0,0.0
415,100,Random-25,0,0,0,0.0,0.0
415,100,VeraDM-prior,3,3,0,1.0,0.0
416,100,Exhaustive-Expanded,2,2,0,0.6666666666666666,0.0
416,100,Random-25,0,0,0,0.0,0.0
416,100,VeraDM-prior,2,2,0,0.6666666666666666,0.0
417,100,Exhaustive-Expanded,3,3,0,1.0,0.0
417,100,Random-25,1,1,0,0.3333333333333333,0.0
417,100,VeraDM-prior,2,2,0,0.6666666666666666,0.0
418,100,Exhaustive-Expanded,3,3,0,1.0,0.0
418,100,Random-25,1,1,0,0.3333333333333333,0.0
418,100,VeraDM-prior,4,2,2,0.6666666666666666,0.5
419,100,Exhaustive-Expanded,3,2,1,0.6666666666666666,0.3333333333333333
419,100,Random-25,0,0,0,0.0,0.0
419,100,VeraDM-prior,3,3,0,1.0,0.0
420,100,Exhaustive-Expanded,3,3,0,1.0,0.0
420,100,Random-25,1,1,0,0.3333333333333333,0.0
420,100,VeraDM-prior,2,2,0,0.6666666666666666,0.0
421,100,Exhaustive-Expanded,3,3,0,1.0,0.0
421,100,Random-25,1,1,0,0.3333333333333333,0.0
421,100,VeraDM-prior,2,2,0,0.6666666666666666,0.0
422,100,Exhaustive-Expanded,2,2,0,0.6666666666666666,0.0
422,100,Random-25,2,1,1,0.3333333333333333,0.5
422,100,VeraDM-prior,3,3,0,1.0,0.0
423,100,Exhaustive-Expanded,3,3,0,1.0,0.0
423,100,Random-25,1,0,1,0.0,1.0
423,100,VeraDM-prior,2,2,0,0.6666666666666666,0.0
424,100,Exhaustive-Expanded,3,3,0,1.0,0.0
424,100,Random-25,1,1,0,0.3333333333333333,0.0
424,100,VeraDM-prior,4,3,1,1.0,0.25
425,100,Exhaustive-Expanded,3,3,0,1.0,0.0
425,100,Random-25,2,2,0,0.6666666666666666,0.0
425,100,VeraDM-prior,2,2,0,0.6666666666666666,0.0
426,100,Exhaustive-Expanded,4,3,1,1.0,0.25
426,100,Random-25,0,0,0,0.0,0.0
426,100,VeraDM-prior,2,2,0,0.6666666666666666,0.0
427,100,Exhaustive-Expanded,3,3,0,1.0,0.0
427,100,Random-25,1,1,0,0.3333333333333333,0.0
427,100,VeraDM-prior,3,3,0,1.0,0.0
428,100,Exhaustive-Expanded,3,3,0,1.0,0.0
428,100,Random-25,0,0,0,0.0,0.0
428,100,VeraDM-prior,3,3,0,1.0,0.0
429,100,Exhaustive-Expanded,3,3,0,1.0,0.0
429,100,Random-25,1,1,0,0.3333333333333333,0.0
429,100,VeraDM-prior,2,2,0,0.6666666666666666,0.0
430,100,Exhaustive-Expanded,3,3,0,1.0,0.0
430,100,Random-25,2,2,0,0.6666666666666666,0.0
430,100,VeraDM-prior,3,3,0,1.0,0.0
431,100,Exhaustive-Expanded,3,3,0,1.0,0.0
431,100,Random-25,1,1,0,0.3333333333333333,0.0
431,100,VeraDM-prior,3,3,0,1.0,0.0
432,100,Exhaustive-Expanded,3,3,0,1.0,0.0
432,100,Random-25,1,1,0,0.3333333333333333,0.0
432,100,VeraDM-prior,2,2,0,0.6666666666666666,0.0
433,100,Exhaustive-Expanded,3,3,0,1.0,0.0
433,100,Random-25,1,1,0,0.3333333333333333,0.0
433,100,VeraDM-prior,2,2,0,0.6666666666666666,0.0
434,100,Exhaustive-Expanded,3,3,0,1.0,0.0
434,100,Random-25,4,3,1,1.0,0.25
434,100,VeraDM-prior,4,3,1,1.0,0.25
435,100,Exhaustive-Expanded,3,2,1,0.6666666666666666,0.3333333333333333
435,100,Random-25,1,1,0,0.3333333333333333,0.0
435,100,VeraDM-prior,3,3,0,1.0,0.0
436,100,Exhaustive-Expanded,5,3,2,1.0,0.4
436,100,Random-25,0,0,0,0.0,0.0
436,100,VeraDM-prior,3,3,0,1.0,0.0
437,100,Exhaustive-Expanded,4,3,1,1.0,0.25
437,100,Random-25,1,1,0,0.3333333333333333,0.0
437,100,VeraDM-prior,3,3,0,1.0,0.0
438,100,Exhaustive-Expanded,3,3,0,1.0,0.0
438,100,Random-25,1,1,0,0.3333333333333333,0.0
438,100,VeraDM-prior,3,2,1,0.6666666666666666,0.3333333333333333
439,100,Exhaustive-Expanded,3,3,0,1.0,0.0
439,100,Random-25,0,0,0,0.0,0.0
439,100,VeraDM-prior,3,3,0,1.0,0.0
440,100,Exhaustive-Expanded,3,3,0,1.0,0.0
440,100,Random-25,1,1,0,0.3333333333333333,0.0
440,100,VeraDM-prior,3,3,0,1.0,0.0
441,100,Exhaustive-Expanded,3,3,0,1.0,0.0
441,100,Random-25,1,1,0,0.3333333333333333,0.0
441,100,VeraDM-prior,3,3,0,1.0,0.0
442,100,Exhaustive-Expanded,4,2,2,0.6666666666666666,0.5
442,100,Random-25,2,1,1,0.3333333333333333,0.5
442,100,VeraDM-prior,2,2,0,0.6666666666666666,0.0
443,100,Exhaustive-Expanded,3,3,0,1.0,0.0
443,100,Random-25,1,1,0,0.3333333333333333,0.0
443,100,VeraDM-prior,2,2,0,0.6666666666666666,0.0
444,100,Exhaustive-Expanded,3,3,0,1.0,0.0
444,100,Random-25,1,1,0,0.3333333333333333,0.0
444,100,VeraDM-prior,3,3,0,1.0,0.0
445,100,Exhaustive-Expanded,3,3,0,1.0,0.0
445,100,Random-25,1,1,0,0.3333333333333333,0.0
445,100,VeraDM-prior,2,2,0,0.6666666666666666,0.0
446,100,Exhaustive-Expanded,3,3,0,1.0,0.0
446,100,Random-25,1,1,0,0.3333333333333333,0.0
446,100,VeraDM-prior,3,3,0,1.0,0.0
447,100,Exhaustive-Expanded,2,2,0,0.6666666666666666,0.0
447,100,Random-25,1,1,0,0.3333333333333333,0.0
447,100,VeraDM-prior,1,1,0,0.3333333333333333,0.0
448,100,Exhaustive-Expanded,3,3,0,1.0,0.0
448,100,Random-25,3,2,1,0.6666666666666666,0.3333333333333333
448,100,VeraDM-prior,3,3,0,1.0,0.0
449,100,Exhaustive-Expanded,3,3,0,1.0,0.0
449,100,Random-25,0,0,0,0.0,0.0
449,100,VeraDM-prior,2,2,0,0.6666666666666666,0.0
450,100,Exhaustive-Expanded,3,3,0,1.0,0.0
450,100,Random-25,1,1,0,0.3333333333333333,0.0
450,100,VeraDM-prior,2,2,0,0.6666666666666666,0.0
451,100,Exhaustive-Expanded,3,3,0,1.0,0.0
451,100,Random-25,0,0,0,0.0,0.0
451,100,VeraDM-prior,1,1,0,0.3333333333333333,0.0
452,100,Exhaustive-Expanded,4,3,1,1.0,0.25
452,100,Random-25,0,0,0,0.0,0.0
452,100,VeraDM-prior,3,3,0,1.0,0.0
453,100,Exhaustive-Expanded,4,3,1,1.0,0.25
453,100,Random-25,1,1,0,0.3333333333333333,0.0
453,100,VeraDM-prior,3,3,0,1.0,0.0
454,100,Exhaustive-Expanded,4,3,1,1.0,0.25
454,100,Random-25,2,1,1,0.3333333333333333,0.5
454,100,VeraDM-prior,3,3,0,1.0,0.0
455,100,Exhaustive-Expanded,4,3,1,1.0,0.25
455,100,Random-25,2,2,0,0.6666666666666666,0.0
455,100,VeraDM-prior,3,3,0,1.0,0.0
456,100,Exhaustive-Expanded,4,3,1,1.0,0.25
456,100,Random-25,0,0,0,0.0,0.0
456,100,VeraDM-prior,3,2,1,0.6666666666666666,0.3333333333333333
457,100,Exhaustive-Expanded,3,3,0,1.0,0.0
457,100,Random-25,1,1,0,0.3333333333333333,0.0
457,100,VeraDM-prior,4,3,1,1.0,0.25
458,100,Exhaustive-Expanded,3,3,0,1.0,0.0
458,100,Random-25,2,1,1,0.3333333333333333,0.5
458,100,VeraDM-prior,4,3,1,1.0,0.25
459,100,Exhaustive-Expanded,3,3,0,1.0,0.0
459,100,Random-25,0,0,0,0.0,0.0
459,100,VeraDM-prior,5,3,2,1.0,0.4
460,100,Exhaustive-Expanded,2,2,0,0.6666666666666666,0.0
460,100,Random-25,1,1,0,0.3333333333333333,0.0
460,100,VeraDM-prior,4,3,1,1.0,0.25
461,100,Exhaustive-Expanded,4,3,1,1.0,0.25
461,100,Random-25,2,2,0,0.6666666666666666,0.0
461,100,VeraDM-prior,4,3,1,1.0,0.25
462,100,Exhaustive-Expanded,4,3,1,1.0,0.25
462,100,Random-25,4,2,2,0.6666666666666666,0.5
462,100,VeraDM-prior,2,2,0,0.6666666666666666,0.0
463,100,Exhaustive-Expanded,6,3,3,1.0,0.5
463,100,Random-25,0,0,0,0.0,0.0
463,100,VeraDM-prior,2,2,0,0.6666666666666666,0.0
464,100,Exhaustive-Expanded,2,2,0,0.6666666666666666,0.0
464,100,Random-25,0,0,0,0.0,0.0
464,100,VeraDM-prior,4,3,1,1.0,0.25
465,100,Exhaustive-Expanded,4,3,1,1.0,0.25
465,100,Random-25,1,1,0,0.3333333333333333,0.0
465,100,VeraDM-prior,3,3,0,1.0,0.0
466,100,Exhaustive-Expanded,3,3,0,1.0,0.0
466,100,Random-25,0,0,0,0.0,0.0
466,100,VeraDM-prior,5,3,2,1.0,0.4
467,100,Exhaustive-Expanded,3,3,0,1.0,0.0
467,100,Random-25,1,1,0,0.3333333333333333,0.0
467,100,VeraDM-prior,3,3,0,1.0,0.0
468,100,Exhaustive-Expanded,4,3,1,1.0,0.25
468,100,Random-25,2,2,0,0.6666666666666666,0.0
468,100,VeraDM-prior,3,3,0,1.0,0.0
469,100,Exhaustive-Expanded,4,3,1,1.0,0.25
469,100,Random-25,1,1,0,0.3333333333333333,0.0
469,100,VeraDM-prior,2,2,0,0.6666666666666666,0.0
470,100,Exhaustive-Expanded,4,3,1,1.0,0.25
470,100,Random-25,0,0,0,0.0,0.0
470,100,VeraDM-prior,5,3,2,1.0,0.4
471,100,Exhaustive-Expanded,3,3,0,1.0,0.0
471,100,Random-25,1,1,0,0.3333333333333333,0.0
471,100,VeraDM-prior,5,3,2,1.0,0.4
472,100,Exhaustive-Expanded,2,2,0,0.6666666666666666,0.0
472,100,Random-25,0,0,0,0.0,0.0
472,100,VeraDM-prior,3,3,0,1.0,0.0
473,100,Exhaustive-Expanded,3,3,0,1.0,0.0
473,100,Random-25,2,2,0,0.6666666666666666,0.0
473,100,VeraDM-prior,4,2,2,0.6666666666666666,0.5
474,100,Exhaustive-Expanded,4,3,1,1.0,0.25
474,100,Random-25,1,1,0,0.3333333333333333,0.0
474,100,VeraDM-prior,2,2,0,0.6666666666666666,0.0
475,100,Exhaustive-Expanded,4,3,1,1.0,0.25
475,100,Random-25,0,0,0,0.0,0.0
475,100,VeraDM-prior,3,3,0,1.0,0.0
476,100,Exhaustive-Expanded,3,3,0,1.0,0.0
476,100,Random-25,1,1,0,0.3333333333333333,0.0
476,100,VeraDM-prior,2,2,0,0.6666666666666666,0.0
477,100,Exhaustive-Expanded,3,3,0,1.0,0.0
477,100,Random-25,0,0,0,0.0,0.0
477,100,VeraDM-prior,3,3,0,1.0,0.0
478,100,Exhaustive-Expanded,3,3,0,1.0,0.0
478,100,Random-25,0,0,0,0.0,0.0
478,100,VeraDM-prior,2,2,0,0.6666666666666666,0.0
479,100,Exhaustive-Expanded,3,3,0,1.0,0.0
479,100,Random-25,1,1,0,0.3333333333333333,0.0
479,100,VeraDM-prior,2,2,0,0.6666666666666666,0.0
480,100,Exhaustive-Expanded,4,3,1,1.0,0.25
480,100,Random-25,3,2,1,0.6666666666666666,0.3333333333333333
480,100,VeraDM-prior,3,3,0,1.0,0.0
481,100,Exhaustive-Expanded,7,3,4,1.0,0.5714285714285714
481,100,Random-25,2,2,0,0.6666666666666666,0.0
481,100,VeraDM-prior,2,2,0,0.6666666666666666,0.0
482,100,Exhaustive-Expanded,3,3,0,1.0,0.0
482,100,Random-25,0,0,0,0.0,0.0
482,100,VeraDM-prior,3,3,0,1.0,0.0
483,100,Exhaustive-Expanded,4,3,1,1.0,0.25
483,100,Random-25,1,1,0,0.3333333333333333,0.0
483,100,VeraDM-prior,2,2,0,0.6666666666666666,0.0
484,100,Exhaustive-Expanded,3,3,0,1.0,0.0
484,100,Random-25,2,2,0,0.6666666666666666,0.0
484,100,VeraDM-prior,5,3,2,1.0,0.4
485,100,Exhaustive-Expanded,3,3,0,1.0,0.0
485,100,Random-25,1,1,0,0.3333333333333333,0.0
485,100,VeraDM-prior,2,2,0,0.6666666666666666,0.0
486,100,Exhaustive-Expanded,4,3,1,1.0,0.25
486,100,Random-25,0,0,0,0.0,0.0
486,100,VeraDM-prior,3,2,1,0.6666666666666666,0.3333333333333333
487,100,Exhaustive-Expanded,4,3,1,1.0,0.25
487,100,Random-25,1,1,0,0.3333333333333333,0.0
487,100,VeraDM-prior,1,1,0,0.3333333333333333,0.0
488,100,Exhaustive-Expanded,3,3,0,1.0,0.0
488,100,Random-25,2,2,0,0.6666666666666666,0.0
488,100,VeraDM-prior,2,2,0,0.6666666666666666,0.0
489,100,Exhaustive-Expanded,6,3,3,1.0,0.5
489,100,Random-25,2,1,1,0.3333333333333333,0.5
489,100,VeraDM-prior,3,3,0,1.0,0.0
490,100,Exhaustive-Expanded,3,3,0,1.0,0.0
490,100,Random-25,1,1,0,0.3333333333333333,0.0
490,100,VeraDM-prior,3,2,1,0.6666666666666666,0.3333333333333333
491,100,Exhaustive-Expanded,3,3,0,1.0,0.0
491,100,Random-25,2,2,0,0.6666666666666666,0.0
491,100,VeraDM-prior,3,3,0,1.0,0.0
492,100,Exhaustive-Expanded,4,3,1,1.0,0.25
492,100,Random-25,1,1,0,0.3333333333333333,0.0
492,100,VeraDM-prior,3,3,0,1.0,0.0
493,100,Exhaustive-Expanded,3,3,0,1.0,0.0
493,100,Random-25,1,1,0,0.3333333333333333,0.0
493,100,VeraDM-prior,4,3,1,1.0,0.25
494,100,Exhaustive-Expanded,4,3,1,1.0,0.25
494,100,Random-25,0,0,0,0.0,0.0
494,100,VeraDM-prior,3,3,0,1.0,0.0
495,100,Exhaustive-Expanded,1,1,0,0.3333333333333333,0.0
495,100,Random-25,1,1,0,0.3333333333333333,0.0
495,100,VeraDM-prior,2,1,1,0.3333333333333333,0.5
496,100,Exhaustive-Expanded,3,2,1,0.6666666666666666,0.3333333333333333
496,100,Random-25,1,0,1,0.0,1.0
496,100,VeraDM-prior,1,1,0,0.3333333333333333,0.0
497,100,Exhaustive-Expanded,3,3,0,1.0,0.0
497,100,Random-25,1,1,0,0.3333333333333333,0.0
497,100,VeraDM-prior,5,3,2,1.0,0.4
498,100,Exhaustive-Expanded,3,3,0,1.0,0.0
498,100,Random-25,2,1,1,0.3333333333333333,0.5
498,100,VeraDM-prior,3,2,1,0.6666666666666666,0.3333333333333333
499,100,Exhaustive-Expanded,3,3,0,1.0,0.0
499,100,Random-25,1,1,0,0.3333333333333333,0.0
499,100,VeraDM-prior,3,3,0,1.0,0.0
0,300,Exhaustive-Expanded,6,3,3,1.0,0.5
0,300,Random-25,0,0,0,0.0,0.0
0,300,VeraDM-prior,3,3,0,1.0,0.0
1,300,Exhaustive-Expanded,3,3,0,1.0,0.0
1,300,Random-25,1,1,0,0.3333333333333333,0.0
1,300,VeraDM-prior,2,2,0,0.6666666666666666,0.0
2,300,Exhaustive-Expanded,3,3,0,1.0,0.0
2,300,Random-25,0,0,0,0.0,0.0
2,300,VeraDM-prior,2,1,1,0.3333333333333333,0.5
3,300,Exhaustive-Expanded,3,3,0,1.0,0.0
3,300,Random-25,0,0,0,0.0,0.0
3,300,VeraDM-prior,3,3,0,1.0,0.0
4,300,Exhaustive-Expanded,1,1,0,0.3333333333333333,0.0
4,300,Random-25,0,0,0,0.0,0.0
4,300,VeraDM-prior,4,3,1,1.0,0.25
5,300,Exhaustive-Expanded,2,2,0,0.6666666666666666,0.0
5,300,Random-25,0,0,0,0.0,0.0
5,300,VeraDM-prior,4,3,1,1.0,0.25
6,300,Exhaustive-Expanded,4,3,1,1.0,0.25
6,300,Random-25,0,0,0,0.0,0.0
6,300,VeraDM-prior,4,3,1,1.0,0.25
7,300,Exhaustive-Expanded,3,3,0,1.0,0.0
7,300,Random-25,0,0,0,0.0,0.0
7,300,VeraDM-prior,3,3,0,1.0,0.0
8,300,Exhaustive-Expanded,3,2,1,0.6666666666666666,0.3333333333333333
8,300,Random-25,2,1,1,0.3333333333333333,0.5
8,300,VeraDM-prior,4,3,1,1.0,0.25
9,300,Exhaustive-Expanded,3,3,0,1.0,0.0
9,300,Random-25,0,0,0,0.0,0.0
9,300,VeraDM-prior,3,3,0,1.0,0.0
10,300,Exhaustive-Expanded,2,2,0,0.6666666666666666,0.0
10,300,Random-25,1,1,0,0.3333333333333333,0.0
10,300,VeraDM-prior,3,3,0,1.0,0.0
11,300,Exhaustive-Expanded,4,3,1,1.0,0.25
11,300,Random-25,0,0,0,0.0,0.0
11,300,VeraDM-prior,3,3,0,1.0,0.0
12,300,Exhaustive-Expanded,3,3,0,1.0,0.0
12,300,Random-25,0,0,0,0.0,0.0
12,300,VeraDM-prior,1,1,0,0.3333333333333333,0.0
13,300,Exhaustive-Expanded,5,3,2,1.0,0.4
13,300,Random-25,0,0,0,0.0,0.0
13,300,VeraDM-prior,3,3,0,1.0,0.0
14,300,Exhaustive-Expanded,1,1,0,0.3333333333333333,0.0
14,300,Random-25,3,1,2,0.3333333333333333,0.6666666666666666
14,300,VeraDM-prior,3,3,0,1.0,0.0
15,300,Exhaustive-Expanded,4,3,1,1.0,0.25
15,300,Random-25,1,1,0,0.3333333333333333,0.0
15,300,VeraDM-prior,4,3,1,1.0,0.25
16,300,Exhaustive-Expanded,2,2,0,0.6666666666666666,0.0
16,300,Random-25,0,0,0,0.0,0.0
16,300,VeraDM-prior,4,3,1,1.0,0.25
17,300,Exhaustive-Expanded,1,1,0,0.3333333333333333,0.0
17,300,Random-25,0,0,0,0.0,0.0
17,300,VeraDM-prior,3,3,0,1.0,0.0
18,300,Exhaustive-Expanded,6,3,3,1.0,0.5
18,300,Random-25,1,1,0,0.3333333333333333,0.0
18,300,VeraDM-prior,3,3,0,1.0,0.0
19,300,Exhaustive-Expanded,3,3,0,1.0,0.0
19,300,Random-25,1,1,0,0.3333333333333333,0.0
19,300,VeraDM-prior,3,3,0,1.0,0.0
20,300,Exhaustive-Expanded,4,3,1,1.0,0.25
20,300,Random-25,0,0,0,0.0,0.0
20,300,VeraDM-prior,2,2,0,0.6666666666666666,0.0
21,300,Exhaustive-Expanded,2,2,0,0.6666666666666666,0.0
21,300,Random-25,1,0,1,0.0,1.0
21,300,VeraDM-prior,3,3,0,1.0,0.0
22,300,Exhaustive-Expanded,4,3,1,1.0,0.25
22,300,Random-25,0,0,0,0.0,0.0
22,300,VeraDM-prior,3,3,0,1.0,0.0
23,300,Exhaustive-Expanded,3,3,0,1.0,0.0
23,300,Random-25,0,0,0,0.0,0.0
23,300,VeraDM-prior,3,3,0,1.0,0.0
24,300,Exhaustive-Expanded,3,3,0,1.0,0.0
24,300,Random-25,0,0,0,0.0,0.0
24,300,VeraDM-prior,2,2,0,0.6666666666666666,0.0
25,300,Exhaustive-Expanded,4,3,1,1.0,0.25
25,300,Random-25,1,1,0,0.3333333333333333,0.0
25,300,VeraDM-prior,4,3,1,1.0,0.25
26,300,Exhaustive-Expanded,3,3,0,1.0,0.0
26,300,Random-25,0,0,0,0.0,0.0
26,300,VeraDM-prior,3,3,0,1.0,0.0
27,300,Exhaustive-Expanded,2,2,0,0.6666666666666666,0.0
27,300,Random-25,1,1,0,0.3333333333333333,0.0
27,300,VeraDM-prior,4,3,1,1.0,0.25
28,300,Exhaustive-Expanded,3,3,0,1.0,0.0
28,300,Random-25,0,0,0,0.0,0.0
28,300,VeraDM-prior,5,3,2,1.0,0.4
29,300,Exhaustive-Expanded,4,3,1,1.0,0.25
29,300,Random-25,0,0,0,0.0,0.0
29,300,VeraDM-prior,3,3,0,1.0,0.0
30,300,Exhaustive-Expanded,3,3,0,1.0,0.0
30,300,Random-25,0,0,0,0.0,0.0
30,300,VeraDM-prior,2,2,0,0.6666666666666666,0.0
31,300,Exhaustive-Expanded,3,3,0,1.0,0.0
31,300,Random-25,0,0,0,0.0,0.0
31,300,VeraDM-prior,2,2,0,0.6666666666666666,0.0
32,300,Exhaustive-Expanded,3,3,0,1.0,0.0
32,300,Random-25,0,0,0,0.0,0.0
32,300,VeraDM-prior,3,3,0,1.0,0.0
33,300,Exhaustive-Expanded,2,2,0,0.6666666666666666,0.0
33,300,Random-25,1,1,0,0.3333333333333333,0.0
33,300,VeraDM-prior,1,1,0,0.3333333333333333,0.0
34,300,Exhaustive-Expanded,4,3,1,1.0,0.25
34,300,Random-25,1,1,0,0.3333333333333333,0.0
34,300,VeraDM-prior,3,3,0,1.0,0.0
35,300,Exhaustive-Expanded,3,3,0,1.0,0.0
35,300,Random-25,2,0,2,0.0,1.0
35,300,VeraDM-prior,2,2,0,0.6666666666666666,0.0
36,300,Exhaustive-Expanded,4,3,1,1.0,0.25
36,300,Random-25,0,0,0,0.0,0.0
36,300,VeraDM-prior,3,3,0,1.0,0.0
37,300,Exhaustive-Expanded,6,3,3,1.0,0.5
37,300,Random-25,0,0,0,0.0,0.0
37,300,VeraDM-prior,4,3,1,1.0,0.25
38,300,Exhaustive-Expanded,3,1,2,0.3333333333333333,0.6666666666666666
38,300,Random-25,0,0,0,0.0,0.0
38,300,VeraDM-prior,3,3,0,1.0,0.0
39,300,Exhaustive-Expanded,3,3,0,1.0,0.0
39,300,Random-25,0,0,0,0.0,0.0
39,300,VeraDM-prior,3,3,0,1.0,0.0
40,300,Exhaustive-Expanded,3,3,0,1.0,0.0
40,300,Random-25,1,1,0,0.3333333333333333,0.0
40,300,VeraDM-prior,4,3,1,1.0,0.25
41,300,Exhaustive-Expanded,4,2,2,0.6666666666666666,0.5
41,300,Random-25,2,1,1,0.3333333333333333,0.5
41,300,VeraDM-prior,4,3,1,1.0,0.25
42,300,Exhaustive-Expanded,4,3,1,1.0,0.25
42,300,Random-25,0,0,0,0.0,0.0
42,300,VeraDM-prior,5,3,2,1.0,0.4
43,300,Exhaustive-Expanded,4,3,1,1.0,0.25
43,300,Random-25,0,0,0,0.0,0.0
43,300,VeraDM-prior,2,2,0,0.6666666666666666,0.0
44,300,Exhaustive-Expanded,2,2,0,0.6666666666666666,0.0
44,300,Random-25,0,0,0,0.0,0.0
44,300,VeraDM-prior,2,2,0,0.6666666666666666,0.0
45,300,Exhaustive-Expanded,3,3,0,1.0,0.0
45,300,Random-25,2,2,0,0.6666666666666666,0.0
45,300,VeraDM-prior,4,2,2,0.6666666666666666,0.5
46,300,Exhaustive-Expanded,3,3,0,1.0,0.0
46,300,Random-25,1,1,0,0.3333333333333333,0.0
46,300,VeraDM-prior,4,3,1,1.0,0.25
47,300,Exhaustive-Expanded,3,3,0,1.0,0.0
47,300,Random-25,0,0,0,0.0,0.0
47,300,VeraDM-prior,4,3,1,1.0,0.25
48,300,Exhaustive-Expanded,3,2,1,0.6666666666666666,0.3333333333333333
48,300,Random-25,0,0,0,0.0,0.0
48,300,VeraDM-prior,3,3,0,1.0,0.0
49,300,Exhaustive-Expanded,2,2,0,0.6666666666666666,0.0
49,300,Random-25,1,1,0,0.3333333333333333,0.0
49,300,VeraDM-prior,2,2,0,0.6666666666666666,0.0
50,300,Exhaustive-Expanded,3,3,0,1.0,0.0
50,300,Random-25,0,0,0,0.0,0.0
50,300,VeraDM-prior,2,2,0,0.6666666666666666,0.0
51,300,Exhaustive-Expanded,5,3,2,1.0,0.4
51,300,Random-25,4,2,2,0.6666666666666666,0.5
51,300,VeraDM-prior,3,3,0,1.0,0.0
52,300,Exhaustive-Expanded,2,2,0,0.6666666666666666,0.0
52,300,Random-25,0,0,0,0.0,0.0
52,300,VeraDM-prior,3,3,0,1.0,0.0
53,300,Exhaustive-Expanded,4,3,1,1.0,0.25
53,300,Random-25,0,0,0,0.0,0.0
53,300,VeraDM-prior,3,3,0,1.0,0.0
54,300,Exhaustive-Expanded,6,3,3,1.0,0.5
54,300,Random-25,0,0,0,0.0,0.0
54,300,VeraDM-prior,2,2,0,0.6666666666666666,0.0
55,300,Exhaustive-Expanded,3,3,0,1.0,0.0
55,300,Random-25,0,0,0,0.0,0.0
55,300,VeraDM-prior,3,2,1,0.6666666666666666,0.3333333333333333
56,300,Exhaustive-Expanded,3,3,0,1.0,0.0
56,300,Random-25,1,1,0,0.3333333333333333,0.0
56,300,VeraDM-prior,3,3,0,1.0,0.0
57,300,Exhaustive-Expanded,3,3,0,1.0,0.0
57,300,Random-25,0,0,0,0.0,0.0
57,300,VeraDM-prior,1,1,0,0.3333333333333333,0.0
58,300,Exhaustive-Expanded,3,3,0,1.0,0.0
58,300,Random-25,0,0,0,0.0,0.0
58,300,VeraDM-prior,4,3,1,1.0,0.25
59,300,Exhaustive-Expanded,6,3,3,1.0,0.5
59,300,Random-25,1,1,0,0.3333333333333333,0.0
59,300,VeraDM-prior,4,3,1,1.0,0.25
60,300,Exhaustive-Expanded,3,3,0,1.0,0.0
60,300,Random-25,0,0,0,0.0,0.0
60,300,VeraDM-prior,4,3,1,1.0,0.25
61,300,Exhaustive-Expanded,2,2,0,0.6666666666666666,0.0
61,300,Random-25,0,0,0,0.0,0.0
61,300,VeraDM-prior,3,3,0,1.0,0.0
62,300,Exhaustive-Expanded,3,3,0,1.0,0.0
62,300,Random-25,0,0,0,0.0,0.0
62,300,VeraDM-prior,4,3,1,1.0,0.25
63,300,Exhaustive-Expanded,3,3,0,1.0,0.0
63,300,Random-25,1,0,1,0.0,1.0
63,300,VeraDM-prior,3,3,0,1.0,0.0
64,300,Exhaustive-Expanded,4,3,1,1.0,0.25
64,300,Random-25,0,0,0,0.0,0.0
64,300,VeraDM-prior,3,3,0,1.0,0.0
65,300,Exhaustive-Expanded,3,3,0,1.0,0.0
65,300,Random-25,0,0,0,0.0,0.0
65,300,VeraDM-prior,3,3,0,1.0,0.0
66,300,Exhaustive-Expanded,3,3,0,1.0,0.0
66,300,Random-25,0,0,0,0.0,0.0
66,300,VeraDM-prior,2,2,0,0.6666666666666666,0.0
67,300,Exhaustive-Expanded,3,3,0,1.0,0.0
67,300,Random-25,1,1,0,0.3333333333333333,0.0
67,300,VeraDM-prior,3,3,0,1.0,0.0
68,300,Exhaustive-Expanded,3,3,0,1.0,0.0
68,300,Random-25,0,0,0,0.0,0.0
68,300,VeraDM-prior,2,2,0,0.6666666666666666,0.0
69,300,Exhaustive-Expanded,3,3,0,1.0,0.0
69,300,Random-25,0,0,0,0.0,0.0
69,300,VeraDM-prior,3,3,0,1.0,0.0
70,300,Exhaustive-Expanded,3,3,0,1.0,0.0
70,300,Random-25,1,1,0,0.3333333333333333,0.0
70,300,VeraDM-prior,3,2,1,0.6666666666666666,0.3333333333333333
71,300,Exhaustive-Expanded,3,2,1,0.6666666666666666,0.3333333333333333
71,300,Random-25,0,0,0,0.0,0.0
71,300,VeraDM-prior,2,2,0,0.6666666666666666,0.0
72,300,Exhaustive-Expanded,3,3,0,1.0,0.0
72,300,Random-25,0,0,0,0.0,0.0
72,300,VeraDM-prior,3,3,0,1.0,0.0
73,300,Exhaustive-Expanded,2,2,0,0.6666666666666666,0.0
73,300,Random-25,0,0,0,0.0,0.0
73,300,VeraDM-prior,3,3,0,1.0,0.0
74,300,Exhaustive-Expanded,3,3,0,1.0,0.0
74,300,Random-25,0,0,0,0.0,0.0
74,300,VeraDM-prior,4,3,1,1.0,0.25
75,300,Exhaustive-Expanded,3,3,0,1.0,0.0
75,300,Random-25,1,0,1,0.0,1.0
75,300,VeraDM-prior,3,3,0,1.0,0.0
76,300,Exhaustive-Expanded,3,3,0,1.0,0.0
76,300,Random-25,0,0,0,0.0,0.0
76,300,VeraDM-prior,2,2,0,0.6666666666666666,0.0
77,300,Exhaustive-Expanded,3,3,0,1.0,0.0
77,300,Random-25,0,0,0,0.0,0.0
77,300,VeraDM-prior,2,2,0,0.6666666666666666,0.0
78,300,Exhaustive-Expanded,3,3,0,1.0,0.0
78,300,Random-25,0,0,0,0.0,0.0
78,300,VeraDM-prior,5,3,2,1.0,0.4
79,300,Exhaustive-Expanded,3,3,0,1.0,0.0
79,300,Random-25,0,0,0,0.0,0.0
79,300,VeraDM-prior,3,3,0,1.0,0.0
80,300,Exhaustive-Expanded,2,2,0,0.6666666666666666,0.0
80,300,Random-25,0,0,0,0.0,0.0
80,300,VeraDM-prior,4,3,1,1.0,0.25
81,300,Exhaustive-Expanded,4,3,1,1.0,0.25
81,300,Random-25,0,0,0,0.0,0.0
81,300,VeraDM-prior,3,3,0,1.0,0.0
82,300,Exhaustive-Expanded,3,3,0,1.0,0.0
82,300,Random-25,0,0,0,0.0,0.0
82,300,VeraDM-prior,3,3,0,1.0,0.0
83,300,Exhaustive-Expanded,4,3,1,1.0,0.25
83,300,Random-25,0,0,0,0.0,0.0
83,300,VeraDM-prior,3,3,0,1.0,0.0
84,300,Exhaustive-Expanded,3,3,0,1.0,0.0
84,300,Random-25,0,0,0,0.0,0.0
84,300,VeraDM-prior,3,2,1,0.6666666666666666,0.3333333333333333
85,300,Exhaustive-Expanded,1,1,0,0.3333333333333333,0.0
85,300,Random-25,0,0,0,0.0,0.0
85,300,VeraDM-prior,3,3,0,1.0,0.0
86,300,Exhaustive-Expanded,2,2,0,0.6666666666666666,0.0
86,300,Random-25,1,0,1,0.0,1.0
86,300,VeraDM-prior,3,3,0,1.0,0.0
87,300,Exhaustive-Expanded,2,2,0,0.6666666666666666,0.0
87,300,Random-25,2,1,1,0.3333333333333333,0.5
87,300,VeraDM-prior,3,3,0,1.0,0.0
88,300,Exhaustive-Expanded,4,3,1,1.0,0.25
88,300,Random-25,0,0,0,0.0,0.0
88,300,VeraDM-prior,4,3,1,1.0,0.25
89,300,Exhaustive-Expanded,1,1,0,0.3333333333333333,0.0
89,300,Random-25,2,1,1,0.3333333333333333,0.5
89,300,VeraDM-prior,4,3,1,1.0,0.25
90,300,Exhaustive-Expanded,4,3,1,1.0,0.25
90,300,Random-25,1,1,0,0.3333333333333333,0.0
90,300,VeraDM-prior,3,3,0,1.0,0.0
91,300,Exhaustive-Expanded,3,3,0,1.0,0.0
91,300,Random-25,0,0,0,0.0,0.0
91,300,VeraDM-prior,4,3,1,1.0,0.25
92,300,Exhaustive-Expanded,3,3,0,1.0,0.0
92,300,Random-25,1,0,1,0.0,1.0
92,300,VeraDM-prior,2,2,0,0.6666666666666666,0.0
93,300,Exhaustive-Expanded,3,3,0,1.0,0.0
93,300,Random-25,1,1,0,0.3333333333333333,0.0
93,300,VeraDM-prior,3,3,0,1.0,0.0
94,300,Exhaustive-Expanded,4,3,1,1.0,0.25
94,300,Random-25,0,0,0,0.0,0.0
94,300,VeraDM-prior,1,1,0,0.3333333333333333,0.0
95,300,Exhaustive-Expanded,3,3,0,1.0,0.0
95,300,Random-25,0,0,0,0.0,0.0
95,300,VeraDM-prior,2,2,0,0.6666666666666666,0.0
96,300,Exhaustive-Expanded,3,3,0,1.0,0.0
96,300,Random-25,0,0,0,0.0,0.0
96,300,VeraDM-prior,3,3,0,1.0,0.0
97,300,Exhaustive-Expanded,3,3,0,1.0,0.0
97,300,Random-25,3,2,1,0.6666666666666666,0.3333333333333333
97,300,VeraDM-prior,3,2,1,0.6666666666666666,0.3333333333333333
98,300,Exhaustive-Expanded,3,3,0,1.0,0.0
98,300,Random-25,0,0,0,0.0,0.0
98,300,VeraDM-prior,1,1,0,0.3333333333333333,0.0
99,300,Exhaustive-Expanded,3,3,0,1.0,0.0
99,300,Random-25,0,0,0,0.0,0.0
99,300,VeraDM-prior,3,3,0,1.0,0.0
100,300,Exhaustive-Expanded,4,2,2,0.6666666666666666,0.5
100,300,Random-25,0,0,0,0.0,0.0
100,300,VeraDM-prior,3,3,0,1.0,0.0
101,300,Exhaustive-Expanded,2,2,0,0.6666666666666666,0.0
101,300,Random-25,0,0,0,0.0,0.0
101,300,VeraDM-prior,3,3,0,1.0,0.0
102,300,Exhaustive-Expanded,3,3,0,1.0,0.0
102,300,Random-25,1,0,1,0.0,1.0
102,300,VeraDM-prior,1,1,0,0.3333333333333333,0.0
103,300,Exhaustive-Expanded,1,1,0,0.3333333333333333,0.0
103,300,Random-25,0,0,0,0.0,0.0
103,300,VeraDM-prior,3,3,0,1.0,0.0
104,300,Exhaustive-Expanded,3,3,0,1.0,0.0
104,300,Random-25,2,2,0,0.6666666666666666,0.0
104,300,VeraDM-prior,3,3,0,1.0,0.0
105,300,Exhaustive-Expanded,3,3,0,1.0,0.0
105,300,Random-25,0,0,0,0.0,0.0
105,300,VeraDM-prior,3,2,1,0.6666666666666666,0.3333333333333333
106,300,Exhaustive-Expanded,3,3,0,1.0,0.0
106,300,Random-25,1,1,0,0.3333333333333333,0.0
106,300,VeraDM-prior,2,2,0,0.6666666666666666,0.0
107,300,Exhaustive-Expanded,3,3,0,1.0,0.0
107,300,Random-25,0,0,0,0.0,0.0
107,300,VeraDM-prior,4,3,1,1.0,0.25
108,300,Exhaustive-Expanded,3,3,0,1.0,0.0
108,300,Random-25,0,0,0,0.0,0.0
108,300,VeraDM-prior,2,2,0,0.6666666666666666,0.0
109,300,Exhaustive-Expanded,3,3,0,1.0,0.0
109,300,Random-25,1,1,0,0.3333333333333333,0.0
109,300,VeraDM-prior,3,3,0,1.0,0.0
110,300,Exhaustive-Expanded,4,3,1,1.0,0.25
110,300,Random-25,1,1,0,0.3333333333333333,0.0
110,300,VeraDM-prior,3,3,0,1.0,0.0
111,300,Exhaustive-Expanded,3,3,0,1.0,0.0
111,300,Random-25,0,0,0,0.0,0.0
111,300,VeraDM-prior,8,3,5,1.0,0.625
112,300,Exhaustive-Expanded,3,3,0,1.0,0.0
112,300,Random-25,0,0,0,0.0,0.0
112,300,VeraDM-prior,3,3,0,1.0,0.0
113,300,Exhaustive-Expanded,3,3,0,1.0,0.0
113,300,Random-25,1,1,0,0.3333333333333333,0.0
113,300,VeraDM-prior,3,2,1,0.6666666666666666,0.3333333333333333
114,300,Exhaustive-Expanded,4,2,2,0.6666666666666666,0.5
114,300,Random-25,0,0,0,0.0,0.0
114,300,VeraDM-prior,3,3,0,1.0,0.0
115,300,Exhaustive-Expanded,2,2,0,0.6666666666666666,0.0
115,300,Random-25,1,0,1,0.0,1.0
115,300,VeraDM-prior,2,2,0,0.6666666666666666,0.0
116,300,Exhaustive-Expanded,3,3,0,1.0,0.0
116,300,Random-25,0,0,0,0.0,0.0
116,300,VeraDM-prior,3,3,0,1.0,0.0
117,300,Exhaustive-Expanded,4,3,1,1.0,0.25
117,300,Random-25,0,0,0,0.0,0.0
117,300,VeraDM-prior,3,3,0,1.0,0.0
118,300,Exhaustive-Expanded,4,3,1,1.0,0.25
118,300,Random-25,1,1,0,0.3333333333333333,0.0
118,300,VeraDM-prior,2,2,0,0.6666666666666666,0.0
119,300,Exhaustive-Expanded,3,3,0,1.0,0.0
119,300,Random-25,0,0,0,0.0,0.0
119,300,VeraDM-prior,3,2,1,0.6666666666666666,0.3333333333333333
120,300,Exhaustive-Expanded,2,2,0,0.6666666666666666,0.0
120,300,Random-25,0,0,0,0.0,0.0
120,300,VeraDM-prior,3,3,0,1.0,0.0
121,300,Exhaustive-Expanded,3,3,0,1.0,0.0
121,300,Random-25,1,1,0,0.3333333333333333,0.0
121,300,VeraDM-prior,1,1,0,0.3333333333333333,0.0
122,300,Exhaustive-Expanded,4,3,1,1.0,0.25
122,300,Random-25,1,0,1,0.0,1.0
122,300,VeraDM-prior,3,3,0,1.0,0.0
123,300,Exhaustive-Expanded,3,3,0,1.0,0.0
123,300,Random-25,0,0,0,0.0,0.0
123,300,VeraDM-prior,3,3,0,1.0,0.0
124,300,Exhaustive-Expanded,3,3,0,1.0,0.0
124,300,Random-25,0,0,0,0.0,0.0
124,300,VeraDM-prior,4,3,1,1.0,0.25
125,300,Exhaustive-Expanded,3,3,0,1.0,0.0
125,300,Random-25,1,0,1,0.0,1.0
125,300,VeraDM-prior,3,3,0,1.0,0.0
126,300,Exhaustive-Expanded,3,3,0,1.0,0.0
126,300,Random-25,0,0,0,0.0,0.0
126,300,VeraDM-prior,3,3,0,1.0,0.0
127,300,Exhaustive-Expanded,5,3,2,1.0,0.4
127,300,Random-25,0,0,0,0.0,0.0
127,300,VeraDM-prior,2,2,0,0.6666666666666666,0.0
128,300,Exhaustive-Expanded,3,3,0,1.0,0.0
128,300,Random-25,0,0,0,0.0,0.0
128,300,VeraDM-prior,2,1,1,0.3333333333333333,0.5
129,300,Exhaustive-Expanded,2,2,0,0.6666666666666666,0.0
129,300,Random-25,0,0,0,0.0,0.0
129,300,VeraDM-prior,2,2,0,0.6666666666666666,0.0
130,300,Exhaustive-Expanded,4,3,1,1.0,0.25
130,300,Random-25,0,0,0,0.0,0.0
130,300,VeraDM-prior,4,3,1,1.0,0.25
131,300,Exhaustive-Expanded,4,3,1,1.0,0.25
131,300,Random-25,0,0,0,0.0,0.0
131,300,VeraDM-prior,2,2,0,0.6666666666666666,0.0
132,300,Exhaustive-Expanded,3,3,0,1.0,0.0
132,300,Random-25,0,0,0,0.0,0.0
132,300,VeraDM-prior,4,3,1,1.0,0.25
133,300,Exhaustive-Expanded,4,3,1,1.0,0.25
133,300,Random-25,0,0,0,0.0,0.0
133,300,VeraDM-prior,5,3,2,1.0,0.4
134,300,Exhaustive-Expanded,2,2,0,0.6666666666666666,0.0
134,300,Random-25,0,0,0,0.0,0.0
134,300,VeraDM-prior,3,3,0,1.0,0.0
135,300,Exhaustive-Expanded,3,3,0,1.0,0.0
135,300,Random-25,0,0,0,0.0,0.0
135,300,VeraDM-prior,3,3,0,1.0,0.0
136,300,Exhaustive-Expanded,5,3,2,1.0,0.4
136,300,Random-25,0,0,0,0.0,0.0
136,300,VeraDM-prior,2,2,0,0.6666666666666666,0.0
137,300,Exhaustive-Expanded,3,3,0,1.0,0.0
137,300,Random-25,0,0,0,0.0,0.0
137,300,VeraDM-prior,5,3,2,1.0,0.4
138,300,Exhaustive-Expanded,6,3,3,1.0,0.5
138,300,Random-25,0,0,0,0.0,0.0
138,300,VeraDM-prior,3,2,1,0.6666666666666666,0.3333333333333333
139,300,Exhaustive-Expanded,3,3,0,1.0,0.0
139,300,Random-25,0,0,0,0.0,0.0
139,300,VeraDM-prior,3,2,1,0.6666666666666666,0.3333333333333333
140,300,Exhaustive-Expanded,2,2,0,0.6666666666666666,0.0
140,300,Random-25,1,1,0,0.3333333333333333,0.0
140,300,VeraDM-prior,3,3,0,1.0,0.0
141,300,Exhaustive-Expanded,3,3,0,1.0,0.0
141,300,Random-25,0,0,0,0.0,0.0
141,300,VeraDM-prior,3,3,0,1.0,0.0
142,300,Exhaustive-Expanded,4,3,1,1.0,0.25
142,300,Random-25,1,0,1,0.0,1.0
142,300,VeraDM-prior,4,3,1,1.0,0.25
143,300,Exhaustive-Expanded,3,3,0,1.0,0.0
143,300,Random-25,0,0,0,0.0,0.0
143,300,VeraDM-prior,2,2,0,0.6666666666666666,0.0
144,300,Exhaustive-Expanded,4,3,1,1.0,0.25
144,300,Random-25,0,0,0,0.0,0.0
144,300,VeraDM-prior,2,2,0,0.6666666666666666,0.0
145,300,Exhaustive-Expanded,2,2,0,0.6666666666666666,0.0
145,300,Random-25,0,0,0,0.0,0.0
145,300,VeraDM-prior,4,3,1,1.0,0.25
146,300,Exhaustive-Expanded,3,3,0,1.0,0.0
146,300,Random-25,0,0,0,0.0,0.0
146,300,VeraDM-prior,2,1,1,0.3333333333333333,0.5
147,300,Exhaustive-Expanded,2,2,0,0.6666666666666666,0.0
147,300,Random-25,0,0,0,0.0,0.0
147,300,VeraDM-prior,1,1,0,0.3333333333333333,0.0
148,300,Exhaustive-Expanded,2,2,0,0.6666666666666666,0.0
148,300,Random-25,0,0,0,0.0,0.0
148,300,VeraDM-prior,2,2,0,0.6666666666666666,0.0
149,300,Exhaustive-Expanded,3,3,0,1.0,0.0
149,300,Random-25,0,0,0,0.0,0.0
149,300,VeraDM-prior,3,3,0,1.0,0.0
150,300,Exhaustive-Expanded,4,3,1,1.0,0.25
150,300,Random-25,0,0,0,0.0,0.0
150,300,VeraDM-prior,3,3,0,1.0,0.0
151,300,Exhaustive-Expanded,3,2,1,0.6666666666666666,0.3333333333333333
151,300,Random-25,0,0,0,0.0,0.0
151,300,VeraDM-prior,2,2,0,0.6666666666666666,0.0
152,300,Exhaustive-Expanded,6,3,3,1.0,0.5
152,300,Random-25,0,0,0,0.0,0.0
152,300,VeraDM-prior,2,2,0,0.6666666666666666,0.0
153,300,Exhaustive-Expanded,5,3,2,1.0,0.4
153,300,Random-25,0,0,0,0.0,0.0
153,300,VeraDM-prior,6,3,3,1.0,0.5
154,300,Exhaustive-Expanded,4,3,1,1.0,0.25
154,300,Random-25,0,0,0,0.0,0.0
154,300,VeraDM-prior,2,2,0,0.6666666666666666,0.0
155,300,Exhaustive-Expanded,3,3,0,1.0,0.0
155,300,Random-25,0,0,0,0.0,0.0
155,300,VeraDM-prior,2,2,0,0.6666666666666666,0.0
156,300,Exhaustive-Expanded,2,2,0,0.6666666666666666,0.0
156,300,Random-25,0,0,0,0.0,0.0
156,300,VeraDM-prior,3,3,0,1.0,0.0
157,300,Exhaustive-Expanded,4,3,1,1.0,0.25
157,300,Random-25,0,0,0,0.0,0.0
157,300,VeraDM-prior,2,2,0,0.6666666666666666,0.0
158,300,Exhaustive-Expanded,3,3,0,1.0,0.0
158,300,Random-25,0,0,0,0.0,0.0
158,300,VeraDM-prior,3,3,0,1.0,0.0
159,300,Exhaustive-Expanded,2,2,0,0.6666666666666666,0.0
159,300,Random-25,1,1,0,0.3333333333333333,0.0
159,300,VeraDM-prior,3,2,1,0.6666666666666666,0.3333333333333333
160,300,Exhaustive-Expanded,3,3,0,1.0,0.0
160,300,Random-25,0,0,0,0.0,0.0
160,300,VeraDM-prior,2,2,0,0.6666666666666666,0.0
161,300,Exhaustive-Expanded,4,3,1,1.0,0.25
161,300,Random-25,0,0,0,0.0,0.0
161,300,VeraDM-prior,4,3,1,1.0,0.25
162,300,Exhaustive-Expanded,3,3,0,1.0,0.0
162,300,Random-25,2,1,1,0.3333333333333333,0.5
162,300,VeraDM-prior,3,3,0,1.0,0.0
163,300,Exhaustive-Expanded,2,2,0,0.6666666666666666,0.0
163,300,Random-25,1,1,0,0.3333333333333333,0.0
163,300,VeraDM-prior,3,3,0,1.0,0.0
164,300,Exhaustive-Expanded,3,3,0,1.0,0.0
164,300,Random-25,0,0,0,0.0,0.0
164,300,VeraDM-prior,3,3,0,1.0,0.0
165,300,Exhaustive-Expanded,4,3,1,1.0,0.25
165,300,Random-25,0,0,0,0.0,0.0
165,300,VeraDM-prior,4,3,1,1.0,0.25
166,300,Exhaustive-Expanded,3,3,0,1.0,0.0
166,300,Random-25,0,0,0,0.0,0.0
166,300,VeraDM-prior,5,3,2,1.0,0.4
167,300,Exhaustive-Expanded,2,2,0,0.6666666666666666,0.0
167,300,Random-25,0,0,0,0.0,0.0
167,300,VeraDM-prior,3,3,0,1.0,0.0
168,300,Exhaustive-Expanded,4,3,1,1.0,0.25
168,300,Random-25,1,1,0,0.3333333333333333,0.0
168,300,VeraDM-prior,3,2,1,0.6666666666666666,0.3333333333333333
169,300,Exhaustive-Expanded,1,1,0,0.3333333333333333,0.0
169,300,Random-25,1,1,0,0.3333333333333333,0.0
169,300,VeraDM-prior,4,3,1,1.0,0.25
170,300,Exhaustive-Expanded,5,3,2,1.0,0.4
170,300,Random-25,0,0,0,0.0,0.0
170,300,VeraDM-prior,3,2,1,0.6666666666666666,0.3333333333333333
171,300,Exhaustive-Expanded,5,3,2,1.0,0.4
171,300,Random-25,0,0,0,0.0,0.0
171,300,VeraDM-prior,3,3,0,1.0,0.0
172,300,Exhaustive-Expanded,2,2,0,0.6666666666666666,0.0
172,300,Random-25,1,1,0,0.3333333333333333,0.0
172,300,VeraDM-prior,4,3,1,1.0,0.25
173,300,Exhaustive-Expanded,3,3,0,1.0,0.0
173,300,Random-25,1,1,0,0.3333333333333333,0.0
173,300,VeraDM-prior,3,3,0,1.0,0.0
174,300,Exhaustive-Expanded,4,3,1,1.0,0.25
174,300,Random-25,0,0,0,0.0,0.0
174,300,VeraDM-prior,1,1,0,0.3333333333333333,0.0
175,300,Exhaustive-Expanded,3,3,0,1.0,0.0
175,300,Random-25,0,0,0,0.0,0.0
175,300,VeraDM-prior,2,2,0,0.6666666666666666,0.0
176,300,Exhaustive-Expanded,3,3,0,1.0,0.0
176,300,Random-25,0,0,0,0.0,0.0
176,300,VeraDM-prior,3,3,0,1.0,0.0
177,300,Exhaustive-Expanded,2,2,0,0.6666666666666666,0.0
177,300,Random-25,0,0,0,0.0,0.0
177,300,VeraDM-prior,1,1,0,0.3333333333333333,0.0
178,300,Exhaustive-Expanded,5,3,2,1.0,0.4
178,300,Random-25,0,0,0,0.0,0.0
178,300,VeraDM-prior,3,2,1,0.6666666666666666,0.3333333333333333
179,300,Exhaustive-Expanded,3,3,0,1.0,0.0
179,300,Random-25,1,1,0,0.3333333333333333,0.0
179,300,VeraDM-prior,4,3,1,1.0,0.25
180,300,Exhaustive-Expanded,2,2,0,0.6666666666666666,0.0
180,300,Random-25,0,0,0,0.0,0.0
180,300,VeraDM-prior,4,3,1,1.0,0.25
181,300,Exhaustive-Expanded,2,2,0,0.6666666666666666,0.0
181,300,Random-25,0,0,0,0.0,0.0
181,300,VeraDM-prior,2,2,0,0.6666666666666666,0.0
182,300,Exhaustive-Expanded,4,3,1,1.0,0.25
182,300,Random-25,0,0,0,0.0,0.0
182,300,VeraDM-prior,2,2,0,0.6666666666666666,0.0
183,300,Exhaustive-Expanded,2,2,0,0.6666666666666666,0.0
183,300,Random-25,0,0,0,0.0,0.0
183,300,VeraDM-prior,0,0,0,0.0,0.0
184,300,Exhaustive-Expanded,4,3,1,1.0,0.25
184,300,Random-25,0,0,0,0.0,0.0
184,300,VeraDM-prior,1,1,0,0.3333333333333333,0.0
185,300,Exhaustive-Expanded,3,3,0,1.0,0.0
185,300,Random-25,1,1,0,0.3333333333333333,0.0
185,300,VeraDM-prior,3,3,0,1.0,0.0
186,300,Exhaustive-Expanded,2,2,0,0.6666666666666666,0.0
186,300,Random-25,0,0,0,0.0,0.0
186,300,VeraDM-prior,4,2,2,0.6666666666666666,0.5
187,300,Exhaustive-Expanded,2,2,0,0.6666666666666666,0.0
187,300,Random-25,2,0,2,0.0,1.0
187,300,VeraDM-prior,3,3,0,1.0,0.0
188,300,Exhaustive-Expanded,3,3,0,1.0,0.0
188,300,Random-25,0,0,0,0.0,0.0
188,300,VeraDM-prior,2,2,0,0.6666666666666666,0.0
189,300,Exhaustive-Expanded,3,3,0,1.0,0.0
189,300,Random-25,0,0,0,0.0,0.0
189,300,VeraDM-prior,1,1,0,0.3333333333333333,0.0
190,300,Exhaustive-Expanded,3,3,0,1.0,0.0
190,300,Random-25,0,0,0,0.0,0.0
190,300,VeraDM-prior,3,3,0,1.0,0.0
191,300,Exhaustive-Expanded,2,2,0,0.6666666666666666,0.0
191,300,Random-25,1,1,0,0.3333333333333333,0.0
191,300,VeraDM-prior,3,3,0,1.0,0.0
192,300,Exhaustive-Expanded,3,2,1,0.6666666666666666,0.3333333333333333
192,300,Random-25,0,0,0,0.0,0.0
192,300,VeraDM-prior,3,3,0,1.0,0.0
193,300,Exhaustive-Expanded,2,2,0,0.6666666666666666,0.0
193,300,Random-25,0,0,0,0.0,0.0
193,300,VeraDM-prior,2,2,0,0.6666666666666666,0.0
194,300,Exhaustive-Expanded,4,3,1,1.0,0.25
194,300,Random-25,0,0,0,0.0,0.0
194,300,VeraDM-prior,3,3,0,1.0,0.0
195,300,Exhaustive-Expanded,3,3,0,1.0,0.0
195,300,Random-25,0,0,0,0.0,0.0
195,300,VeraDM-prior,2,2,0,0.6666666666666666,0.0
196,300,Exhaustive-Expanded,3,3,0,1.0,0.0
196,300,Random-25,0,0,0,0.0,0.0
196,300,VeraDM-prior,2,2,0,0.6666666666666666,0.0
197,300,Exhaustive-Expanded,3,3,0,1.0,0.0
197,300,Random-25,0,0,0,0.0,0.0
197,300,VeraDM-prior,2,2,0,0.6666666666666666,0.0
198,300,Exhaustive-Expanded,3,3,0,1.0,0.0
198,300,Random-25,1,1,0,0.3333333333333333,0.0
198,300,VeraDM-prior,3,3,0,1.0,0.0
199,300,Exhaustive-Expanded,2,2,0,0.6666666666666666,0.0
199,300,Random-25,0,0,0,0.0,0.0
199,300,VeraDM-prior,3,2,1,0.6666666666666666,0.3333333333333333
200,300,Exhaustive-Expanded,3,3,0,1.0,0.0
200,300,Random-25,0,0,0,0.0,0.0
200,300,VeraDM-prior,3,3,0,1.0,0.0
201,300,Exhaustive-Expanded,3,3,0,1.0,0.0
201,300,Random-25,1,0,1,0.0,1.0
201,300,VeraDM-prior,3,3,0,1.0,0.0
202,300,Exhaustive-Expanded,2,2,0,0.6666666666666666,0.0
202,300,Random-25,0,0,0,0.0,0.0
202,300,VeraDM-prior,2,2,0,0.6666666666666666,0.0
203,300,Exhaustive-Expanded,3,2,1,0.6666666666666666,0.3333333333333333
203,300,Random-25,0,0,0,0.0,0.0
203,300,VeraDM-prior,1,1,0,0.3333333333333333,0.0
204,300,Exhaustive-Expanded,3,3,0,1.0,0.0
204,300,Random-25,0,0,0,0.0,0.0
204,300,VeraDM-prior,3,3,0,1.0,0.0
205,300,Exhaustive-Expanded,2,2,0,0.6666666666666666,0.0
205,300,Random-25,1,1,0,0.3333333333333333,0.0
205,300,VeraDM-prior,3,3,0,1.0,0.0
206,300,Exhaustive-Expanded,3,2,1,0.6666666666666666,0.3333333333333333
206,300,Random-25,0,0,0,0.0,0.0
206,300,VeraDM-prior,2,2,0,0.6666666666666666,0.0
207,300,Exhaustive-Expanded,3,3,0,1.0,0.0
207,300,Random-25,0,0,0,0.0,0.0
207,300,VeraDM-prior,3,3,0,1.0,0.0
208,300,Exhaustive-Expanded,5,3,2,1.0,0.4
208,300,Random-25,1,1,0,0.3333333333333333,0.0
208,300,VeraDM-prior,3,3,0,1.0,0.0
209,300,Exhaustive-Expanded,3,3,0,1.0,0.0
209,300,Random-25,0,0,0,0.0,0.0
209,300,VeraDM-prior,3,3,0,1.0,0.0
210,300,Exhaustive-Expanded,3,3,0,1.0,0.0
210,300,Random-25,0,0,0,0.0,0.0
210,300,VeraDM-prior,3,3,0,1.0,0.0
211,300,Exhaustive-Expanded,3,3,0,1.0,0.0
211,300,Random-25,0,0,0,0.0,0.0
211,300,VeraDM-prior,4,3,1,1.0,0.25
212,300,Exhaustive-Expanded,3,3,0,1.0,0.0
212,300,Random-25,0,0,0,0.0,0.0
212,300,VeraDM-prior,4,3,1,1.0,0.25
213,300,Exhaustive-Expanded,3,3,0,1.0,0.0
213,300,Random-25,1,0,1,0.0,1.0
213,300,VeraDM-prior,2,2,0,0.6666666666666666,0.0
214,300,Exhaustive-Expanded,4,3,1,1.0,0.25
214,300,Random-25,1,1,0,0.3333333333333333,0.0
214,300,VeraDM-prior,4,3,1,1.0,0.25
215,300,Exhaustive-Expanded,4,2,2,0.6666666666666666,0.5
215,300,Random-25,1,1,0,0.3333333333333333,0.0
215,300,VeraDM-prior,2,2,0,0.6666666666666666,0.0
216,300,Exhaustive-Expanded,3,3,0,1.0,0.0
216,300,Random-25,0,0,0,0.0,0.0
216,300,VeraDM-prior,2,2,0,0.6666666666666666,0.0
217,300,Exhaustive-Expanded,3,3,0,1.0,0.0
217,300,Random-25,0,0,0,0.0,0.0
217,300,VeraDM-prior,2,2,0,0.6666666666666666,0.0
218,300,Exhaustive-Expanded,3,3,0,1.0,0.0
218,300,Random-25,1,1,0,0.3333333333333333,0.0
218,300,VeraDM-prior,2,2,0,0.6666666666666666,0.0
219,300,Exhaustive-Expanded,3,3,0,1.0,0.0
219,300,Random-25,0,0,0,0.0,0.0
219,300,VeraDM-prior,2,2,0,0.6666666666666666,0.0
220,300,Exhaustive-Expanded,3,3,0,1.0,0.0
220,300,Random-25,0,0,0,0.0,0.0
220,300,VeraDM-prior,2,2,0,0.6666666666666666,0.0
221,300,Exhaustive-Expanded,3,3,0,1.0,0.0
221,300,Random-25,0,0,0,0.0,0.0
221,300,VeraDM-prior,3,3,0,1.0,0.0
222,300,Exhaustive-Expanded,3,3,0,1.0,0.0
222,300,Random-25,0,0,0,0.0,0.0
222,300,VeraDM-prior,3,3,0,1.0,0.0
223,300,Exhaustive-Expanded,3,3,0,1.0,0.0
223,300,Random-25,0,0,0,0.0,0.0
223,300,VeraDM-prior,3,2,1,0.6666666666666666,0.3333333333333333
224,300,Exhaustive-Expanded,3,3,0,1.0,0.0
224,300,Random-25,0,0,0,0.0,0.0
224,300,VeraDM-prior,1,1,0,0.3333333333333333,0.0
225,300,Exhaustive-Expanded,5,3,2,1.0,0.4
225,300,Random-25,0,0,0,0.0,0.0
225,300,VeraDM-prior,3,3,0,1.0,0.0
226,300,Exhaustive-Expanded,3,3,0,1.0,0.0
226,300,Random-25,1,1,0,0.3333333333333333,0.0
226,300,VeraDM-prior,4,3,1,1.0,0.25
227,300,Exhaustive-Expanded,3,3,0,1.0,0.0
227,300,Random-25,0,0,0,0.0,0.0
227,300,VeraDM-prior,4,3,1,1.0,0.25
228,300,Exhaustive-Expanded,3,3,0,1.0,0.0
228,300,Random-25,0,0,0,0.0,0.0
228,300,VeraDM-prior,3,3,0,1.0,0.0
229,300,Exhaustive-Expanded,3,3,0,1.0,0.0
229,300,Random-25,0,0,0,0.0,0.0
229,300,VeraDM-prior,3,3,0,1.0,0.0
230,300,Exhaustive-Expanded,7,3,4,1.0,0.5714285714285714
230,300,Random-25,2,0,2,0.0,1.0
230,300,VeraDM-prior,3,3,0,1.0,0.0
231,300,Exhaustive-Expanded,3,3,0,1.0,0.0
231,300,Random-25,2,2,0,0.6666666666666666,0.0
231,300,VeraDM-prior,4,3,1,1.0,0.25
232,300,Exhaustive-Expanded,3,3,0,1.0,0.0
232,300,Random-25,0,0,0,0.0,0.0
232,300,VeraDM-prior,2,2,0,0.6666666666666666,0.0
233,300,Exhaustive-Expanded,3,3,0,1.0,0.0
233,300,Random-25,0,0,0,0.0,0.0
233,300,VeraDM-prior,3,3,0,1.0,0.0
234,300,Exhaustive-Expanded,2,2,0,0.6666666666666666,0.0
234,300,Random-25,0,0,0,0.0,0.0
234,300,VeraDM-prior,3,3,0,1.0,0.0
235,300,Exhaustive-Expanded,3,3,0,1.0,0.0
235,300,Random-25,0,0,0,0.0,0.0
235,300,VeraDM-prior,3,3,0,1.0,0.0
236,300,Exhaustive-Expanded,3,3,0,1.0,0.0
236,300,Random-25,0,0,0,0.0,0.0
236,300,VeraDM-prior,3,3,0,1.0,0.0
237,300,Exhaustive-Expanded,2,2,0,0.6666666666666666,0.0
237,300,Random-25,0,0,0,0.0,0.0
237,300,VeraDM-prior,3,3,0,1.0,0.0
238,300,Exhaustive-Expanded,4,3,1,1.0,0.25
238,300,Random-25,0,0,0,0.0,0.0
238,300,VeraDM-prior,3,3,0,1.0,0.0
239,300,Exhaustive-Expanded,4,3,1,1.0,0.25
239,300,Random-25,0,0,0,0.0,0.0
239,300,VeraDM-prior,2,2,0,0.6666666666666666,0.0
240,300,Exhaustive-Expanded,4,3,1,1.0,0.25
240,300,Random-25,0,0,0,0.0,0.0
240,300,VeraDM-prior,2,2,0,0.6666666666666666,0.0
241,300,Exhaustive-Expanded,4,3,1,1.0,0.25
241,300,Random-25,3,2,1,0.6666666666666666,0.3333333333333333
241,300,VeraDM-prior,4,3,1,1.0,0.25
242,300,Exhaustive-Expanded,2,2,0,0.6666666666666666,0.0
242,300,Random-25,0,0,0,0.0,0.0
242,300,VeraDM-prior,4,3,1,1.0,0.25
243,300,Exhaustive-Expanded,4,3,1,1.0,0.25
243,300,Random-25,0,0,0,0.0,0.0
243,300,VeraDM-prior,1,1,0,0.3333333333333333,0.0
244,300,Exhaustive-Expanded,5,3,2,1.0,0.4
244,300,Random-25,1,1,0,0.3333333333333333,0.0
244,300,VeraDM-prior,3,3,0,1.0,0.0
245,300,Exhaustive-Expanded,3,3,0,1.0,0.0
245,300,Random-25,0,0,0,0.0,0.0
245,300,VeraDM-prior,2,2,0,0.6666666666666666,0.0
246,300,Exhaustive-Expanded,5,2,3,0.6666666666666666,0.6
246,300,Random-25,0,0,0,0.0,0.0
246,300,VeraDM-prior,2,2,0,0.6666666666666666,0.0
247,300,Exhaustive-Expanded,3,3,0,1.0,0.0
247,300,Random-25,1,0,1,0.0,1.0
247,300,VeraDM-prior,3,3,0,1.0,0.0
248,300,Exhaustive-Expanded,3,3,0,1.0,0.0
248,300,Random-25,0,0,0,0.0,0.0
248,300,VeraDM-prior,2,2,0,0.6666666666666666,0.0
249,300,Exhaustive-Expanded,2,2,0,0.6666666666666666,0.0
249,300,Random-25,1,1,0,0.3333333333333333,0.0
249,300,VeraDM-prior,1,1,0,0.3333333333333333,0.0
250,300,Exhaustive-Expanded,3,3,0,1.0,0.0
250,300,Random-25,0,0,0,0.0,0.0
250,300,VeraDM-prior,3,2,1,0.6666666666666666,0.3333333333333333
251,300,Exhaustive-Expanded,3,3,0,1.0,0.0
251,300,Random-25,0,0,0,0.0,0.0
251,300,VeraDM-prior,2,2,0,0.6666666666666666,0.0
252,300,Exhaustive-Expanded,2,2,0,0.6666666666666666,0.0
252,300,Random-25,0,0,0,0.0,0.0
252,300,VeraDM-prior,2,2,0,0.6666666666666666,0.0
253,300,Exhaustive-Expanded,2,2,0,0.6666666666666666,0.0
253,300,Random-25,0,0,0,0.0,0.0
253,300,VeraDM-prior,2,2,0,0.6666666666666666,0.0
254,300,Exhaustive-Expanded,3,3,0,1.0,0.0
254,300,Random-25,0,0,0,0.0,0.0
254,300,VeraDM-prior,3,3,0,1.0,0.0
255,300,Exhaustive-Expanded,4,3,1,1.0,0.25
255,300,Random-25,0,0,0,0.0,0.0
255,300,VeraDM-prior,2,2,0,0.6666666666666666,0.0
256,300,Exhaustive-Expanded,3,3,0,1.0,0.0
256,300,Random-25,1,1,0,0.3333333333333333,0.0
256,300,VeraDM-prior,4,3,1,1.0,0.25
257,300,Exhaustive-Expanded,3,3,0,1.0,0.0
257,300,Random-25,0,0,0,0.0,0.0
257,300,VeraDM-prior,2,2,0,0.6666666666666666,0.0
258,300,Exhaustive-Expanded,3,3,0,1.0,0.0
258,300,Random-25,0,0,0,0.0,0.0
258,300,VeraDM-prior,2,2,0,0.6666666666666666,0.0
259,300,Exhaustive-Expanded,3,3,0,1.0,0.0
259,300,Random-25,0,0,0,0.0,0.0
259,300,VeraDM-prior,1,1,0,0.3333333333333333,0.0
260,300,Exhaustive-Expanded,2,2,0,0.6666666666666666,0.0
260,300,Random-25,0,0,0,0.0,0.0
260,300,VeraDM-prior,1,1,0,0.3333333333333333,0.0
261,300,Exhaustive-Expanded,3,3,0,1.0,0.0
261,300,Random-25,1,0,1,0.0,1.0
261,300,VeraDM-prior,3,3,0,1.0,0.0
262,300,Exhaustive-Expanded,4,3,1,1.0,0.25
262,300,Random-25,2,0,2,0.0,1.0
262,300,VeraDM-prior,3,3,0,1.0,0.0
263,300,Exhaustive-Expanded,3,3,0,1.0,0.0
263,300,Random-25,1,1,0,0.3333333333333333,0.0
263,300,VeraDM-prior,3,3,0,1.0,0.0
264,300,Exhaustive-Expanded,2,2,0,0.6666666666666666,0.0
264,300,Random-25,1,1,0,0.3333333333333333,0.0
264,300,VeraDM-prior,4,3,1,1.0,0.25
265,300,Exhaustive-Expanded,3,3,0,1.0,0.0
265,300,Random-25,1,1,0,0.3333333333333333,0.0
265,300,VeraDM-prior,3,3,0,1.0,0.0
266,300,Exhaustive-Expanded,3,3,0,1.0,0.0
266,300,Random-25,0,0,0,0.0,0.0
266,300,VeraDM-prior,2,2,0,0.6666666666666666,0.0
267,300,Exhaustive-Expanded,3,3,0,1.0,0.0
267,300,Random-25,1,0,1,0.0,1.0
267,300,VeraDM-prior,2,2,0,0.6666666666666666,0.0
268,300,Exhaustive-Expanded,3,3,0,1.0,0.0
268,300,Random-25,0,0,0,0.0,0.0
268,300,VeraDM-prior,2,2,0,0.6666666666666666,0.0
269,300,Exhaustive-Expanded,3,3,0,1.0,0.0
269,300,Random-25,0,0,0,0.0,0.0
269,300,VeraDM-prior,3,3,0,1.0,0.0
270,300,Exhaustive-Expanded,4,3,1,1.0,0.25
270,300,Random-25,2,2,0,0.6666666666666666,0.0
270,300,VeraDM-prior,5,3,2,1.0,0.4
271,300,Exhaustive-Expanded,4,3,1,1.0,0.25
271,300,Random-25,0,0,0,0.0,0.0
271,300,VeraDM-prior,3,3,0,1.0,0.0
272,300,Exhaustive-Expanded,5,3,2,1.0,0.4
272,300,Random-25,0,0,0,0.0,0.0
272,300,VeraDM-prior,3,3,0,1.0,0.0
273,300,Exhaustive-Expanded,3,3,0,1.0,0.0
273,300,Random-25,0,0,0,0.0,0.0
273,300,VeraDM-prior,3,3,0,1.0,0.0
274,300,Exhaustive-Expanded,3,3,0,1.0,0.0
274,300,Random-25,2,2,0,0.6666666666666666,0.0
274,300,VeraDM-prior,2,2,0,0.6666666666666666,0.0
275,300,Exhaustive-Expanded,4,3,1,1.0,0.25
275,300,Random-25,0,0,0,0.0,0.0
275,300,VeraDM-prior,3,3,0,1.0,0.0
276,300,Exhaustive-Expanded,3,2,1,0.6666666666666666,0.3333333333333333
276,300,Random-25,0,0,0,0.0,0.0
276,300,VeraDM-prior,2,2,0,0.6666666666666666,0.0
277,300,Exhaustive-Expanded,3,3,0,1.0,0.0
277,300,Random-25,0,0,0,0.0,0.0
277,300,VeraDM-prior,2,2,0,0.6666666666666666,0.0
278,300,Exhaustive-Expanded,1,1,0,0.3333333333333333,0.0
278,300,Random-25,0,0,0,0.0,0.0
278,300,VeraDM-prior,4,3,1,1.0,0.25
279,300,Exhaustive-Expanded,2,2,0,0.6666666666666666,0.0
279,300,Random-25,0,0,0,0.0,0.0
279,300,VeraDM-prior,5,3,2,1.0,0.4
280,300,Exhaustive-Expanded,3,3,0,1.0,0.0
280,300,Random-25,1,0,1,0.0,1.0
280,300,VeraDM-prior,3,3,0,1.0,0.0
281,300,Exhaustive-Expanded,3,3,0,1.0,0.0
281,300,Random-25,1,0,1,0.0,1.0
281,300,VeraDM-prior,4,3,1,1.0,0.25
282,300,Exhaustive-Expanded,6,3,3,1.0,0.5
282,300,Random-25,0,0,0,0.0,0.0
282,300,VeraDM-prior,3,3,0,1.0,0.0
283,300,Exhaustive-Expanded,4,3,1,1.0,0.25
283,300,Random-25,0,0,0,0.0,0.0
283,300,VeraDM-prior,2,2,0,0.6666666666666666,0.0
284,300,Exhaustive-Expanded,2,2,0,0.6666666666666666,0.0
284,300,Random-25,0,0,0,0.0,0.0
284,300,VeraDM-prior,2,2,0,0.6666666666666666,0.0
285,300,Exhaustive-Expanded,3,3,0,1.0,0.0
285,300,Random-25,2,1,1,0.3333333333333333,0.5
285,300,VeraDM-prior,3,2,1,0.6666666666666666,0.3333333333333333
286,300,Exhaustive-Expanded,3,3,0,1.0,0.0
286,300,Random-25,1,0,1,0.0,1.0
286,300,VeraDM-prior,3,3,0,1.0,0.0
287,300,Exhaustive-Expanded,3,3,0,1.0,0.0
287,300,Random-25,1,1,0,0.3333333333333333,0.0
287,300,VeraDM-prior,4,3,1,1.0,0.25
288,300,Exhaustive-Expanded,4,3,1,1.0,0.25
288,300,Random-25,0,0,0,0.0,0.0
288,300,VeraDM-prior,5,3,2,1.0,0.4
289,300,Exhaustive-Expanded,4,3,1,1.0,0.25
289,300,Random-25,0,0,0,0.0,0.0
289,300,VeraDM-prior,4,3,1,1.0,0.25
290,300,Exhaustive-Expanded,2,2,0,0.6666666666666666,0.0
290,300,Random-25,0,0,0,0.0,0.0
290,300,VeraDM-prior,2,2,0,0.6666666666666666,0.0
291,300,Exhaustive-Expanded,2,2,0,0.6666666666666666,0.0
291,300,Random-25,0,0,0,0.0,0.0
291,300,VeraDM-prior,2,2,0,0.6666666666666666,0.0
292,300,Exhaustive-Expanded,3,3,0,1.0,0.0
292,300,Random-25,2,0,2,0.0,1.0
292,300,VeraDM-prior,3,3,0,1.0,0.0
293,300,Exhaustive-Expanded,3,3,0,1.0,0.0
293,300,Random-25,0,0,0,0.0,0.0
293,300,VeraDM-prior,3,3,0,1.0,0.0
294,300,Exhaustive-Expanded,3,3,0,1.0,0.0
294,300,Random-25,3,0,3,0.0,1.0
294,300,VeraDM-prior,2,2,0,0.6666666666666666,0.0
295,300,Exhaustive-Expanded,3,3,0,1.0,0.0
295,300,Random-25,0,0,0,0.0,0.0
295,300,VeraDM-prior,2,2,0,0.6666666666666666,0.0
296,300,Exhaustive-Expanded,3,3,0,1.0,0.0
296,300,Random-25,0,0,0,0.0,0.0
296,300,VeraDM-prior,2,2,0,0.6666666666666666,0.0
297,300,Exhaustive-Expanded,3,3,0,1.0,0.0
297,300,Random-25,0,0,0,0.0,0.0
297,300,VeraDM-prior,3,2,1,0.6666666666666666,0.3333333333333333
298,300,Exhaustive-Expanded,6,3,3,1.0,0.5
298,300,Random-25,0,0,0,0.0,0.0
298,300,VeraDM-prior,3,2,1,0.6666666666666666,0.3333333333333333
299,300,Exhaustive-Expanded,5,3,2,1.0,0.4
299,300,Random-25,0,0,0,0.0,0.0
299,300,VeraDM-prior,2,2,0,0.6666666666666666,0.0
300,300,Exhaustive-Expanded,3,3,0,1.0,0.0
300,300,Random-25,0,0,0,0.0,0.0
300,300,VeraDM-prior,2,2,0,0.6666666666666666,0.0
301,300,Exhaustive-Expanded,2,2,0,0.6666666666666666,0.0
301,300,Random-25,0,0,0,0.0,0.0
301,300,VeraDM-prior,1,1,0,0.3333333333333333,0.0
302,300,Exhaustive-Expanded,4,3,1,1.0,0.25
302,300,Random-25,0,0,0,0.0,0.0
302,300,VeraDM-prior,3,3,0,1.0,0.0
303,300,Exhaustive-Expanded,3,3,0,1.0,0.0
303,300,Random-25,2,1,1,0.3333333333333333,0.5
303,300,VeraDM-prior,3,3,0,1.0,0.0
304,300,Exhaustive-Expanded,4,3,1,1.0,0.25
304,300,Random-25,2,1,1,0.3333333333333333,0.5
304,300,VeraDM-prior,4,3,1,1.0,0.25
305,300,Exhaustive-Expanded,2,2,0,0.6666666666666666,0.0
305,300,Random-25,2,1,1,0.3333333333333333,0.5
305,300,VeraDM-prior,5,3,2,1.0,0.4
306,300,Exhaustive-Expanded,4,3,1,1.0,0.25
306,300,Random-25,0,0,0,0.0,0.0
306,300,VeraDM-prior,3,3,0,1.0,0.0
307,300,Exhaustive-Expanded,3,3,0,1.0,0.0
307,300,Random-25,0,0,0,0.0,0.0
307,300,VeraDM-prior,3,2,1,0.6666666666666666,0.3333333333333333
308,300,Exhaustive-Expanded,3,3,0,1.0,0.0
308,300,Random-25,0,0,0,0.0,0.0
308,300,VeraDM-prior,3,2,1,0.6666666666666666,0.3333333333333333
309,300,Exhaustive-Expanded,3,3,0,1.0,0.0
309,300,Random-25,1,1,0,0.3333333333333333,0.0
309,300,VeraDM-prior,4,3,1,1.0,0.25
310,300,Exhaustive-Expanded,2,2,0,0.6666666666666666,0.0
310,300,Random-25,0,0,0,0.0,0.0
310,300,VeraDM-prior,3,2,1,0.6666666666666666,0.3333333333333333
311,300,Exhaustive-Expanded,0,0,0,0.0,0.0
311,300,Random-25,0,0,0,0.0,0.0
311,300,VeraDM-prior,3,3,0,1.0,0.0
312,300,Exhaustive-Expanded,4,3,1,1.0,0.25
312,300,Random-25,0,0,0,0.0,0.0
312,300,VeraDM-prior,2,2,0,0.6666666666666666,0.0
313,300,Exhaustive-Expanded,4,3,1,1.0,0.25
313,300,Random-25,0,0,0,0.0,0.0
313,300,VeraDM-prior,2,2,0,0.6666666666666666,0.0
314,300,Exhaustive-Expanded,5,3,2,1.0,0.4
314,300,Random-25,0,0,0,0.0,0.0
314,300,VeraDM-prior,2,2,0,0.6666666666666666,0.0
315,300,Exhaustive-Expanded,3,3,0,1.0,0.0
315,300,Random-25,1,1,0,0.3333333333333333,0.0
315,300,VeraDM-prior,3,2,1,0.6666666666666666,0.3333333333333333
316,300,Exhaustive-Expanded,2,2,0,0.6666666666666666,0.0
316,300,Random-25,0,0,0,0.0,0.0
316,300,VeraDM-prior,5,3,2,1.0,0.4
317,300,Exhaustive-Expanded,3,3,0,1.0,0.0
317,300,Random-25,1,1,0,0.3333333333333333,0.0
317,300,VeraDM-prior,3,3,0,1.0,0.0
318,300,Exhaustive-Expanded,3,3,0,1.0,0.0
318,300,Random-25,2,0,2,0.0,1.0
318,300,VeraDM-prior,2,2,0,0.6666666666666666,0.0
319,300,Exhaustive-Expanded,3,3,0,1.0,0.0
319,300,Random-25,0,0,0,0.0,0.0
319,300,VeraDM-prior,4,3,1,1.0,0.25
320,300,Exhaustive-Expanded,3,3,0,1.0,0.0
320,300,Random-25,0,0,0,0.0,0.0
320,300,VeraDM-prior,3,3,0,1.0,0.0
321,300,Exhaustive-Expanded,2,2,0,0.6666666666666666,0.0
321,300,Random-25,0,0,0,0.0,0.0
321,300,VeraDM-prior,3,3,0,1.0,0.0
322,300,Exhaustive-Expanded,1,1,0,0.3333333333333333,0.0
322,300,Random-25,1,0,1,0.0,1.0
322,300,VeraDM-prior,3,3,0,1.0,0.0
323,300,Exhaustive-Expanded,3,3,0,1.0,0.0
323,300,Random-25,0,0,0,0.0,0.0
323,300,VeraDM-prior,2,2,0,0.6666666666666666,0.0
324,300,Exhaustive-Expanded,3,3,0,1.0,0.0
324,300,Random-25,0,0,0,0.0,0.0
324,300,VeraDM-prior,4,3,1,1.0,0.25
325,300,Exhaustive-Expanded,3,3,0,1.0,0.0
325,300,Random-25,0,0,0,0.0,0.0
325,300,VeraDM-prior,4,3,1,1.0,0.25
326,300,Exhaustive-Expanded,3,3,0,1.0,0.0
326,300,Random-25,0,0,0,0.0,0.0
326,300,VeraDM-prior,2,2,0,0.6666666666666666,0.0
327,300,Exhaustive-Expanded,3,3,0,1.0,0.0
327,300,Random-25,0,0,0,0.0,0.0
327,300,VeraDM-prior,2,2,0,0.6666666666666666,0.0
328,300,Exhaustive-Expanded,3,3,0,1.0,0.0
328,300,Random-25,0,0,0,0.0,0.0
328,300,VeraDM-prior,3,3,0,1.0,0.0
329,300,Exhaustive-Expanded,3,3,0,1.0,0.0
329,300,Random-25,1,1,0,0.3333333333333333,0.0
329,300,VeraDM-prior,2,2,0,0.6666666666666666,0.0
330,300,Exhaustive-Expanded,4,1,3,0.3333333333333333,0.75
330,300,Random-25,0,0,0,0.0,0.0
330,300,VeraDM-prior,3,3,0,1.0,0.0
331,300,Exhaustive-Expanded,7,3,4,1.0,0.5714285714285714
331,300,Random-25,0,0,0,0.0,0.0
331,300,VeraDM-prior,2,2,0,0.6666666666666666,0.0
332,300,Exhaustive-Expanded,4,3,1,1.0,0.25
332,300,Random-25,1,0,1,0.0,1.0
332,300,VeraDM-prior,2,2,0,0.6666666666666666,0.0
333,300,Exhaustive-Expanded,4,3,1,1.0,0.25
333,300,Random-25,0,0,0,0.0,0.0
333,300,VeraDM-prior,4,3,1,1.0,0.25
334,300,Exhaustive-Expanded,3,3,0,1.0,0.0
334,300,Random-25,0,0,0,0.0,0.0
334,300,VeraDM-prior,3,3,0,1.0,0.0
335,300,Exhaustive-Expanded,3,3,0,1.0,0.0
335,300,Random-25,1,1,0,0.3333333333333333,0.0
335,300,VeraDM-prior,3,3,0,1.0,0.0
336,300,Exhaustive-Expanded,3,2,1,0.6666666666666666,0.3333333333333333
336,300,Random-25,1,1,0,0.3333333333333333,0.0
336,300,VeraDM-prior,3,3,0,1.0,0.0
337,300,Exhaustive-Expanded,4,3,1,1.0,0.25
337,300,Random-25,0,0,0,0.0,0.0
337,300,VeraDM-prior,3,3,0,1.0,0.0
338,300,Exhaustive-Expanded,2,2,0,0.6666666666666666,0.0
338,300,Random-25,0,0,0,0.0,0.0
338,300,VeraDM-prior,2,2,0,0.6666666666666666,0.0
339,300,Exhaustive-Expanded,3,3,0,1.0,0.0
339,300,Random-25,0,0,0,0.0,0.0
339,300,VeraDM-prior,3,3,0,1.0,0.0
340,300,Exhaustive-Expanded,3,3,0,1.0,0.0
340,300,Random-25,0,0,0,0.0,0.0
340,300,VeraDM-prior,3,3,0,1.0,0.0
341,300,Exhaustive-Expanded,4,3,1,1.0,0.25
341,300,Random-25,0,0,0,0.0,0.0
341,300,VeraDM-prior,3,3,0,1.0,0.0
342,300,Exhaustive-Expanded,4,3,1,1.0,0.25
342,300,Random-25,1,1,0,0.3333333333333333,0.0
342,300,VeraDM-prior,3,3,0,1.0,0.0
343,300,Exhaustive-Expanded,3,3,0,1.0,0.0
343,300,Random-25,0,0,0,0.0,0.0
343,300,VeraDM-prior,3,3,0,1.0,0.0
344,300,Exhaustive-Expanded,4,3,1,1.0,0.25
344,300,Random-25,0,0,0,0.0,0.0
344,300,VeraDM-prior,1,1,0,0.3333333333333333,0.0
345,300,Exhaustive-Expanded,4,3,1,1.0,0.25
345,300,Random-25,3,2,1,0.6666666666666666,0.3333333333333333
345,300,VeraDM-prior,3,2,1,0.6666666666666666,0.3333333333333333
346,300,Exhaustive-Expanded,4,3,1,1.0,0.25
346,300,Random-25,1,1,0,0.3333333333333333,0.0
346,300,VeraDM-prior,3,3,0,1.0,0.0
347,300,Exhaustive-Expanded,3,3,0,1.0,0.0
347,300,Random-25,0,0,0,0.0,0.0
347,300,VeraDM-prior,3,3,0,1.0,0.0
348,300,Exhaustive-Expanded,5,3,2,1.0,0.4
348,300,Random-25,1,1,0,0.3333333333333333,0.0
348,300,VeraDM-prior,2,2,0,0.6666666666666666,0.0
349,300,Exhaustive-Expanded,2,2,0,0.6666666666666666,0.0
349,300,Random-25,1,0,1,0.0,1.0
349,300,VeraDM-prior,3,3,0,1.0,0.0
350,300,Exhaustive-Expanded,3,3,0,1.0,0.0
350,300,Random-25,1,0,1,0.0,1.0
350,300,VeraDM-prior,3,3,0,1.0,0.0
351,300,Exhaustive-Expanded,3,3,0,1.0,0.0
351,300,Random-25,0,0,0,0.0,0.0
351,300,VeraDM-prior,3,3,0,1.0,0.0
352,300,Exhaustive-Expanded,3,3,0,1.0,0.0
352,300,Random-25,0,0,0,0.0,0.0
352,300,VeraDM-prior,3,3,0,1.0,0.0
353,300,Exhaustive-Expanded,3,3,0,1.0,0.0
353,300,Random-25,0,0,0,0.0,0.0
353,300,VeraDM-prior,3,3,0,1.0,0.0
354,300,Exhaustive-Expanded,5,3,2,1.0,0.4
354,300,Random-25,0,0,0,0.0,0.0
354,300,VeraDM-prior,3,3,0,1.0,0.0
355,300,Exhaustive-Expanded,6,3,3,1.0,0.5
355,300,Random-25,0,0,0,0.0,0.0
355,300,VeraDM-prior,4,2,2,0.6666666666666666,0.5
356,300,Exhaustive-Expanded,4,3,1,1.0,0.25
356,300,Random-25,1,0,1,0.0,1.0
356,300,VeraDM-prior,3,3,0,1.0,0.0
357,300,Exhaustive-Expanded,3,3,0,1.0,0.0
357,300,Random-25,0,0,0,0.0,0.0
357,300,VeraDM-prior,4,3,1,1.0,0.25
358,300,Exhaustive-Expanded,3,3,0,1.0,0.0
358,300,Random-25,0,0,0,0.0,0.0
358,300,VeraDM-prior,5,3,2,1.0,0.4
359,300,Exhaustive-Expanded,3,3,0,1.0,0.0
359,300,Random-25,0,0,0,0.0,0.0
359,300,VeraDM-prior,3,2,1,0.6666666666666666,0.3333333333333333
360,300,Exhaustive-Expanded,3,2,1,0.6666666666666666,0.3333333333333333
360,300,Random-25,0,0,0,0.0,0.0
360,300,VeraDM-prior,3,3,0,1.0,0.0
361,300,Exhaustive-Expanded,3,3,0,1.0,0.0
361,300,Random-25,0,0,0,0.0,0.0
361,300,VeraDM-prior,2,2,0,0.6666666666666666,0.0
362,300,Exhaustive-Expanded,3,3,0,1.0,0.0
362,300,Random-25,1,1,0,0.3333333333333333,0.0
362,300,VeraDM-prior,3,3,0,1.0,0.0
363,300,Exhaustive-Expanded,3,3,0,1.0,0.0
363,300,Random-25,1,1,0,0.3333333333333333,0.0
363,300,VeraDM-prior,2,2,0,0.6666666666666666,0.0
364,300,Exhaustive-Expanded,3,3,0,1.0,0.0
364,300,Random-25,0,0,0,0.0,0.0
364,300,VeraDM-prior,2,2,0,0.6666666666666666,0.0
365,300,Exhaustive-Expanded,3,3,0,1.0,0.0
365,300,Random-25,1,1,0,0.3333333333333333,0.0
365,300,VeraDM-prior,1,1,0,0.3333333333333333,0.0
366,300,Exhaustive-Expanded,2,2,0,0.6666666666666666,0.0
366,300,Random-25,0,0,0,0.0,0.0
366,300,VeraDM-prior,2,2,0,0.6666666666666666,0.0
367,300,Exhaustive-Expanded,1,1,0,0.3333333333333333,0.0
367,300,Random-25,0,0,0,0.0,0.0
367,300,VeraDM-prior,1,1,0,0.3333333333333333,0.0
368,300,Exhaustive-Expanded,2,2,0,0.6666666666666666,0.0
368,300,Random-25,1,0,1,0.0,1.0
368,300,VeraDM-prior,6,3,3,1.0,0.5
369,300,Exhaustive-Expanded,2,2,0,0.6666666666666666,0.0
369,300,Random-25,0,0,0,0.0,0.0
369,300,VeraDM-prior,3,3,0,1.0,0.0
370,300,Exhaustive-Expanded,5,3,2,1.0,0.4
370,300,Random-25,1,1,0,0.3333333333333333,0.0
370,300,VeraDM-prior,2,2,0,0.6666666666666666,0.0
371,300,Exhaustive-Expanded,2,2,0,0.6666666666666666,0.0
371,300,Random-25,0,0,0,0.0,0.0
371,300,VeraDM-prior,4,3,1,1.0,0.25
372,300,Exhaustive-Expanded,2,2,0,0.6666666666666666,0.0
372,300,Random-25,1,1,0,0.3333333333333333,0.0
372,300,VeraDM-prior,3,3,0,1.0,0.0
373,300,Exhaustive-Expanded,2,2,0,0.6666666666666666,0.0
373,300,Random-25,0,0,0,0.0,0.0
373,300,VeraDM-prior,4,3,1,1.0,0.25
374,300,Exhaustive-Expanded,3,3,0,1.0,0.0
374,300,Random-25,0,0,0,0.0,0.0
374,300,VeraDM-prior,3,3,0,1.0,0.0
375,300,Exhaustive-Expanded,3,2,1,0.6666666666666666,0.3333333333333333
375,300,Random-25,1,1,0,0.3333333333333333,0.0
375,300,VeraDM-prior,5,3,2,1.0,0.4
376,300,Exhaustive-Expanded,4,3,1,1.0,0.25
376,300,Random-25,0,0,0,0.0,0.0
376,300,VeraDM-prior,3,3,0,1.0,0.0
377,300,Exhaustive-Expanded,3,3,0,1.0,0.0
377,300,Random-25,1,1,0,0.3333333333333333,0.0
377,300,VeraDM-prior,3,3,0,1.0,0.0
378,300,Exhaustive-Expanded,3,3,0,1.0,0.0
378,300,Random-25,2,1,1,0.3333333333333333,0.5
378,300,VeraDM-prior,2,2,0,0.6666666666666666,0.0
379,300,Exhaustive-Expanded,3,3,0,1.0,0.0
379,300,Random-25,1,1,0,0.3333333333333333,0.0
379,300,VeraDM-prior,2,2,0,0.6666666666666666,0.0
380,300,Exhaustive-Expanded,2,2,0,0.6666666666666666,0.0
380,300,Random-25,0,0,0,0.0,0.0
380,300,VeraDM-prior,3,3,0,1.0,0.0
381,300,Exhaustive-Expanded,3,3,0,1.0,0.0
381,300,Random-25,0,0,0,0.0,0.0
381,300,VeraDM-prior,3,3,0,1.0,0.0
382,300,Exhaustive-Expanded,3,2,1,0.6666666666666666,0.3333333333333333
382,300,Random-25,0,0,0,0.0,0.0
382,300,VeraDM-prior,4,3,1,1.0,0.25
383,300,Exhaustive-Expanded,3,3,0,1.0,0.0
383,300,Random-25,0,0,0,0.0,0.0
383,300,VeraDM-prior,4,3,1,1.0,0.25
384,300,Exhaustive-Expanded,4,3,1,1.0,0.25
384,300,Random-25,0,0,0,0.0,0.0
384,300,VeraDM-prior,4,3,1,1.0,0.25
385,300,Exhaustive-Expanded,4,3,1,1.0,0.25
385,300,Random-25,0,0,0,0.0,0.0
385,300,VeraDM-prior,3,3,0,1.0,0.0
386,300,Exhaustive-Expanded,3,3,0,1.0,0.0
386,300,Random-25,0,0,0,0.0,0.0
386,300,VeraDM-prior,3,2,1,0.6666666666666666,0.3333333333333333
387,300,Exhaustive-Expanded,3,3,0,1.0,0.0
387,300,Random-25,0,0,0,0.0,0.0
387,300,VeraDM-prior,2,2,0,0.6666666666666666,0.0
388,300,Exhaustive-Expanded,2,2,0,0.6666666666666666,0.0
388,300,Random-25,2,0,2,0.0,1.0
388,300,VeraDM-prior,3,3,0,1.0,0.0
389,300,Exhaustive-Expanded,2,2,0,0.6666666666666666,0.0
389,300,Random-25,0,0,0,0.0,0.0
389,300,VeraDM-prior,2,2,0,0.6666666666666666,0.0
390,300,Exhaustive-Expanded,2,2,0,0.6666666666666666,0.0
390,300,Random-25,0,0,0,0.0,0.0
390,300,VeraDM-prior,2,2,0,0.6666666666666666,0.0
391,300,Exhaustive-Expanded,3,3,0,1.0,0.0
391,300,Random-25,0,0,0,0.0,0.0
391,300,VeraDM-prior,1,1,0,0.3333333333333333,0.0
392,300,Exhaustive-Expanded,3,3,0,1.0,0.0
392,300,Random-25,0,0,0,0.0,0.0
392,300,VeraDM-prior,5,3,2,1.0,0.4
393,300,Exhaustive-Expanded,2,2,0,0.6666666666666666,0.0
393,300,Random-25,0,0,0,0.0,0.0
393,300,VeraDM-prior,1,1,0,0.3333333333333333,0.0
394,300,Exhaustive-Expanded,3,3,0,1.0,0.0
394,300,Random-25,0,0,0,0.0,0.0
394,300,VeraDM-prior,3,3,0,1.0,0.0
395,300,Exhaustive-Expanded,2,2,0,0.6666666666666666,0.0
395,300,Random-25,0,0,0,0.0,0.0
395,300,VeraDM-prior,3,3,0,1.0,0.0
396,300,Exhaustive-Expanded,5,3,2,1.0,0.4
396,300,Random-25,0,0,0,0.0,0.0
396,300,VeraDM-prior,3,3,0,1.0,0.0
397,300,Exhaustive-Expanded,3,3,0,1.0,0.0
397,300,Random-25,1,0,1,0.0,1.0
397,300,VeraDM-prior,4,3,1,1.0,0.25
398,300,Exhaustive-Expanded,3,3,0,1.0,0.0
398,300,Random-25,2,0,2,0.0,1.0
398,300,VeraDM-prior,4,3,1,1.0,0.25
399,300,Exhaustive-Expanded,4,3,1,1.0,0.25
399,300,Random-25,1,1,0,0.3333333333333333,0.0
399,300,VeraDM-prior,3,3,0,1.0,0.0
400,300,Exhaustive-Expanded,1,1,0,0.3333333333333333,0.0
400,300,Random-25,0,0,0,0.0,0.0
400,300,VeraDM-prior,3,3,0,1.0,0.0
401,300,Exhaustive-Expanded,3,3,0,1.0,0.0
401,300,Random-25,0,0,0,0.0,0.0
401,300,VeraDM-prior,4,3,1,1.0,0.25
402,300,Exhaustive-Expanded,3,3,0,1.0,0.0
402,300,Random-25,0,0,0,0.0,0.0
402,300,VeraDM-prior,2,2,0,0.6666666666666666,0.0
403,300,Exhaustive-Expanded,3,3,0,1.0,0.0
403,300,Random-25,0,0,0,0.0,0.0
403,300,VeraDM-prior,2,2,0,0.6666666666666666,0.0
404,300,Exhaustive-Expanded,3,3,0,1.0,0.0
404,300,Random-25,0,0,0,0.0,0.0
404,300,VeraDM-prior,4,3,1,1.0,0.25
405,300,Exhaustive-Expanded,2,2,0,0.6666666666666666,0.0
405,300,Random-25,0,0,0,0.0,0.0
405,300,VeraDM-prior,4,3,1,1.0,0.25
406,300,Exhaustive-Expanded,5,3,2,1.0,0.4
406,300,Random-25,0,0,0,0.0,0.0
406,300,VeraDM-prior,1,1,0,0.3333333333333333,0.0
407,300,Exhaustive-Expanded,3,3,0,1.0,0.0
407,300,Random-25,0,0,0,0.0,0.0
407,300,VeraDM-prior,3,3,0,1.0,0.0
408,300,Exhaustive-Expanded,4,3,1,1.0,0.25
408,300,Random-25,0,0,0,0.0,0.0
408,300,VeraDM-prior,3,3,0,1.0,0.0
409,300,Exhaustive-Expanded,2,2,0,0.6666666666666666,0.0
409,300,Random-25,0,0,0,0.0,0.0
409,300,VeraDM-prior,3,3,0,1.0,0.0
410,300,Exhaustive-Expanded,1,1,0,0.3333333333333333,0.0
410,300,Random-25,0,0,0,0.0,0.0
410,300,VeraDM-prior,3,3,0,1.0,0.0
411,300,Exhaustive-Expanded,3,3,0,1.0,0.0
411,300,Random-25,0,0,0,0.0,0.0
411,300,VeraDM-prior,3,3,0,1.0,0.0
412,300,Exhaustive-Expanded,3,3,0,1.0,0.0
412,300,Random-25,0,0,0,0.0,0.0
412,300,VeraDM-prior,3,3,0,1.0,0.0
413,300,Exhaustive-Expanded,2,2,0,0.6666666666666666,0.0
413,300,Random-25,3,2,1,0.6666666666666666,0.3333333333333333
413,300,VeraDM-prior,4,3,1,1.0,0.25
414,300,Exhaustive-Expanded,2,2,0,0.6666666666666666,0.0
414,300,Random-25,1,0,1,0.0,1.0
414,300,VeraDM-prior,3,3,0,1.0,0.0
415,300,Exhaustive-Expanded,3,3,0,1.0,0.0
415,300,Random-25,0,0,0,0.0,0.0
415,300,VeraDM-prior,2,2,0,0.6666666666666666,0.0
416,300,Exhaustive-Expanded,2,2,0,0.6666666666666666,0.0
416,300,Random-25,0,0,0,0.0,0.0
416,300,VeraDM-prior,3,2,1,0.6666666666666666,0.3333333333333333
417,300,Exhaustive-Expanded,2,2,0,0.6666666666666666,0.0
417,300,Random-25,1,1,0,0.3333333333333333,0.0
417,300,VeraDM-prior,4,3,1,1.0,0.25
418,300,Exhaustive-Expanded,2,2,0,0.6666666666666666,0.0
418,300,Random-25,0,0,0,0.0,0.0
418,300,VeraDM-prior,3,3,0,1.0,0.0
419,300,Exhaustive-Expanded,3,2,1,0.6666666666666666,0.3333333333333333
419,300,Random-25,0,0,0,0.0,0.0
419,300,VeraDM-prior,3,3,0,1.0,0.0
420,300,Exhaustive-Expanded,3,2,1,0.6666666666666666,0.3333333333333333
420,300,Random-25,0,0,0,0.0,0.0
420,300,VeraDM-prior,1,1,0,0.3333333333333333,0.0
421,300,Exhaustive-Expanded,4,3,1,1.0,0.25
421,300,Random-25,0,0,0,0.0,0.0
421,300,VeraDM-prior,4,2,2,0.6666666666666666,0.5
422,300,Exhaustive-Expanded,4,3,1,1.0,0.25
422,300,Random-25,0,0,0,0.0,0.0
422,300,VeraDM-prior,4,3,1,1.0,0.25
423,300,Exhaustive-Expanded,3,3,0,1.0,0.0
423,300,Random-25,0,0,0,0.0,0.0
423,300,VeraDM-prior,3,3,0,1.0,0.0
424,300,Exhaustive-Expanded,4,2,2,0.6666666666666666,0.5
424,300,Random-25,0,0,0,0.0,0.0
424,300,VeraDM-prior,3,3,0,1.0,0.0
425,300,Exhaustive-Expanded,3,3,0,1.0,0.0
425,300,Random-25,1,0,1,0.0,1.0
425,300,VeraDM-prior,4,3,1,1.0,0.25
426,300,Exhaustive-Expanded,4,3,1,1.0,0.25
426,300,Random-25,0,0,0,0.0,0.0
426,300,VeraDM-prior,2,2,0,0.6666666666666666,0.0
427,300,Exhaustive-Expanded,3,3,0,1.0,0.0
427,300,Random-25,0,0,0,0.0,0.0
427,300,VeraDM-prior,3,2,1,0.6666666666666666,0.3333333333333333
428,300,Exhaustive-Expanded,3,3,0,1.0,0.0
428,300,Random-25,1,1,0,0.3333333333333333,0.0
428,300,VeraDM-prior,2,1,1,0.3333333333333333,0.5
429,300,Exhaustive-Expanded,2,2,0,0.6666666666666666,0.0
429,300,Random-25,0,0,0,0.0,0.0
429,300,VeraDM-prior,2,2,0,0.6666666666666666,0.0
430,300,Exhaustive-Expanded,3,3,0,1.0,0.0
430,300,Random-25,0,0,0,0.0,0.0
430,300,VeraDM-prior,3,3,0,1.0,0.0
431,300,Exhaustive-Expanded,3,2,1,0.6666666666666666,0.3333333333333333
431,300,Random-25,0,0,0,0.0,0.0
431,300,VeraDM-prior,2,1,1,0.3333333333333333,0.5
432,300,Exhaustive-Expanded,4,3,1,1.0,0.25
432,300,Random-25,0,0,0,0.0,0.0
432,300,VeraDM-prior,2,2,0,0.6666666666666666,0.0
433,300,Exhaustive-Expanded,2,2,0,0.6666666666666666,0.0
433,300,Random-25,1,1,0,0.3333333333333333,0.0
433,300,VeraDM-prior,3,3,0,1.0,0.0
434,300,Exhaustive-Expanded,2,2,0,0.6666666666666666,0.0
434,300,Random-25,0,0,0,0.0,0.0
434,300,VeraDM-prior,3,3,0,1.0,0.0
435,300,Exhaustive-Expanded,5,3,2,1.0,0.4
435,300,Random-25,0,0,0,0.0,0.0
435,300,VeraDM-prior,6,3,3,1.0,0.5
436,300,Exhaustive-Expanded,1,1,0,0.3333333333333333,0.0
436,300,Random-25,0,0,0,0.0,0.0
436,300,VeraDM-prior,3,3,0,1.0,0.0
437,300,Exhaustive-Expanded,5,3,2,1.0,0.4
437,300,Random-25,3,1,2,0.3333333333333333,0.6666666666666666
437,300,VeraDM-prior,1,1,0,0.3333333333333333,0.0
438,300,Exhaustive-Expanded,5,3,2,1.0,0.4
438,300,Random-25,1,1,0,0.3333333333333333,0.0
438,300,VeraDM-prior,3,3,0,1.0,0.0
439,300,Exhaustive-Expanded,5,3,2,1.0,0.4
439,300,Random-25,1,0,1,0.0,1.0
439,300,VeraDM-prior,3,3,0,1.0,0.0
440,300,Exhaustive-Expanded,3,3,0,1.0,0.0
440,300,Random-25,1,0,1,0.0,1.0
440,300,VeraDM-prior,2,2,0,0.6666666666666666,0.0
441,300,Exhaustive-Expanded,1,1,0,0.3333333333333333,0.0
441,300,Random-25,0,0,0,0.0,0.0
441,300,VeraDM-prior,2,2,0,0.6666666666666666,0.0
442,300,Exhaustive-Expanded,3,3,0,1.0,0.0
442,300,Random-25,1,1,0,0.3333333333333333,0.0
442,300,VeraDM-prior,4,3,1,1.0,0.25
443,300,Exhaustive-Expanded,3,3,0,1.0,0.0
443,300,Random-25,0,0,0,0.0,0.0
443,300,VeraDM-prior,4,3,1,1.0,0.25
444,300,Exhaustive-Expanded,3,2,1,0.6666666666666666,0.3333333333333333
444,300,Random-25,0,0,0,0.0,0.0
444,300,VeraDM-prior,2,2,0,0.6666666666666666,0.0
445,300,Exhaustive-Expanded,2,2,0,0.6666666666666666,0.0
445,300,Random-25,1,1,0,0.3333333333333333,0.0
445,300,VeraDM-prior,3,3,0,1.0,0.0
446,300,Exhaustive-Expanded,3,3,0,1.0,0.0
446,300,Random-25,0,0,0,0.0,0.0
446,300,VeraDM-prior,3,3,0,1.0,0.0
447,300,Exhaustive-Expanded,3,3,0,1.0,0.0
447,300,Random-25,0,0,0,0.0,0.0
447,300,VeraDM-prior,1,1,0,0.3333333333333333,0.0
448,300,Exhaustive-Expanded,4,3,1,1.0,0.25
448,300,Random-25,1,1,0,0.3333333333333333,0.0
448,300,VeraDM-prior,2,2,0,0.6666666666666666,0.0
449,300,Exhaustive-Expanded,3,3,0,1.0,0.0
449,300,Random-25,1,0,1,0.0,1.0
449,300,VeraDM-prior,3,3,0,1.0,0.0
450,300,Exhaustive-Expanded,3,3,0,1.0,0.0
450,300,Random-25,1,1,0,0.3333333333333333,0.0
450,300,VeraDM-prior,3,3,0,1.0,0.0
451,300,Exhaustive-Expanded,3,3,0,1.0,0.0
451,300,Random-25,0,0,0,0.0,0.0
451,300,VeraDM-prior,4,3,1,1.0,0.25
452,300,Exhaustive-Expanded,3,3,0,1.0,0.0
452,300,Random-25,0,0,0,0.0,0.0
452,300,VeraDM-prior,3,3,0,1.0,0.0
453,300,Exhaustive-Expanded,2,2,0,0.6666666666666666,0.0
453,300,Random-25,3,1,2,0.3333333333333333,0.6666666666666666
453,300,VeraDM-prior,4,3,1,1.0,0.25
454,300,Exhaustive-Expanded,4,3,1,1.0,0.25
454,300,Random-25,1,0,1,0.0,1.0
454,300,VeraDM-prior,3,3,0,1.0,0.0
455,300,Exhaustive-Expanded,3,3,0,1.0,0.0
455,300,Random-25,0,0,0,0.0,0.0
455,300,VeraDM-prior,4,3,1,1.0,0.25
456,300,Exhaustive-Expanded,2,2,0,0.6666666666666666,0.0
456,300,Random-25,0,0,0,0.0,0.0
456,300,VeraDM-prior,2,2,0,0.6666666666666666,0.0
457,300,Exhaustive-Expanded,4,3,1,1.0,0.25
457,300,Random-25,0,0,0,0.0,0.0
457,300,VeraDM-prior,3,3,0,1.0,0.0
458,300,Exhaustive-Expanded,2,2,0,0.6666666666666666,0.0
458,300,Random-25,0,0,0,0.0,0.0
458,300,VeraDM-prior,3,2,1,0.6666666666666666,0.3333333333333333
459,300,Exhaustive-Expanded,2,2,0,0.6666666666666666,0.0
459,300,Random-25,0,0,0,0.0,0.0
459,300,VeraDM-prior,3,3,0,1.0,0.0
460,300,Exhaustive-Expanded,3,3,0,1.0,0.0
460,300,Random-25,0,0,0,0.0,0.0
460,300,VeraDM-prior,4,3,1,1.0,0.25
461,300,Exhaustive-Expanded,3,3,0,1.0,0.0
461,300,Random-25,0,0,0,0.0,0.0
461,300,VeraDM-prior,3,3,0,1.0,0.0
462,300,Exhaustive-Expanded,3,3,0,1.0,0.0
462,300,Random-25,0,0,0,0.0,0.0
462,300,VeraDM-prior,3,3,0,1.0,0.0
463,300,Exhaustive-Expanded,2,2,0,0.6666666666666666,0.0
463,300,Random-25,0,0,0,0.0,0.0
463,300,VeraDM-prior,3,3,0,1.0,0.0
464,300,Exhaustive-Expanded,4,3,1,1.0,0.25
464,300,Random-25,1,1,0,0.3333333333333333,0.0
464,300,VeraDM-prior,4,3,1,1.0,0.25
465,300,Exhaustive-Expanded,3,3,0,1.0,0.0
465,300,Random-25,1,1,0,0.3333333333333333,0.0
465,300,VeraDM-prior,2,2,0,0.6666666666666666,0.0
466,300,Exhaustive-Expanded,3,3,0,1.0,0.0
466,300,Random-25,0,0,0,0.0,0.0
466,300,VeraDM-prior,2,2,0,0.6666666666666666,0.0
467,300,Exhaustive-Expanded,3,3,0,1.0,0.0
467,300,Random-25,0,0,0,0.0,0.0
467,300,VeraDM-prior,2,2,0,0.6666666666666666,0.0
468,300,Exhaustive-Expanded,6,3,3,1.0,0.5
468,300,Random-25,0,0,0,0.0,0.0
468,300,VeraDM-prior,3,3,0,1.0,0.0
469,300,Exhaustive-Expanded,3,3,0,1.0,0.0
469,300,Random-25,0,0,0,0.0,0.0
469,300,VeraDM-prior,4,3,1,1.0,0.25
470,300,Exhaustive-Expanded,3,3,0,1.0,0.0
470,300,Random-25,0,0,0,0.0,0.0
470,300,VeraDM-prior,4,3,1,1.0,0.25
471,300,Exhaustive-Expanded,3,3,0,1.0,0.0
471,300,Random-25,0,0,0,0.0,0.0
471,300,VeraDM-prior,3,3,0,1.0,0.0
472,300,Exhaustive-Expanded,5,3,2,1.0,0.4
472,300,Random-25,0,0,0,0.0,0.0
472,300,VeraDM-prior,3,3,0,1.0,0.0
473,300,Exhaustive-Expanded,3,3,0,1.0,0.0
473,300,Random-25,0,0,0,0.0,0.0
473,300,VeraDM-prior,3,3,0,1.0,0.0
474,300,Exhaustive-Expanded,4,3,1,1.0,0.25
474,300,Random-25,2,1,1,0.3333333333333333,0.5
474,300,VeraDM-prior,3,2,1,0.6666666666666666,0.3333333333333333
475,300,Exhaustive-Expanded,3,3,0,1.0,0.0
475,300,Random-25,1,1,0,0.3333333333333333,0.0
475,300,VeraDM-prior,3,3,0,1.0,0.0
476,300,Exhaustive-Expanded,3,3,0,1.0,0.0
476,300,Random-25,0,0,0,0.0,0.0
476,300,VeraDM-prior,2,2,0,0.6666666666666666,0.0
477,300,Exhaustive-Expanded,3,3,0,1.0,0.0
477,300,Random-25,0,0,0,0.0,0.0
477,300,VeraDM-prior,3,3,0,1.0,0.0
478,300,Exhaustive-Expanded,4,3,1,1.0,0.25
478,300,Random-25,1,1,0,0.3333333333333333,0.0
478,300,VeraDM-prior,3,3,0,1.0,0.0
479,300,Exhaustive-Expanded,2,2,0,0.6666666666666666,0.0
479,300,Random-25,1,1,0,0.3333333333333333,0.0
479,300,VeraDM-prior,3,3,0,1.0,0.0
480,300,Exhaustive-Expanded,3,3,0,1.0,0.0
480,300,Random-25,0,0,0,0.0,0.0
480,300,VeraDM-prior,2,2,0,0.6666666666666666,0.0
481,300,Exhaustive-Expanded,2,2,0,0.6666666666666666,0.0
481,300,Random-25,1,1,0,0.3333333333333333,0.0
481,300,VeraDM-prior,3,2,1,0.6666666666666666,0.3333333333333333
482,300,Exhaustive-Expanded,3,3,0,1.0,0.0
482,300,Random-25,0,0,0,0.0,0.0
482,300,VeraDM-prior,2,2,0,0.6666666666666666,0.0
483,300,Exhaustive-Expanded,5,3,2,1.0,0.4
483,300,Random-25,0,0,0,0.0,0.0
483,300,VeraDM-prior,3,2,1,0.6666666666666666,0.3333333333333333
484,300,Exhaustive-Expanded,3,3,0,1.0,0.0
484,300,Random-25,0,0,0,0.0,0.0
484,300,VeraDM-prior,2,1,1,0.3333333333333333,0.5
485,300,Exhaustive-Expanded,4,3,1,1.0,0.25
485,300,Random-25,0,0,0,0.0,0.0
485,300,VeraDM-prior,3,3,0,1.0,0.0
486,300,Exhaustive-Expanded,4,3,1,1.0,0.25
486,300,Random-25,0,0,0,0.0,0.0
486,300,VeraDM-prior,3,3,0,1.0,0.0
487,300,Exhaustive-Expanded,6,3,3,1.0,0.5
487,300,Random-25,0,0,0,0.0,0.0
487,300,VeraDM-prior,3,2,1,0.6666666666666666,0.3333333333333333
488,300,Exhaustive-Expanded,3,3,0,1.0,0.0
488,300,Random-25,0,0,0,0.0,0.0
488,300,VeraDM-prior,3,3,0,1.0,0.0
489,300,Exhaustive-Expanded,3,3,0,1.0,0.0
489,300,Random-25,0,0,0,0.0,0.0
489,300,VeraDM-prior,3,3,0,1.0,0.0
490,300,Exhaustive-Expanded,4,3,1,1.0,0.25
490,300,Random-25,1,1,0,0.3333333333333333,0.0
490,300,VeraDM-prior,4,3,1,1.0,0.25
491,300,Exhaustive-Expanded,3,2,1,0.6666666666666666,0.3333333333333333
491,300,Random-25,1,0,1,0.0,1.0
491,300,VeraDM-prior,2,2,0,0.6666666666666666,0.0
492,300,Exhaustive-Expanded,5,3,2,1.0,0.4
492,300,Random-25,0,0,0,0.0,0.0
492,300,VeraDM-prior,3,3,0,1.0,0.0
493,300,Exhaustive-Expanded,2,2,0,0.6666666666666666,0.0
493,300,Random-25,0,0,0,0.0,0.0
493,300,VeraDM-prior,3,3,0,1.0,0.0
494,300,Exhaustive-Expanded,3,3,0,1.0,0.0
494,300,Random-25,0,0,0,0.0,0.0
494,300,VeraDM-prior,4,3,1,1.0,0.25
495,300,Exhaustive-Expanded,2,2,0,0.6666666666666666,0.0
495,300,Random-25,0,0,0,0.0,0.0
495,300,VeraDM-prior,2,2,0,0.6666666666666666,0.0
496,300,Exhaustive-Expanded,3,3,0,1.0,0.0
496,300,Random-25,0,0,0,0.0,0.0
496,300,VeraDM-prior,3,3,0,1.0,0.0
497,300,Exhaustive-Expanded,0,0,0,0.0,0.0
497,300,Random-25,0,0,0,0.0,0.0
497,300,VeraDM-prior,3,3,0,1.0,0.0
498,300,Exhaustive-Expanded,4,3,1,1.0,0.25
498,300,Random-25,0,0,0,0.0,0.0
498,300,VeraDM-prior,2,2,0,0.6666666666666666,0.0
499,300,Exhaustive-Expanded,2,2,0,0.6666666666666666,0.0
499,300,Random-25,0,0,0,0.0,0.0
499,300,VeraDM-prior,3,3,0,1.0,0.0
0,1000,Exhaustive-Expanded,4,3,1,1.0,0.25
0,1000,Random-25,0,0,0,0.0,0.0
0,1000,VeraDM-prior,3,3,0,1.0,0.0
1,1000,Exhaustive-Expanded,3,3,0,1.0,0.0
1,1000,Random-25,0,0,0,0.0,0.0
1,1000,VeraDM-prior,3,3,0,1.0,0.0
2,1000,Exhaustive-Expanded,4,3,1,1.0,0.25
2,1000,Random-25,0,0,0,0.0,0.0
2,1000,VeraDM-prior,3,3,0,1.0,0.0
3,1000,Exhaustive-Expanded,4,3,1,1.0,0.25
3,1000,Random-25,1,0,1,0.0,1.0
3,1000,VeraDM-prior,3,3,0,1.0,0.0
4,1000,Exhaustive-Expanded,1,1,0,0.3333333333333333,0.0
4,1000,Random-25,0,0,0,0.0,0.0
4,1000,VeraDM-prior,1,1,0,0.3333333333333333,0.0
5,1000,Exhaustive-Expanded,3,3,0,1.0,0.0
5,1000,Random-25,1,0,1,0.0,1.0
5,1000,VeraDM-prior,3,3,0,1.0,0.0
6,1000,Exhaustive-Expanded,5,3,2,1.0,0.4
6,1000,Random-25,0,0,0,0.0,0.0
6,1000,VeraDM-prior,3,3,0,1.0,0.0
7,1000,Exhaustive-Expanded,3,3,0,1.0,0.0
7,1000,Random-25,0,0,0,0.0,0.0
7,1000,VeraDM-prior,3,3,0,1.0,0.0
8,1000,Exhaustive-Expanded,4,3,1,1.0,0.25
8,1000,Random-25,1,1,0,0.3333333333333333,0.0
8,1000,VeraDM-prior,4,3,1,1.0,0.25
9,1000,Exhaustive-Expanded,2,2,0,0.6666666666666666,0.0
9,1000,Random-25,1,0,1,0.0,1.0
9,1000,VeraDM-prior,4,3,1,1.0,0.25
10,1000,Exhaustive-Expanded,3,2,1,0.6666666666666666,0.3333333333333333
10,1000,Random-25,0,0,0,0.0,0.0
10,1000,VeraDM-prior,5,3,2,1.0,0.4
11,1000,Exhaustive-Expanded,1,1,0,0.3333333333333333,0.0
11,1000,Random-25,0,0,0,0.0,0.0
11,1000,VeraDM-prior,2,2,0,0.6666666666666666,0.0
12,1000,Exhaustive-Expanded,3,3,0,1.0,0.0
12,1000,Random-25,1,0,1,0.0,1.0
12,1000,VeraDM-prior,3,3,0,1.0,0.0
13,1000,Exhaustive-Expanded,2,1,1,0.3333333333333333,0.5
13,1000,Random-25,0,0,0,0.0,0.0
13,1000,VeraDM-prior,6,2,4,0.6666666666666666,0.6666666666666666
14,1000,Exhaustive-Expanded,2,2,0,0.6666666666666666,0.0
14,1000,Random-25,0,0,0,0.0,0.0
14,1000,VeraDM-prior,2,2,0,0.6666666666666666,0.0
15,1000,Exhaustive-Expanded,4,3,1,1.0,0.25
15,1000,Random-25,0,0,0,0.0,0.0
15,1000,VeraDM-prior,3,3,0,1.0,0.0
16,1000,Exhaustive-Expanded,3,3,0,1.0,0.0
16,1000,Random-25,0,0,0,0.0,0.0
16,1000,VeraDM-prior,3,3,0,1.0,0.0
17,1000,Exhaustive-Expanded,3,2,1,0.6666666666666666,0.3333333333333333
17,1000,Random-25,0,0,0,0.0,0.0
17,1000,VeraDM-prior,2,2,0,0.6666666666666666,0.0
18,1000,Exhaustive-Expanded,2,2,0,0.6666666666666666,0.0
18,1000,Random-25,1,0,1,0.0,1.0
18,1000,VeraDM-prior,1,1,0,0.3333333333333333,0.0
19,1000,Exhaustive-Expanded,3,3,0,1.0,0.0
19,1000,Random-25,0,0,0,0.0,0.0
19,1000,VeraDM-prior,3,3,0,1.0,0.0
20,1000,Exhaustive-Expanded,2,2,0,0.6666666666666666,0.0
20,1000,Random-25,1,1,0,0.3333333333333333,0.0
20,1000,VeraDM-prior,2,2,0,0.6666666666666666,0.0
21,1000,Exhaustive-Expanded,3,3,0,1.0,0.0
21,1000,Random-25,0,0,0,0.0,0.0
21,1000,VeraDM-prior,3,3,0,1.0,0.0
22,1000,Exhaustive-Expanded,1,1,0,0.3333333333333333,0.0
22,1000,Random-25,0,0,0,0.0,0.0
22,1000,VeraDM-prior,4,3,1,1.0,0.25
23,1000,Exhaustive-Expanded,2,2,0,0.6666666666666666,0.0
23,1000,Random-25,0,0,0,0.0,0.0
23,1000,VeraDM-prior,5,3,2,1.0,0.4
24,1000,Exhaustive-Expanded,3,3,0,1.0,0.0
24,1000,Random-25,0,0,0,0.0,0.0
24,1000,VeraDM-prior,2,2,0,0.6666666666666666,0.0
25,1000,Exhaustive-Expanded,3,3,0,1.0,0.0
25,1000,Random-25,0,0,0,0.0,0.0
25,1000,VeraDM-prior,2,2,0,0.6666666666666666,0.0
26,1000,Exhaustive-Expanded,1,1,0,0.3333333333333333,0.0
26,1000,Random-25,0,0,0,0.0,0.0
26,1000,VeraDM-prior,3,3,0,1.0,0.0
27,1000,Exhaustive-Expanded,2,1,1,0.3333333333333333,0.5
27,1000,Random-25,0,0,0,0.0,0.0
27,1000,VeraDM-prior,5,3,2,1.0,0.4
28,1000,Exhaustive-Expanded,4,3,1,1.0,0.25
28,1000,Random-25,1,0,1,0.0,1.0
28,1000,VeraDM-prior,3,3,0,1.0,0.0
29,1000,Exhaustive-Expanded,3,3,0,1.0,0.0
29,1000,Random-25,0,0,0,0.0,0.0
29,1000,VeraDM-prior,3,3,0,1.0,0.0
30,1000,Exhaustive-Expanded,4,3,1,1.0,0.25
30,1000,Random-25,1,1,0,0.3333333333333333,0.0
30,1000,VeraDM-prior,3,3,0,1.0,0.0
31,1000,Exhaustive-Expanded,2,2,0,0.6666666666666666,0.0
31,1000,Random-25,1,0,1,0.0,1.0
31,1000,VeraDM-prior,3,3,0,1.0,0.0
32,1000,Exhaustive-Expanded,2,2,0,0.6666666666666666,0.0
32,1000,Random-25,0,0,0,0.0,0.0
32,1000,VeraDM-prior,1,1,0,0.3333333333333333,0.0
33,1000,Exhaustive-Expanded,3,2,1,0.6666666666666666,0.3333333333333333
33,1000,Random-25,0,0,0,0.0,0.0
33,1000,VeraDM-prior,4,3,1,1.0,0.25
34,1000,Exhaustive-Expanded,3,3,0,1.0,0.0
34,1000,Random-25,0,0,0,0.0,0.0
34,1000,VeraDM-prior,5,2,3,0.6666666666666666,0.6
35,1000,Exhaustive-Expanded,5,3,2,1.0,0.4
35,1000,Random-25,0,0,0,0.0,0.0
35,1000,VeraDM-prior,4,3,1,1.0,0.25
36,1000,Exhaustive-Expanded,3,2,1,0.6666666666666666,0.3333333333333333
36,1000,Random-25,1,0,1,0.0,1.0
36,1000,VeraDM-prior,3,2,1,0.6666666666666666,0.3333333333333333
37,1000,Exhaustive-Expanded,2,2,0,0.6666666666666666,0.0
37,1000,Random-25,0,0,0,0.0,0.0
37,1000,VeraDM-prior,3,3,0,1.0,0.0
38,1000,Exhaustive-Expanded,1,1,0,0.3333333333333333,0.0
38,1000,Random-25,0,0,0,0.0,0.0
38,1000,VeraDM-prior,2,2,0,0.6666666666666666,0.0
39,1000,Exhaustive-Expanded,2,2,0,0.6666666666666666,0.0
39,1000,Random-25,0,0,0,0.0,0.0
39,1000,VeraDM-prior,4,3,1,1.0,0.25
40,1000,Exhaustive-Expanded,3,3,0,1.0,0.0
40,1000,Random-25,0,0,0,0.0,0.0
40,1000,VeraDM-prior,4,3,1,1.0,0.25
41,1000,Exhaustive-Expanded,3,2,1,0.6666666666666666,0.3333333333333333
41,1000,Random-25,0,0,0,0.0,0.0
41,1000,VeraDM-prior,3,3,0,1.0,0.0
42,1000,Exhaustive-Expanded,2,2,0,0.6666666666666666,0.0
42,1000,Random-25,0,0,0,0.0,0.0
42,1000,VeraDM-prior,2,2,0,0.6666666666666666,0.0
43,1000,Exhaustive-Expanded,3,3,0,1.0,0.0
43,1000,Random-25,0,0,0,0.0,0.0
43,1000,VeraDM-prior,4,3,1,1.0,0.25
44,1000,Exhaustive-Expanded,3,3,0,1.0,0.0
44,1000,Random-25,1,0,1,0.0,1.0
44,1000,VeraDM-prior,3,3,0,1.0,0.0
45,1000,Exhaustive-Expanded,3,3,0,1.0,0.0
45,1000,Random-25,0,0,0,0.0,0.0
45,1000,VeraDM-prior,5,3,2,1.0,0.4
46,1000,Exhaustive-Expanded,3,3,0,1.0,0.0
46,1000,Random-25,0,0,0,0.0,0.0
46,1000,VeraDM-prior,4,3,1,1.0,0.25
47,1000,Exhaustive-Expanded,3,3,0,1.0,0.0
47,1000,Random-25,0,0,0,0.0,0.0
47,1000,VeraDM-prior,4,2,2,0.6666666666666666,0.5
48,1000,Exhaustive-Expanded,3,3,0,1.0,0.0
48,1000,Random-25,0,0,0,0.0,0.0
48,1000,VeraDM-prior,2,2,0,0.6666666666666666,0.0
49,1000,Exhaustive-Expanded,2,2,0,0.6666666666666666,0.0
49,1000,Random-25,0,0,0,0.0,0.0
49,1000,VeraDM-prior,2,2,0,0.6666666666666666,0.0
50,1000,Exhaustive-Expanded,4,3,1,1.0,0.25
50,1000,Random-25,0,0,0,0.0,0.0
50,1000,VeraDM-prior,4,3,1,1.0,0.25
51,1000,Exhaustive-Expanded,2,2,0,0.6666666666666666,0.0
51,1000,Random-25,1,0,1,0.0,1.0
51,1000,VeraDM-prior,3,3,0,1.0,0.0
52,1000,Exhaustive-Expanded,1,1,0,0.3333333333333333,0.0
52,1000,Random-25,0,0,0,0.0,0.0
52,1000,VeraDM-prior,4,3,1,1.0,0.25
53,1000,Exhaustive-Expanded,0,0,0,0.0,0.0
53,1000,Random-25,1,0,1,0.0,1.0
53,1000,VeraDM-prior,3,3,0,1.0,0.0
54,1000,Exhaustive-Expanded,3,3,0,1.0,0.0
54,1000,Random-25,0,0,0,0.0,0.0
54,1000,VeraDM-prior,3,2,1,0.6666666666666666,0.3333333333333333
55,1000,Exhaustive-Expanded,3,2,1,0.6666666666666666,0.3333333333333333
55,1000,Random-25,1,0,1,0.0,1.0
55,1000,VeraDM-prior,3,3,0,1.0,0.0
56,1000,Exhaustive-Expanded,4,3,1,1.0,0.25
56,1000,Random-25,0,0,0,0.0,0.0
56,1000,VeraDM-prior,3,3,0,1.0,0.0
57,1000,Exhaustive-Expanded,6,3,3,1.0,0.5
57,1000,Random-25,0,0,0,0.0,0.0
57,1000,VeraDM-prior,3,3,0,1.0,0.0
58,1000,Exhaustive-Expanded,2,2,0,0.6666666666666666,0.0
58,1000,Random-25,0,0,0,0.0,0.0
58,1000,VeraDM-prior,3,2,1,0.6666666666666666,0.3333333333333333
59,1000,Exhaustive-Expanded,2,2,0,0.6666666666666666,0.0
59,1000,Random-25,0,0,0,0.0,0.0
59,1000,VeraDM-prior,4,3,1,1.0,0.25
60,1000,Exhaustive-Expanded,3,3,0,1.0,0.0
60,1000,Random-25,0,0,0,0.0,0.0
60,1000,VeraDM-prior,2,2,0,0.6666666666666666,0.0
61,1000,Exhaustive-Expanded,3,3,0,1.0,0.0
61,1000,Random-25,0,0,0,0.0,0.0
61,1000,VeraDM-prior,4,3,1,1.0,0.25
62,1000,Exhaustive-Expanded,1,1,0,0.3333333333333333,0.0
62,1000,Random-25,0,0,0,0.0,0.0
62,1000,VeraDM-prior,2,2,0,0.6666666666666666,0.0
63,1000,Exhaustive-Expanded,3,3,0,1.0,0.0
63,1000,Random-25,0,0,0,0.0,0.0
63,1000,VeraDM-prior,3,2,1,0.6666666666666666,0.3333333333333333
64,1000,Exhaustive-Expanded,2,2,0,0.6666666666666666,0.0
64,1000,Random-25,0,0,0,0.0,0.0
64,1000,VeraDM-prior,2,2,0,0.6666666666666666,0.0
65,1000,Exhaustive-Expanded,3,3,0,1.0,0.0
65,1000,Random-25,0,0,0,0.0,0.0
65,1000,VeraDM-prior,3,3,0,1.0,0.0
66,1000,Exhaustive-Expanded,3,3,0,1.0,0.0
66,1000,Random-25,0,0,0,0.0,0.0
66,1000,VeraDM-prior,3,3,0,1.0,0.0
67,1000,Exhaustive-Expanded,2,2,0,0.6666666666666666,0.0
67,1000,Random-25,1,0,1,0.0,1.0
67,1000,VeraDM-prior,2,2,0,0.6666666666666666,0.0
68,1000,Exhaustive-Expanded,2,2,0,0.6666666666666666,0.0
68,1000,Random-25,0,0,0,0.0,0.0
68,1000,VeraDM-prior,1,1,0,0.3333333333333333,0.0
69,1000,Exhaustive-Expanded,3,3,0,1.0,0.0
69,1000,Random-25,0,0,0,0.0,0.0
69,1000,VeraDM-prior,4,3,1,1.0,0.25
70,1000,Exhaustive-Expanded,3,3,0,1.0,0.0
70,1000,Random-25,2,2,0,0.6666666666666666,0.0
70,1000,VeraDM-prior,2,2,0,0.6666666666666666,0.0
71,1000,Exhaustive-Expanded,3,3,0,1.0,0.0
71,1000,Random-25,0,0,0,0.0,0.0
71,1000,VeraDM-prior,3,3,0,1.0,0.0
72,1000,Exhaustive-Expanded,0,0,0,0.0,0.0
72,1000,Random-25,0,0,0,0.0,0.0
72,1000,VeraDM-prior,3,3,0,1.0,0.0
73,1000,Exhaustive-Expanded,2,2,0,0.6666666666666666,0.0
73,1000,Random-25,0,0,0,0.0,0.0
73,1000,VeraDM-prior,2,2,0,0.6666666666666666,0.0
74,1000,Exhaustive-Expanded,3,3,0,1.0,0.0
74,1000,Random-25,0,0,0,0.0,0.0
74,1000,VeraDM-prior,3,3,0,1.0,0.0
75,1000,Exhaustive-Expanded,3,3,0,1.0,0.0
75,1000,Random-25,0,0,0,0.0,0.0
75,1000,VeraDM-prior,3,1,2,0.3333333333333333,0.6666666666666666
76,1000,Exhaustive-Expanded,3,2,1,0.6666666666666666,0.3333333333333333
76,1000,Random-25,1,1,0,0.3333333333333333,0.0
76,1000,VeraDM-prior,2,2,0,0.6666666666666666,0.0
77,1000,Exhaustive-Expanded,3,3,0,1.0,0.0
77,1000,Random-25,0,0,0,0.0,0.0
77,1000,VeraDM-prior,2,2,0,0.6666666666666666,0.0
78,1000,Exhaustive-Expanded,3,2,1,0.6666666666666666,0.3333333333333333
78,1000,Random-25,1,0,1,0.0,1.0
78,1000,VeraDM-prior,4,3,1,1.0,0.25
79,1000,Exhaustive-Expanded,2,2,0,0.6666666666666666,0.0
79,1000,Random-25,0,0,0,0.0,0.0
79,1000,VeraDM-prior,2,2,0,0.6666666666666666,0.0
80,1000,Exhaustive-Expanded,1,1,0,0.3333333333333333,0.0
80,1000,Random-25,0,0,0,0.0,0.0
80,1000,VeraDM-prior,2,2,0,0.6666666666666666,0.0
81,1000,Exhaustive-Expanded,2,2,0,0.6666666666666666,0.0
81,1000,Random-25,0,0,0,0.0,0.0
81,1000,VeraDM-prior,3,3,0,1.0,0.0
82,1000,Exhaustive-Expanded,5,3,2,1.0,0.4
82,1000,Random-25,0,0,0,0.0,0.0
82,1000,VeraDM-prior,3,3,0,1.0,0.0
83,1000,Exhaustive-Expanded,2,2,0,0.6666666666666666,0.0
83,1000,Random-25,0,0,0,0.0,0.0
83,1000,VeraDM-prior,3,3,0,1.0,0.0
84,1000,Exhaustive-Expanded,4,3,1,1.0,0.25
84,1000,Random-25,0,0,0,0.0,0.0
84,1000,VeraDM-prior,2,2,0,0.6666666666666666,0.0
85,1000,Exhaustive-Expanded,3,3,0,1.0,0.0
85,1000,Random-25,0,0,0,0.0,0.0
85,1000,VeraDM-prior,4,3,1,1.0,0.25
86,1000,Exhaustive-Expanded,2,2,0,0.6666666666666666,0.0
86,1000,Random-25,0,0,0,0.0,0.0
86,1000,VeraDM-prior,2,2,0,0.6666666666666666,0.0
87,1000,Exhaustive-Expanded,3,3,0,1.0,0.0
87,1000,Random-25,1,1,0,0.3333333333333333,0.0
87,1000,VeraDM-prior,2,2,0,0.6666666666666666,0.0
88,1000,Exhaustive-Expanded,4,3,1,1.0,0.25
88,1000,Random-25,0,0,0,0.0,0.0
88,1000,VeraDM-prior,2,2,0,0.6666666666666666,0.0
89,1000,Exhaustive-Expanded,3,3,0,1.0,0.0
89,1000,Random-25,0,0,0,0.0,0.0
89,1000,VeraDM-prior,2,2,0,0.6666666666666666,0.0
90,1000,Exhaustive-Expanded,2,2,0,0.6666666666666666,0.0
90,1000,Random-25,0,0,0,0.0,0.0
90,1000,VeraDM-prior,4,2,2,0.6666666666666666,0.5
91,1000,Exhaustive-Expanded,3,3,0,1.0,0.0
91,1000,Random-25,1,1,0,0.3333333333333333,0.0
91,1000,VeraDM-prior,2,2,0,0.6666666666666666,0.0
92,1000,Exhaustive-Expanded,2,2,0,0.6666666666666666,0.0
92,1000,Random-25,0,0,0,0.0,0.0
92,1000,VeraDM-prior,3,3,0,1.0,0.0
93,1000,Exhaustive-Expanded,4,3,1,1.0,0.25
93,1000,Random-25,0,0,0,0.0,0.0
93,1000,VeraDM-prior,3,3,0,1.0,0.0
94,1000,Exhaustive-Expanded,4,3,1,1.0,0.25
94,1000,Random-25,0,0,0,0.0,0.0
94,1000,VeraDM-prior,4,3,1,1.0,0.25
95,1000,Exhaustive-Expanded,3,2,1,0.6666666666666666,0.3333333333333333
95,1000,Random-25,0,0,0,0.0,0.0
95,1000,VeraDM-prior,3,3,0,1.0,0.0
96,1000,Exhaustive-Expanded,2,2,0,0.6666666666666666,0.0
96,1000,Random-25,0,0,0,0.0,0.0
96,1000,VeraDM-prior,4,3,1,1.0,0.25
97,1000,Exhaustive-Expanded,1,1,0,0.3333333333333333,0.0
97,1000,Random-25,0,0,0,0.0,0.0
97,1000,VeraDM-prior,2,2,0,0.6666666666666666,0.0
98,1000,Exhaustive-Expanded,2,2,0,0.6666666666666666,0.0
98,1000,Random-25,0,0,0,0.0,0.0
98,1000,VeraDM-prior,2,2,0,0.6666666666666666,0.0
99,1000,Exhaustive-Expanded,2,2,0,0.6666666666666666,0.0
99,1000,Random-25,1,0,1,0.0,1.0
99,1000,VeraDM-prior,2,2,0,0.6666666666666666,0.0
100,1000,Exhaustive-Expanded,3,3,0,1.0,0.0
100,1000,Random-25,0,0,0,0.0,0.0
100,1000,VeraDM-prior,5,3,2,1.0,0.4
101,1000,Exhaustive-Expanded,4,3,1,1.0,0.25
101,1000,Random-25,0,0,0,0.0,0.0
101,1000,VeraDM-prior,2,2,0,0.6666666666666666,0.0
102,1000,Exhaustive-Expanded,3,3,0,1.0,0.0
102,1000,Random-25,0,0,0,0.0,0.0
102,1000,VeraDM-prior,2,2,0,0.6666666666666666,0.0
103,1000,Exhaustive-Expanded,2,2,0,0.6666666666666666,0.0
103,1000,Random-25,0,0,0,0.0,0.0
103,1000,VeraDM-prior,2,2,0,0.6666666666666666,0.0
104,1000,Exhaustive-Expanded,3,3,0,1.0,0.0
104,1000,Random-25,3,1,2,0.3333333333333333,0.6666666666666666
104,1000,VeraDM-prior,3,3,0,1.0,0.0
105,1000,Exhaustive-Expanded,4,3,1,1.0,0.25
105,1000,Random-25,1,0,1,0.0,1.0
105,1000,VeraDM-prior,3,3,0,1.0,0.0
106,1000,Exhaustive-Expanded,3,3,0,1.0,0.0
106,1000,Random-25,0,0,0,0.0,0.0
106,1000,VeraDM-prior,1,1,0,0.3333333333333333,0.0
107,1000,Exhaustive-Expanded,4,3,1,1.0,0.25
107,1000,Random-25,0,0,0,0.0,0.0
107,1000,VeraDM-prior,3,3,0,1.0,0.0
108,1000,Exhaustive-Expanded,2,2,0,0.6666666666666666,0.0
108,1000,Random-25,0,0,0,0.0,0.0
108,1000,VeraDM-prior,2,2,0,0.6666666666666666,0.0
109,1000,Exhaustive-Expanded,2,2,0,0.6666666666666666,0.0
109,1000,Random-25,1,1,0,0.3333333333333333,0.0
109,1000,VeraDM-prior,3,3,0,1.0,0.0
110,1000,Exhaustive-Expanded,5,3,2,1.0,0.4
110,1000,Random-25,0,0,0,0.0,0.0
110,1000,VeraDM-prior,4,3,1,1.0,0.25
111,1000,Exhaustive-Expanded,3,3,0,1.0,0.0
111,1000,Random-25,0,0,0,0.0,0.0
111,1000,VeraDM-prior,4,3,1,1.0,0.25
112,1000,Exhaustive-Expanded,3,2,1,0.6666666666666666,0.3333333333333333
112,1000,Random-25,0,0,0,0.0,0.0
112,1000,VeraDM-prior,2,2,0,0.6666666666666666,0.0
113,1000,Exhaustive-Expanded,5,3,2,1.0,0.4
113,1000,Random-25,0,0,0,0.0,0.0
113,1000,VeraDM-prior,2,2,0,0.6666666666666666,0.0
114,1000,Exhaustive-Expanded,3,2,1,0.6666666666666666,0.3333333333333333
114,1000,Random-25,1,1,0,0.3333333333333333,0.0
114,1000,VeraDM-prior,1,1,0,0.3333333333333333,0.0
115,1000,Exhaustive-Expanded,3,3,0,1.0,0.0
115,1000,Random-25,0,0,0,0.0,0.0
115,1000,VeraDM-prior,5,3,2,1.0,0.4
116,1000,Exhaustive-Expanded,3,3,0,1.0,0.0
116,1000,Random-25,0,0,0,0.0,0.0
116,1000,VeraDM-prior,3,3,0,1.0,0.0
117,1000,Exhaustive-Expanded,2,2,0,0.6666666666666666,0.0
117,1000,Random-25,1,0,1,0.0,1.0
117,1000,VeraDM-prior,3,3,0,1.0,0.0
118,1000,Exhaustive-Expanded,3,2,1,0.6666666666666666,0.3333333333333333
118,1000,Random-25,0,0,0,0.0,0.0
118,1000,VeraDM-prior,2,2,0,0.6666666666666666,0.0
119,1000,Exhaustive-Expanded,2,2,0,0.6666666666666666,0.0
119,1000,Random-25,0,0,0,0.0,0.0
119,1000,VeraDM-prior,3,3,0,1.0,0.0
120,1000,Exhaustive-Expanded,1,1,0,0.3333333333333333,0.0
120,1000,Random-25,0,0,0,0.0,0.0
120,1000,VeraDM-prior,3,3,0,1.0,0.0
121,1000,Exhaustive-Expanded,2,2,0,0.6666666666666666,0.0
121,1000,Random-25,0,0,0,0.0,0.0
121,1000,VeraDM-prior,3,2,1,0.6666666666666666,0.3333333333333333
122,1000,Exhaustive-Expanded,5,2,3,0.6666666666666666,0.6
122,1000,Random-25,1,1,0,0.3333333333333333,0.0
122,1000,VeraDM-prior,2,2,0,0.6666666666666666,0.0
123,1000,Exhaustive-Expanded,3,3,0,1.0,0.0
123,1000,Random-25,1,0,1,0.0,1.0
123,1000,VeraDM-prior,3,3,0,1.0,0.0
124,1000,Exhaustive-Expanded,2,2,0,0.6666666666666666,0.0
124,1000,Random-25,0,0,0,0.0,0.0
124,1000,VeraDM-prior,3,3,0,1.0,0.0
125,1000,Exhaustive-Expanded,0,0,0,0.0,0.0
125,1000,Random-25,0,0,0,0.0,0.0
125,1000,VeraDM-prior,3,3,0,1.0,0.0
126,1000,Exhaustive-Expanded,3,3,0,1.0,0.0
126,1000,Random-25,1,0,1,0.0,1.0
126,1000,VeraDM-prior,4,3,1,1.0,0.25
127,1000,Exhaustive-Expanded,2,2,0,0.6666666666666666,0.0
127,1000,Random-25,0,0,0,0.0,0.0
127,1000,VeraDM-prior,4,3,1,1.0,0.25
128,1000,Exhaustive-Expanded,4,3,1,1.0,0.25
128,1000,Random-25,0,0,0,0.0,0.0
128,1000,VeraDM-prior,2,2,0,0.6666666666666666,0.0
129,1000,Exhaustive-Expanded,3,3,0,1.0,0.0
129,1000,Random-25,1,1,0,0.3333333333333333,0.0
129,1000,VeraDM-prior,3,3,0,1.0,0.0
130,1000,Exhaustive-Expanded,4,3,1,1.0,0.25
130,1000,Random-25,0,0,0,0.0,0.0
130,1000,VeraDM-prior,3,3,0,1.0,0.0
131,1000,Exhaustive-Expanded,1,1,0,0.3333333333333333,0.0
131,1000,Random-25,0,0,0,0.0,0.0
131,1000,VeraDM-prior,3,3,0,1.0,0.0
132,1000,Exhaustive-Expanded,1,1,0,0.3333333333333333,0.0
132,1000,Random-25,0,0,0,0.0,0.0
132,1000,VeraDM-prior,3,3,0,1.0,0.0
133,1000,Exhaustive-Expanded,3,3,0,1.0,0.0
133,1000,Random-25,0,0,0,0.0,0.0
133,1000,VeraDM-prior,2,2,0,0.6666666666666666,0.0
134,1000,Exhaustive-Expanded,2,2,0,0.6666666666666666,0.0
134,1000,Random-25,0,0,0,0.0,0.0
134,1000,VeraDM-prior,3,2,1,0.6666666666666666,0.3333333333333333
135,1000,Exhaustive-Expanded,2,2,0,0.6666666666666666,0.0
135,1000,Random-25,0,0,0,0.0,0.0
135,1000,VeraDM-prior,2,2,0,0.6666666666666666,0.0
136,1000,Exhaustive-Expanded,4,3,1,1.0,0.25
136,1000,Random-25,0,0,0,0.0,0.0
136,1000,VeraDM-prior,2,2,0,0.6666666666666666,0.0
137,1000,Exhaustive-Expanded,3,3,0,1.0,0.0
137,1000,Random-25,0,0,0,0.0,0.0
137,1000,VeraDM-prior,3,3,0,1.0,0.0
138,1000,Exhaustive-Expanded,4,2,2,0.6666666666666666,0.5
138,1000,Random-25,0,0,0,0.0,0.0
138,1000,VeraDM-prior,3,3,0,1.0,0.0
139,1000,Exhaustive-Expanded,3,3,0,1.0,0.0
139,1000,Random-25,0,0,0,0.0,0.0
139,1000,VeraDM-prior,3,3,0,1.0,0.0
140,1000,Exhaustive-Expanded,4,3,1,1.0,0.25
140,1000,Random-25,1,0,1,0.0,1.0
140,1000,VeraDM-prior,2,2,0,0.6666666666666666,0.0
141,1000,Exhaustive-Expanded,2,2,0,0.6666666666666666,0.0
141,1000,Random-25,0,0,0,0.0,0.0
141,1000,VeraDM-prior,3,3,0,1.0,0.0
142,1000,Exhaustive-Expanded,1,1,0,0.3333333333333333,0.0
142,1000,Random-25,1,1,0,0.3333333333333333,0.0
142,1000,VeraDM-prior,3,2,1,0.6666666666666666,0.3333333333333333
143,1000,Exhaustive-Expanded,3,3,0,1.0,0.0
143,1000,Random-25,0,0,0,0.0,0.0
143,1000,VeraDM-prior,6,3,3,1.0,0.5
144,1000,Exhaustive-Expanded,3,3,0,1.0,0.0
144,1000,Random-25,0,0,0,0.0,0.0
144,1000,VeraDM-prior,3,3,0,1.0,0.0
145,1000,Exhaustive-Expanded,3,2,1,0.6666666666666666,0.3333333333333333
145,1000,Random-25,0,0,0,0.0,0.0
145,1000,VeraDM-prior,2,2,0,0.6666666666666666,0.0
146,1000,Exhaustive-Expanded,2,1,1,0.3333333333333333,0.5
146,1000,Random-25,0,0,0,0.0,0.0
146,1000,VeraDM-prior,3,3,0,1.0,0.0
147,1000,Exhaustive-Expanded,3,2,1,0.6666666666666666,0.3333333333333333
147,1000,Random-25,0,0,0,0.0,0.0
147,1000,VeraDM-prior,4,3,1,1.0,0.25
148,1000,Exhaustive-Expanded,2,2,0,0.6666666666666666,0.0
148,1000,Random-25,0,0,0,0.0,0.0
148,1000,VeraDM-prior,2,2,0,0.6666666666666666,0.0
149,1000,Exhaustive-Expanded,2,2,0,0.6666666666666666,0.0
149,1000,Random-25,0,0,0,0.0,0.0
149,1000,VeraDM-prior,2,2,0,0.6666666666666666,0.0
150,1000,Exhaustive-Expanded,3,3,0,1.0,0.0
150,1000,Random-25,0,0,0,0.0,0.0
150,1000,VeraDM-prior,3,3,0,1.0,0.0
151,1000,Exhaustive-Expanded,1,1,0,0.3333333333333333,0.0
151,1000,Random-25,0,0,0,0.0,0.0
151,1000,VeraDM-prior,3,3,0,1.0,0.0
152,1000,Exhaustive-Expanded,3,3,0,1.0,0.0
152,1000,Random-25,0,0,0,0.0,0.0
152,1000,VeraDM-prior,4,3,1,1.0,0.25
153,1000,Exhaustive-Expanded,4,3,1,1.0,0.25
153,1000,Random-25,0,0,0,0.0,0.0
153,1000,VeraDM-prior,3,2,1,0.6666666666666666,0.3333333333333333
154,1000,Exhaustive-Expanded,2,2,0,0.6666666666666666,0.0
154,1000,Random-25,0,0,0,0.0,0.0
154,1000,VeraDM-prior,2,2,0,0.6666666666666666,0.0
155,1000,Exhaustive-Expanded,3,3,0,1.0,0.0
155,1000,Random-25,0,0,0,0.0,0.0
155,1000,VeraDM-prior,6,3,3,1.0,0.5
156,1000,Exhaustive-Expanded,1,1,0,0.3333333333333333,0.0
156,1000,Random-25,0,0,0,0.0,0.0
156,1000,VeraDM-prior,3,3,0,1.0,0.0
157,1000,Exhaustive-Expanded,3,3,0,1.0,0.0
157,1000,Random-25,0,0,0,0.0,0.0
157,1000,VeraDM-prior,3,3,0,1.0,0.0
158,1000,Exhaustive-Expanded,3,3,0,1.0,0.0
158,1000,Random-25,0,0,0,0.0,0.0
158,1000,VeraDM-prior,3,3,0,1.0,0.0
159,1000,Exhaustive-Expanded,5,3,2,1.0,0.4
159,1000,Random-25,0,0,0,0.0,0.0
159,1000,VeraDM-prior,7,3,4,1.0,0.5714285714285714
160,1000,Exhaustive-Expanded,3,3,0,1.0,0.0
160,1000,Random-25,0,0,0,0.0,0.0
160,1000,VeraDM-prior,2,2,0,0.6666666666666666,0.0
161,1000,Exhaustive-Expanded,4,3,1,1.0,0.25
161,1000,Random-25,0,0,0,0.0,0.0
161,1000,VeraDM-prior,2,2,0,0.6666666666666666,0.0
162,1000,Exhaustive-Expanded,2,2,0,0.6666666666666666,0.0
162,1000,Random-25,0,0,0,0.0,0.0
162,1000,VeraDM-prior,2,2,0,0.6666666666666666,0.0
163,1000,Exhaustive-Expanded,3,3,0,1.0,0.0
163,1000,Random-25,0,0,0,0.0,0.0
163,1000,VeraDM-prior,2,2,0,0.6666666666666666,0.0
164,1000,Exhaustive-Expanded,4,3,1,1.0,0.25
164,1000,Random-25,0,0,0,0.0,0.0
164,1000,VeraDM-prior,3,3,0,1.0,0.0
165,1000,Exhaustive-Expanded,3,3,0,1.0,0.0
165,1000,Random-25,0,0,0,0.0,0.0
165,1000,VeraDM-prior,3,3,0,1.0,0.0
166,1000,Exhaustive-Expanded,2,2,0,0.6666666666666666,0.0
166,1000,Random-25,0,0,0,0.0,0.0
166,1000,VeraDM-prior,2,2,0,0.6666666666666666,0.0
167,1000,Exhaustive-Expanded,2,2,0,0.6666666666666666,0.0
167,1000,Random-25,0,0,0,0.0,0.0
167,1000,VeraDM-prior,3,3,0,1.0,0.0
168,1000,Exhaustive-Expanded,1,1,0,0.3333333333333333,0.0
168,1000,Random-25,0,0,0,0.0,0.0
168,1000,VeraDM-prior,3,3,0,1.0,0.0
169,1000,Exhaustive-Expanded,2,2,0,0.6666666666666666,0.0
169,1000,Random-25,0,0,0,0.0,0.0
169,1000,VeraDM-prior,3,3,0,1.0,0.0
170,1000,Exhaustive-Expanded,2,2,0,0.6666666666666666,0.0
170,1000,Random-25,0,0,0,0.0,0.0
170,1000,VeraDM-prior,4,3,1,1.0,0.25
171,1000,Exhaustive-Expanded,3,2,1,0.6666666666666666,0.3333333333333333
171,1000,Random-25,0,0,0,0.0,0.0
171,1000,VeraDM-prior,2,2,0,0.6666666666666666,0.0
172,1000,Exhaustive-Expanded,5,3,2,1.0,0.4
172,1000,Random-25,0,0,0,0.0,0.0
172,1000,VeraDM-prior,2,2,0,0.6666666666666666,0.0
173,1000,Exhaustive-Expanded,3,3,0,1.0,0.0
173,1000,Random-25,0,0,0,0.0,0.0
173,1000,VeraDM-prior,1,1,0,0.3333333333333333,0.0
174,1000,Exhaustive-Expanded,2,2,0,0.6666666666666666,0.0
174,1000,Random-25,0,0,0,0.0,0.0
174,1000,VeraDM-prior,4,3,1,1.0,0.25
175,1000,Exhaustive-Expanded,1,1,0,0.3333333333333333,0.0
175,1000,Random-25,0,0,0,0.0,0.0
175,1000,VeraDM-prior,1,1,0,0.3333333333333333,0.0
176,1000,Exhaustive-Expanded,4,3,1,1.0,0.25
176,1000,Random-25,0,0,0,0.0,0.0
176,1000,VeraDM-prior,3,2,1,0.6666666666666666,0.3333333333333333
177,1000,Exhaustive-Expanded,3,3,0,1.0,0.0
177,1000,Random-25,0,0,0,0.0,0.0
177,1000,VeraDM-prior,4,3,1,1.0,0.25
178,1000,Exhaustive-Expanded,3,3,0,1.0,0.0
178,1000,Random-25,0,0,0,0.0,0.0
178,1000,VeraDM-prior,2,2,0,0.6666666666666666,0.0
179,1000,Exhaustive-Expanded,2,2,0,0.6666666666666666,0.0
179,1000,Random-25,1,1,0,0.3333333333333333,0.0
179,1000,VeraDM-prior,3,3,0,1.0,0.0
180,1000,Exhaustive-Expanded,3,3,0,1.0,0.0
180,1000,Random-25,0,0,0,0.0,0.0
180,1000,VeraDM-prior,3,2,1,0.6666666666666666,0.3333333333333333
181,1000,Exhaustive-Expanded,4,3,1,1.0,0.25
181,1000,Random-25,0,0,0,0.0,0.0
181,1000,VeraDM-prior,2,2,0,0.6666666666666666,0.0
182,1000,Exhaustive-Expanded,0,0,0,0.0,0.0
182,1000,Random-25,0,0,0,0.0,0.0
182,1000,VeraDM-prior,3,2,1,0.6666666666666666,0.3333333333333333
183,1000,Exhaustive-Expanded,3,2,1,0.6666666666666666,0.3333333333333333
183,1000,Random-25,0,0,0,0.0,0.0
183,1000,VeraDM-prior,3,3,0,1.0,0.0
184,1000,Exhaustive-Expanded,3,3,0,1.0,0.0
184,1000,Random-25,0,0,0,0.0,0.0
184,1000,VeraDM-prior,3,3,0,1.0,0.0
185,1000,Exhaustive-Expanded,4,3,1,1.0,0.25
185,1000,Random-25,0,0,0,0.0,0.0
185,1000,VeraDM-prior,3,3,0,1.0,0.0
186,1000,Exhaustive-Expanded,1,1,0,0.3333333333333333,0.0
186,1000,Random-25,0,0,0,0.0,0.0
186,1000,VeraDM-prior,3,3,0,1.0,0.0
187,1000,Exhaustive-Expanded,2,2,0,0.6666666666666666,0.0
187,1000,Random-25,0,0,0,0.0,0.0
187,1000,VeraDM-prior,3,3,0,1.0,0.0
188,1000,Exhaustive-Expanded,1,1,0,0.3333333333333333,0.0
188,1000,Random-25,0,0,0,0.0,0.0
188,1000,VeraDM-prior,3,2,1,0.6666666666666666,0.3333333333333333
189,1000,Exhaustive-Expanded,3,3,0,1.0,0.0
189,1000,Random-25,0,0,0,0.0,0.0
189,1000,VeraDM-prior,3,3,0,1.0,0.0
190,1000,Exhaustive-Expanded,2,1,1,0.3333333333333333,0.5
190,1000,Random-25,0,0,0,0.0,0.0
190,1000,VeraDM-prior,3,3,0,1.0,0.0
191,1000,Exhaustive-Expanded,5,3,2,1.0,0.4
191,1000,Random-25,0,0,0,0.0,0.0
191,1000,VeraDM-prior,3,3,0,1.0,0.0
192,1000,Exhaustive-Expanded,2,2,0,0.6666666666666666,0.0
192,1000,Random-25,0,0,0,0.0,0.0
192,1000,VeraDM-prior,2,2,0,0.6666666666666666,0.0
193,1000,Exhaustive-Expanded,4,3,1,1.0,0.25
193,1000,Random-25,0,0,0,0.0,0.0
193,1000,VeraDM-prior,3,3,0,1.0,0.0
194,1000,Exhaustive-Expanded,3,3,0,1.0,0.0
194,1000,Random-25,0,0,0,0.0,0.0
194,1000,VeraDM-prior,2,2,0,0.6666666666666666,0.0
195,1000,Exhaustive-Expanded,4,3,1,1.0,0.25
195,1000,Random-25,0,0,0,0.0,0.0
195,1000,VeraDM-prior,3,3,0,1.0,0.0
196,1000,Exhaustive-Expanded,2,2,0,0.6666666666666666,0.0
196,1000,Random-25,0,0,0,0.0,0.0
196,1000,VeraDM-prior,3,1,2,0.3333333333333333,0.6666666666666666
197,1000,Exhaustive-Expanded,2,2,0,0.6666666666666666,0.0
197,1000,Random-25,0,0,0,0.0,0.0
197,1000,VeraDM-prior,2,2,0,0.6666666666666666,0.0
198,1000,Exhaustive-Expanded,1,0,1,0.0,1.0
198,1000,Random-25,0,0,0,0.0,0.0
198,1000,VeraDM-prior,3,2,1,0.6666666666666666,0.3333333333333333
199,1000,Exhaustive-Expanded,3,3,0,1.0,0.0
199,1000,Random-25,0,0,0,0.0,0.0
199,1000,VeraDM-prior,3,2,1,0.6666666666666666,0.3333333333333333
200,1000,Exhaustive-Expanded,1,1,0,0.3333333333333333,0.0
200,1000,Random-25,0,0,0,0.0,0.0
200,1000,VeraDM-prior,5,3,2,1.0,0.4
201,1000,Exhaustive-Expanded,1,1,0,0.3333333333333333,0.0
201,1000,Random-25,0,0,0,0.0,0.0
201,1000,VeraDM-prior,2,2,0,0.6666666666666666,0.0
202,1000,Exhaustive-Expanded,2,2,0,0.6666666666666666,0.0
202,1000,Random-25,0,0,0,0.0,0.0
202,1000,VeraDM-prior,2,2,0,0.6666666666666666,0.0
203,1000,Exhaustive-Expanded,3,3,0,1.0,0.0
203,1000,Random-25,0,0,0,0.0,0.0
203,1000,VeraDM-prior,3,3,0,1.0,0.0
204,1000,Exhaustive-Expanded,3,2,1,0.6666666666666666,0.3333333333333333
204,1000,Random-25,0,0,0,0.0,0.0
204,1000,VeraDM-prior,4,3,1,1.0,0.25
205,1000,Exhaustive-Expanded,2,2,0,0.6666666666666666,0.0
205,1000,Random-25,0,0,0,0.0,0.0
205,1000,VeraDM-prior,2,2,0,0.6666666666666666,0.0
206,1000,Exhaustive-Expanded,0,0,0,0.0,0.0
206,1000,Random-25,0,0,0,0.0,0.0
206,1000,VeraDM-prior,1,1,0,0.3333333333333333,0.0
207,1000,Exhaustive-Expanded,3,3,0,1.0,0.0
207,1000,Random-25,1,1,0,0.3333333333333333,0.0
207,1000,VeraDM-prior,3,3,0,1.0,0.0
208,1000,Exhaustive-Expanded,3,2,1,0.6666666666666666,0.3333333333333333
208,1000,Random-25,0,0,0,0.0,0.0
208,1000,VeraDM-prior,2,2,0,0.6666666666666666,0.0
209,1000,Exhaustive-Expanded,1,1,0,0.3333333333333333,0.0
209,1000,Random-25,0,0,0,0.0,0.0
209,1000,VeraDM-prior,1,1,0,0.3333333333333333,0.0
210,1000,Exhaustive-Expanded,4,3,1,1.0,0.25
210,1000,Random-25,2,0,2,0.0,1.0
210,1000,VeraDM-prior,4,3,1,1.0,0.25
211,1000,Exhaustive-Expanded,4,2,2,0.6666666666666666,0.5
211,1000,Random-25,0,0,0,0.0,0.0
211,1000,VeraDM-prior,2,2,0,0.6666666666666666,0.0
212,1000,Exhaustive-Expanded,2,2,0,0.6666666666666666,0.0
212,1000,Random-25,0,0,0,0.0,0.0
212,1000,VeraDM-prior,1,1,0,0.3333333333333333,0.0
213,1000,Exhaustive-Expanded,3,3,0,1.0,0.0
213,1000,Random-25,0,0,0,0.0,0.0
213,1000,VeraDM-prior,3,2,1,0.6666666666666666,0.3333333333333333
214,1000,Exhaustive-Expanded,3,3,0,1.0,0.0
214,1000,Random-25,0,0,0,0.0,0.0
214,1000,VeraDM-prior,3,3,0,1.0,0.0
215,1000,Exhaustive-Expanded,2,2,0,0.6666666666666666,0.0
215,1000,Random-25,0,0,0,0.0,0.0
215,1000,VeraDM-prior,3,3,0,1.0,0.0
216,1000,Exhaustive-Expanded,3,3,0,1.0,0.0
216,1000,Random-25,0,0,0,0.0,0.0
216,1000,VeraDM-prior,2,2,0,0.6666666666666666,0.0
217,1000,Exhaustive-Expanded,3,3,0,1.0,0.0
217,1000,Random-25,0,0,0,0.0,0.0
217,1000,VeraDM-prior,4,3,1,1.0,0.25
218,1000,Exhaustive-Expanded,3,3,0,1.0,0.0
218,1000,Random-25,0,0,0,0.0,0.0
218,1000,VeraDM-prior,4,3,1,1.0,0.25
219,1000,Exhaustive-Expanded,3,2,1,0.6666666666666666,0.3333333333333333
219,1000,Random-25,1,0,1,0.0,1.0
219,1000,VeraDM-prior,2,2,0,0.6666666666666666,0.0
220,1000,Exhaustive-Expanded,4,3,1,1.0,0.25
220,1000,Random-25,0,0,0,0.0,0.0
220,1000,VeraDM-prior,3,3,0,1.0,0.0
221,1000,Exhaustive-Expanded,2,2,0,0.6666666666666666,0.0
221,1000,Random-25,0,0,0,0.0,0.0
221,1000,VeraDM-prior,3,3,0,1.0,0.0
222,1000,Exhaustive-Expanded,5,3,2,1.0,0.4
222,1000,Random-25,0,0,0,0.0,0.0
222,1000,VeraDM-prior,1,1,0,0.3333333333333333,0.0
223,1000,Exhaustive-Expanded,4,3,1,1.0,0.25
223,1000,Random-25,0,0,0,0.0,0.0
223,1000,VeraDM-prior,3,3,0,1.0,0.0
224,1000,Exhaustive-Expanded,2,2,0,0.6666666666666666,0.0
224,1000,Random-25,0,0,0,0.0,0.0
224,1000,VeraDM-prior,5,3,2,1.0,0.4
225,1000,Exhaustive-Expanded,1,1,0,0.3333333333333333,0.0
225,1000,Random-25,0,0,0,0.0,0.0
225,1000,VeraDM-prior,3,3,0,1.0,0.0
226,1000,Exhaustive-Expanded,0,0,0,0.0,0.0
226,1000,Random-25,0,0,0,0.0,0.0
226,1000,VeraDM-prior,2,2,0,0.6666666666666666,0.0
227,1000,Exhaustive-Expanded,4,3,1,1.0,0.25
227,1000,Random-25,0,0,0,0.0,0.0
227,1000,VeraDM-prior,2,2,0,0.6666666666666666,0.0
228,1000,Exhaustive-Expanded,3,3,0,1.0,0.0
228,1000,Random-25,0,0,0,0.0,0.0
228,1000,VeraDM-prior,3,3,0,1.0,0.0
229,1000,Exhaustive-Expanded,3,3,0,1.0,0.0
229,1000,Random-25,0,0,0,0.0,0.0
229,1000,VeraDM-prior,2,2,0,0.6666666666666666,0.0
230,1000,Exhaustive-Expanded,4,3,1,1.0,0.25
230,1000,Random-25,0,0,0,0.0,0.0
230,1000,VeraDM-prior,4,3,1,1.0,0.25
231,1000,Exhaustive-Expanded,5,3,2,1.0,0.4
231,1000,Random-25,0,0,0,0.0,0.0
231,1000,VeraDM-prior,3,3,0,1.0,0.0
232,1000,Exhaustive-Expanded,3,3,0,1.0,0.0
232,1000,Random-25,1,0,1,0.0,1.0
232,1000,VeraDM-prior,2,2,0,0.6666666666666666,0.0
233,1000,Exhaustive-Expanded,2,2,0,0.6666666666666666,0.0
233,1000,Random-25,0,0,0,0.0,0.0
233,1000,VeraDM-prior,3,3,0,1.0,0.0
234,1000,Exhaustive-Expanded,3,3,0,1.0,0.0
234,1000,Random-25,0,0,0,0.0,0.0
234,1000,VeraDM-prior,2,2,0,0.6666666666666666,0.0
235,1000,Exhaustive-Expanded,2,1,1,0.3333333333333333,0.5
235,1000,Random-25,0,0,0,0.0,0.0
235,1000,VeraDM-prior,3,2,1,0.6666666666666666,0.3333333333333333
236,1000,Exhaustive-Expanded,7,3,4,1.0,0.5714285714285714
236,1000,Random-25,0,0,0,0.0,0.0
236,1000,VeraDM-prior,3,3,0,1.0,0.0
237,1000,Exhaustive-Expanded,3,3,0,1.0,0.0
237,1000,Random-25,0,0,0,0.0,0.0
237,1000,VeraDM-prior,3,3,0,1.0,0.0
238,1000,Exhaustive-Expanded,4,3,1,1.0,0.25
238,1000,Random-25,0,0,0,0.0,0.0
238,1000,VeraDM-prior,2,2,0,0.6666666666666666,0.0
239,1000,Exhaustive-Expanded,4,3,1,1.0,0.25
239,1000,Random-25,0,0,0,0.0,0.0
239,1000,VeraDM-prior,4,3,1,1.0,0.25
240,1000,Exhaustive-Expanded,2,2,0,0.6666666666666666,0.0
240,1000,Random-25,0,0,0,0.0,0.0
240,1000,VeraDM-prior,3,3,0,1.0,0.0
241,1000,Exhaustive-Expanded,3,2,1,0.6666666666666666,0.3333333333333333
241,1000,Random-25,0,0,0,0.0,0.0
241,1000,VeraDM-prior,5,3,2,1.0,0.4
242,1000,Exhaustive-Expanded,3,3,0,1.0,0.0
242,1000,Random-25,0,0,0,0.0,0.0
242,1000,VeraDM-prior,5,3,2,1.0,0.4
243,1000,Exhaustive-Expanded,3,3,0,1.0,0.0
243,1000,Random-25,0,0,0,0.0,0.0
243,1000,VeraDM-prior,2,1,1,0.3333333333333333,0.5
244,1000,Exhaustive-Expanded,3,3,0,1.0,0.0
244,1000,Random-25,0,0,0,0.0,0.0
244,1000,VeraDM-prior,4,3,1,1.0,0.25
245,1000,Exhaustive-Expanded,5,3,2,1.0,0.4
245,1000,Random-25,0,0,0,0.0,0.0
245,1000,VeraDM-prior,4,3,1,1.0,0.25
246,1000,Exhaustive-Expanded,3,3,0,1.0,0.0
246,1000,Random-25,0,0,0,0.0,0.0
246,1000,VeraDM-prior,2,2,0,0.6666666666666666,0.0
247,1000,Exhaustive-Expanded,3,3,0,1.0,0.0
247,1000,Random-25,0,0,0,0.0,0.0
247,1000,VeraDM-prior,2,2,0,0.6666666666666666,0.0
248,1000,Exhaustive-Expanded,2,2,0,0.6666666666666666,0.0
248,1000,Random-25,0,0,0,0.0,0.0
248,1000,VeraDM-prior,3,3,0,1.0,0.0
249,1000,Exhaustive-Expanded,3,3,0,1.0,0.0
249,1000,Random-25,0,0,0,0.0,0.0
249,1000,VeraDM-prior,2,2,0,0.6666666666666666,0.0
250,1000,Exhaustive-Expanded,3,3,0,1.0,0.0
250,1000,Random-25,0,0,0,0.0,0.0
250,1000,VeraDM-prior,4,3,1,1.0,0.25
251,1000,Exhaustive-Expanded,2,2,0,0.6666666666666666,0.0
251,1000,Random-25,0,0,0,0.0,0.0
251,1000,VeraDM-prior,3,3,0,1.0,0.0
252,1000,Exhaustive-Expanded,3,3,0,1.0,0.0
252,1000,Random-25,0,0,0,0.0,0.0
252,1000,VeraDM-prior,4,3,1,1.0,0.25
253,1000,Exhaustive-Expanded,3,2,1,0.6666666666666666,0.3333333333333333
253,1000,Random-25,1,0,1,0.0,1.0
253,1000,VeraDM-prior,5,2,3,0.6666666666666666,0.6
254,1000,Exhaustive-Expanded,4,3,1,1.0,0.25
254,1000,Random-25,2,1,1,0.3333333333333333,0.5
254,1000,VeraDM-prior,4,3,1,1.0,0.25
255,1000,Exhaustive-Expanded,2,2,0,0.6666666666666666,0.0
255,1000,Random-25,0,0,0,0.0,0.0
255,1000,VeraDM-prior,3,3,0,1.0,0.0
256,1000,Exhaustive-Expanded,4,2,2,0.6666666666666666,0.5
256,1000,Random-25,0,0,0,0.0,0.0
256,1000,VeraDM-prior,3,2,1,0.6666666666666666,0.3333333333333333
257,1000,Exhaustive-Expanded,2,2,0,0.6666666666666666,0.0
257,1000,Random-25,0,0,0,0.0,0.0
257,1000,VeraDM-prior,3,3,0,1.0,0.0
258,1000,Exhaustive-Expanded,3,2,1,0.6666666666666666,0.3333333333333333
258,1000,Random-25,1,1,0,0.3333333333333333,0.0
258,1000,VeraDM-prior,3,3,0,1.0,0.0
259,1000,Exhaustive-Expanded,3,3,0,1.0,0.0
259,1000,Random-25,1,0,1,0.0,1.0
259,1000,VeraDM-prior,3,3,0,1.0,0.0
260,1000,Exhaustive-Expanded,5,3,2,1.0,0.4
260,1000,Random-25,0,0,0,0.0,0.0
260,1000,VeraDM-prior,3,3,0,1.0,0.0
261,1000,Exhaustive-Expanded,1,1,0,0.3333333333333333,0.0
261,1000,Random-25,0,0,0,0.0,0.0
261,1000,VeraDM-prior,3,3,0,1.0,0.0
262,1000,Exhaustive-Expanded,2,2,0,0.6666666666666666,0.0
262,1000,Random-25,0,0,0,0.0,0.0
262,1000,VeraDM-prior,4,3,1,1.0,0.25
263,1000,Exhaustive-Expanded,3,3,0,1.0,0.0
263,1000,Random-25,0,0,0,0.0,0.0
263,1000,VeraDM-prior,2,2,0,0.6666666666666666,0.0
264,1000,Exhaustive-Expanded,2,2,0,0.6666666666666666,0.0
264,1000,Random-25,3,2,1,0.6666666666666666,0.3333333333333333
264,1000,VeraDM-prior,3,3,0,1.0,0.0
265,1000,Exhaustive-Expanded,3,3,0,1.0,0.0
265,1000,Random-25,0,0,0,0.0,0.0
265,1000,VeraDM-prior,4,3,1,1.0,0.25
266,1000,Exhaustive-Expanded,3,3,0,1.0,0.0
266,1000,Random-25,0,0,0,0.0,0.0
266,1000,VeraDM-prior,3,3,0,1.0,0.0
267,1000,Exhaustive-Expanded,2,2,0,0.6666666666666666,0.0
267,1000,Random-25,0,0,0,0.0,0.0
267,1000,VeraDM-prior,3,3,0,1.0,0.0
268,1000,Exhaustive-Expanded,3,2,1,0.6666666666666666,0.3333333333333333
268,1000,Random-25,0,0,0,0.0,0.0
268,1000,VeraDM-prior,3,3,0,1.0,0.0
269,1000,Exhaustive-Expanded,2,2,0,0.6666666666666666,0.0
269,1000,Random-25,0,0,0,0.0,0.0
269,1000,VeraDM-prior,3,3,0,1.0,0.0
270,1000,Exhaustive-Expanded,6,3,3,1.0,0.5
270,1000,Random-25,0,0,0,0.0,0.0
270,1000,VeraDM-prior,4,3,1,1.0,0.25
271,1000,Exhaustive-Expanded,2,2,0,0.6666666666666666,0.0
271,1000,Random-25,0,0,0,0.0,0.0
271,1000,VeraDM-prior,3,3,0,1.0,0.0
272,1000,Exhaustive-Expanded,5,3,2,1.0,0.4
272,1000,Random-25,0,0,0,0.0,0.0
272,1000,VeraDM-prior,3,3,0,1.0,0.0
273,1000,Exhaustive-Expanded,3,3,0,1.0,0.0
273,1000,Random-25,0,0,0,0.0,0.0
273,1000,VeraDM-prior,0,0,0,0.0,0.0
274,1000,Exhaustive-Expanded,4,3,1,1.0,0.25
274,1000,Random-25,1,1,0,0.3333333333333333,0.0
274,1000,VeraDM-prior,3,3,0,1.0,0.0
275,1000,Exhaustive-Expanded,2,2,0,0.6666666666666666,0.0
275,1000,Random-25,0,0,0,0.0,0.0
275,1000,VeraDM-prior,3,3,0,1.0,0.0
276,1000,Exhaustive-Expanded,3,3,0,1.0,0.0
276,1000,Random-25,0,0,0,0.0,0.0
276,1000,VeraDM-prior,2,2,0,0.6666666666666666,0.0
277,1000,Exhaustive-Expanded,4,3,1,1.0,0.25
277,1000,Random-25,0,0,0,0.0,0.0
277,1000,VeraDM-prior,4,3,1,1.0,0.25
278,1000,Exhaustive-Expanded,3,3,0,1.0,0.0
278,1000,Random-25,1,1,0,0.3333333333333333,0.0
278,1000,VeraDM-prior,3,3,0,1.0,0.0
279,1000,Exhaustive-Expanded,3,3,0,1.0,0.0
279,1000,Random-25,0,0,0,0.0,0.0
279,1000,VeraDM-prior,2,1,1,0.3333333333333333,0.5
280,1000,Exhaustive-Expanded,2,2,0,0.6666666666666666,0.0
280,1000,Random-25,0,0,0,0.0,0.0
280,1000,VeraDM-prior,4,3,1,1.0,0.25
281,1000,Exhaustive-Expanded,3,3,0,1.0,0.0
281,1000,Random-25,0,0,0,0.0,0.0
281,1000,VeraDM-prior,3,3,0,1.0,0.0
282,1000,Exhaustive-Expanded,4,3,1,1.0,0.25
282,1000,Random-25,0,0,0,0.0,0.0
282,1000,VeraDM-prior,1,1,0,0.3333333333333333,0.0
283,1000,Exhaustive-Expanded,2,2,0,0.6666666666666666,0.0
283,1000,Random-25,1,1,0,0.3333333333333333,0.0
283,1000,VeraDM-prior,3,3,0,1.0,0.0
284,1000,Exhaustive-Expanded,1,1,0,0.3333333333333333,0.0
284,1000,Random-25,0,0,0,0.0,0.0
284,1000,VeraDM-prior,3,2,1,0.6666666666666666,0.3333333333333333
285,1000,Exhaustive-Expanded,2,2,0,0.6666666666666666,0.0
285,1000,Random-25,0,0,0,0.0,0.0
285,1000,VeraDM-prior,3,3,0,1.0,0.0
286,1000,Exhaustive-Expanded,3,3,0,1.0,0.0
286,1000,Random-25,0,0,0,0.0,0.0
286,1000,VeraDM-prior,3,3,0,1.0,0.0
287,1000,Exhaustive-Expanded,3,3,0,1.0,0.0
287,1000,Random-25,1,0,1,0.0,1.0
287,1000,VeraDM-prior,3,3,0,1.0,0.0
288,1000,Exhaustive-Expanded,3,3,0,1.0,0.0
288,1000,Random-25,0,0,0,0.0,0.0
288,1000,VeraDM-prior,2,1,1,0.3333333333333333,0.5
289,1000,Exhaustive-Expanded,4,3,1,1.0,0.25
289,1000,Random-25,0,0,0,0.0,0.0
289,1000,VeraDM-prior,4,3,1,1.0,0.25
290,1000,Exhaustive-Expanded,6,3,3,1.0,0.5
290,1000,Random-25,0,0,0,0.0,0.0
290,1000,VeraDM-prior,2,2,0,0.6666666666666666,0.0
291,1000,Exhaustive-Expanded,3,3,0,1.0,0.0
291,1000,Random-25,0,0,0,0.0,0.0
291,1000,VeraDM-prior,5,3,2,1.0,0.4
292,1000,Exhaustive-Expanded,3,2,1,0.6666666666666666,0.3333333333333333
292,1000,Random-25,0,0,0,0.0,0.0
292,1000,VeraDM-prior,1,1,0,0.3333333333333333,0.0
293,1000,Exhaustive-Expanded,1,1,0,0.3333333333333333,0.0
293,1000,Random-25,0,0,0,0.0,0.0
293,1000,VeraDM-prior,4,3,1,1.0,0.25
294,1000,Exhaustive-Expanded,4,3,1,1.0,0.25
294,1000,Random-25,0,0,0,0.0,0.0
294,1000,VeraDM-prior,1,1,0,0.3333333333333333,0.0
295,1000,Exhaustive-Expanded,3,3,0,1.0,0.0
295,1000,Random-25,0,0,0,0.0,0.0
295,1000,VeraDM-prior,2,2,0,0.6666666666666666,0.0
296,1000,Exhaustive-Expanded,2,2,0,0.6666666666666666,0.0
296,1000,Random-25,0,0,0,0.0,0.0
296,1000,VeraDM-prior,4,3,1,1.0,0.25
297,1000,Exhaustive-Expanded,3,2,1,0.6666666666666666,0.3333333333333333
297,1000,Random-25,1,1,0,0.3333333333333333,0.0
297,1000,VeraDM-prior,3,3,0,1.0,0.0
298,1000,Exhaustive-Expanded,4,2,2,0.6666666666666666,0.5
298,1000,Random-25,1,0,1,0.0,1.0
298,1000,VeraDM-prior,4,2,2,0.6666666666666666,0.5
299,1000,Exhaustive-Expanded,3,3,0,1.0,0.0
299,1000,Random-25,0,0,0,0.0,0.0
299,1000,VeraDM-prior,2,2,0,0.6666666666666666,0.0
300,1000,Exhaustive-Expanded,3,3,0,1.0,0.0
300,1000,Random-25,0,0,0,0.0,0.0
300,1000,VeraDM-prior,4,3,1,1.0,0.25
301,1000,Exhaustive-Expanded,3,2,1,0.6666666666666666,0.3333333333333333
301,1000,Random-25,0,0,0,0.0,0.0
301,1000,VeraDM-prior,3,3,0,1.0,0.0
302,1000,Exhaustive-Expanded,1,1,0,0.3333333333333333,0.0
302,1000,Random-25,1,0,1,0.0,1.0
302,1000,VeraDM-prior,2,2,0,0.6666666666666666,0.0
303,1000,Exhaustive-Expanded,5,3,2,1.0,0.4
303,1000,Random-25,0,0,0,0.0,0.0
303,1000,VeraDM-prior,2,2,0,0.6666666666666666,0.0
304,1000,Exhaustive-Expanded,2,2,0,0.6666666666666666,0.0
304,1000,Random-25,0,0,0,0.0,0.0
304,1000,VeraDM-prior,3,3,0,1.0,0.0
305,1000,Exhaustive-Expanded,3,2,1,0.6666666666666666,0.3333333333333333
305,1000,Random-25,0,0,0,0.0,0.0
305,1000,VeraDM-prior,3,3,0,1.0,0.0
306,1000,Exhaustive-Expanded,3,3,0,1.0,0.0
306,1000,Random-25,0,0,0,0.0,0.0
306,1000,VeraDM-prior,3,3,0,1.0,0.0
307,1000,Exhaustive-Expanded,2,2,0,0.6666666666666666,0.0
307,1000,Random-25,0,0,0,0.0,0.0
307,1000,VeraDM-prior,1,1,0,0.3333333333333333,0.0
308,1000,Exhaustive-Expanded,2,2,0,0.6666666666666666,0.0
308,1000,Random-25,1,1,0,0.3333333333333333,0.0
308,1000,VeraDM-prior,3,3,0,1.0,0.0
309,1000,Exhaustive-Expanded,3,3,0,1.0,0.0
309,1000,Random-25,1,1,0,0.3333333333333333,0.0
309,1000,VeraDM-prior,6,3,3,1.0,0.5
310,1000,Exhaustive-Expanded,3,3,0,1.0,0.0
310,1000,Random-25,1,1,0,0.3333333333333333,0.0
310,1000,VeraDM-prior,2,2,0,0.6666666666666666,0.0
311,1000,Exhaustive-Expanded,3,3,0,1.0,0.0
311,1000,Random-25,0,0,0,0.0,0.0
311,1000,VeraDM-prior,3,3,0,1.0,0.0
312,1000,Exhaustive-Expanded,3,2,1,0.6666666666666666,0.3333333333333333
312,1000,Random-25,0,0,0,0.0,0.0
312,1000,VeraDM-prior,1,1,0,0.3333333333333333,0.0
313,1000,Exhaustive-Expanded,3,3,0,1.0,0.0
313,1000,Random-25,0,0,0,0.0,0.0
313,1000,VeraDM-prior,3,3,0,1.0,0.0
314,1000,Exhaustive-Expanded,3,2,1,0.6666666666666666,0.3333333333333333
314,1000,Random-25,0,0,0,0.0,0.0
314,1000,VeraDM-prior,2,2,0,0.6666666666666666,0.0
315,1000,Exhaustive-Expanded,4,3,1,1.0,0.25
315,1000,Random-25,0,0,0,0.0,0.0
315,1000,VeraDM-prior,3,3,0,1.0,0.0
316,1000,Exhaustive-Expanded,1,1,0,0.3333333333333333,0.0
316,1000,Random-25,0,0,0,0.0,0.0
316,1000,VeraDM-prior,3,3,0,1.0,0.0
317,1000,Exhaustive-Expanded,5,3,2,1.0,0.4
317,1000,Random-25,0,0,0,0.0,0.0
317,1000,VeraDM-prior,4,3,1,1.0,0.25
318,1000,Exhaustive-Expanded,4,3,1,1.0,0.25
318,1000,Random-25,2,0,2,0.0,1.0
318,1000,VeraDM-prior,2,2,0,0.6666666666666666,0.0
319,1000,Exhaustive-Expanded,2,2,0,0.6666666666666666,0.0
319,1000,Random-25,0,0,0,0.0,0.0
319,1000,VeraDM-prior,4,3,1,1.0,0.25
320,1000,Exhaustive-Expanded,3,3,0,1.0,0.0
320,1000,Random-25,0,0,0,0.0,0.0
320,1000,VeraDM-prior,3,3,0,1.0,0.0
321,1000,Exhaustive-Expanded,0,0,0,0.0,0.0
321,1000,Random-25,0,0,0,0.0,0.0
321,1000,VeraDM-prior,2,2,0,0.6666666666666666,0.0
322,1000,Exhaustive-Expanded,2,2,0,0.6666666666666666,0.0
322,1000,Random-25,0,0,0,0.0,0.0
322,1000,VeraDM-prior,4,3,1,1.0,0.25
323,1000,Exhaustive-Expanded,3,3,0,1.0,0.0
323,1000,Random-25,2,2,0,0.6666666666666666,0.0
323,1000,VeraDM-prior,1,1,0,0.3333333333333333,0.0
324,1000,Exhaustive-Expanded,2,2,0,0.6666666666666666,0.0
324,1000,Random-25,0,0,0,0.0,0.0
324,1000,VeraDM-prior,6,3,3,1.0,0.5
325,1000,Exhaustive-Expanded,3,3,0,1.0,0.0
325,1000,Random-25,0,0,0,0.0,0.0
325,1000,VeraDM-prior,2,2,0,0.6666666666666666,0.0
326,1000,Exhaustive-Expanded,3,3,0,1.0,0.0
326,1000,Random-25,1,1,0,0.3333333333333333,0.0
326,1000,VeraDM-prior,2,2,0,0.6666666666666666,0.0
327,1000,Exhaustive-Expanded,3,3,0,1.0,0.0
327,1000,Random-25,0,0,0,0.0,0.0
327,1000,VeraDM-prior,4,3,1,1.0,0.25
328,1000,Exhaustive-Expanded,5,3,2,1.0,0.4
328,1000,Random-25,0,0,0,0.0,0.0
328,1000,VeraDM-prior,3,3,0,1.0,0.0
329,1000,Exhaustive-Expanded,2,2,0,0.6666666666666666,0.0
329,1000,Random-25,0,0,0,0.0,0.0
329,1000,VeraDM-prior,3,3,0,1.0,0.0
330,1000,Exhaustive-Expanded,3,3,0,1.0,0.0
330,1000,Random-25,0,0,0,0.0,0.0
330,1000,VeraDM-prior,4,3,1,1.0,0.25
331,1000,Exhaustive-Expanded,2,2,0,0.6666666666666666,0.0
331,1000,Random-25,0,0,0,0.0,0.0
331,1000,VeraDM-prior,3,3,0,1.0,0.0
332,1000,Exhaustive-Expanded,1,1,0,0.3333333333333333,0.0
332,1000,Random-25,0,0,0,0.0,0.0
332,1000,VeraDM-prior,2,2,0,0.6666666666666666,0.0
333,1000,Exhaustive-Expanded,1,1,0,0.3333333333333333,0.0
333,1000,Random-25,0,0,0,0.0,0.0
333,1000,VeraDM-prior,0,0,0,0.0,0.0
334,1000,Exhaustive-Expanded,3,3,0,1.0,0.0
334,1000,Random-25,1,1,0,0.3333333333333333,0.0
334,1000,VeraDM-prior,3,3,0,1.0,0.0
335,1000,Exhaustive-Expanded,2,2,0,0.6666666666666666,0.0
335,1000,Random-25,0,0,0,0.0,0.0
335,1000,VeraDM-prior,3,3,0,1.0,0.0
336,1000,Exhaustive-Expanded,2,2,0,0.6666666666666666,0.0
336,1000,Random-25,0,0,0,0.0,0.0
336,1000,VeraDM-prior,4,3,1,1.0,0.25
337,1000,Exhaustive-Expanded,2,2,0,0.6666666666666666,0.0
337,1000,Random-25,0,0,0,0.0,0.0
337,1000,VeraDM-prior,3,2,1,0.6666666666666666,0.3333333333333333
338,1000,Exhaustive-Expanded,3,3,0,1.0,0.0
338,1000,Random-25,0,0,0,0.0,0.0
338,1000,VeraDM-prior,4,3,1,1.0,0.25
339,1000,Exhaustive-Expanded,2,2,0,0.6666666666666666,0.0
339,1000,Random-25,1,1,0,0.3333333333333333,0.0
339,1000,VeraDM-prior,3,3,0,1.0,0.0
340,1000,Exhaustive-Expanded,2,2,0,0.6666666666666666,0.0
340,1000,Random-25,0,0,0,0.0,0.0
340,1000,VeraDM-prior,4,3,1,1.0,0.25
341,1000,Exhaustive-Expanded,0,0,0,0.0,0.0
341,1000,Random-25,1,0,1,0.0,1.0
341,1000,VeraDM-prior,3,3,0,1.0,0.0
342,1000,Exhaustive-Expanded,3,2,1,0.6666666666666666,0.3333333333333333
342,1000,Random-25,0,0,0,0.0,0.0
342,1000,VeraDM-prior,2,2,0,0.6666666666666666,0.0
343,1000,Exhaustive-Expanded,2,2,0,0.6666666666666666,0.0
343,1000,Random-25,0,0,0,0.0,0.0
343,1000,VeraDM-prior,3,2,1,0.6666666666666666,0.3333333333333333
344,1000,Exhaustive-Expanded,3,2,1,0.6666666666666666,0.3333333333333333
344,1000,Random-25,1,1,0,0.3333333333333333,0.0
344,1000,VeraDM-prior,3,2,1,0.6666666666666666,0.3333333333333333
345,1000,Exhaustive-Expanded,2,2,0,0.6666666666666666,0.0
345,1000,Random-25,0,0,0,0.0,0.0
345,1000,VeraDM-prior,2,2,0,0.6666666666666666,0.0
346,1000,Exhaustive-Expanded,3,3,0,1.0,0.0
346,1000,Random-25,1,0,1,0.0,1.0
346,1000,VeraDM-prior,3,3,0,1.0,0.0
347,1000,Exhaustive-Expanded,5,3,2,1.0,0.4
347,1000,Random-25,1,1,0,0.3333333333333333,0.0
347,1000,VeraDM-prior,1,1,0,0.3333333333333333,0.0
348,1000,Exhaustive-Expanded,3,3,0,1.0,0.0
348,1000,Random-25,1,0,1,0.0,1.0
348,1000,VeraDM-prior,4,3,1,1.0,0.25
349,1000,Exhaustive-Expanded,2,2,0,0.6666666666666666,0.0
349,1000,Random-25,0,0,0,0.0,0.0
349,1000,VeraDM-prior,2,2,0,0.6666666666666666,0.0
350,1000,Exhaustive-Expanded,4,3,1,1.0,0.25
350,1000,Random-25,0,0,0,0.0,0.0
350,1000,VeraDM-prior,3,2,1,0.6666666666666666,0.3333333333333333
351,1000,Exhaustive-Expanded,1,1,0,0.3333333333333333,0.0
351,1000,Random-25,1,0,1,0.0,1.0
351,1000,VeraDM-prior,1,1,0,0.3333333333333333,0.0
352,1000,Exhaustive-Expanded,2,2,0,0.6666666666666666,0.0
352,1000,Random-25,0,0,0,0.0,0.0
352,1000,VeraDM-prior,1,1,0,0.3333333333333333,0.0
353,1000,Exhaustive-Expanded,3,3,0,1.0,0.0
353,1000,Random-25,0,0,0,0.0,0.0
353,1000,VeraDM-prior,3,2,1,0.6666666666666666,0.3333333333333333
354,1000,Exhaustive-Expanded,1,1,0,0.3333333333333333,0.0
354,1000,Random-25,0,0,0,0.0,0.0
354,1000,VeraDM-prior,4,3,1,1.0,0.25
355,1000,Exhaustive-Expanded,3,3,0,1.0,0.0
355,1000,Random-25,0,0,0,0.0,0.0
355,1000,VeraDM-prior,2,2,0,0.6666666666666666,0.0
356,1000,Exhaustive-Expanded,3,3,0,1.0,0.0
356,1000,Random-25,0,0,0,0.0,0.0
356,1000,VeraDM-prior,4,3,1,1.0,0.25
357,1000,Exhaustive-Expanded,3,3,0,1.0,0.0
357,1000,Random-25,0,0,0,0.0,0.0
357,1000,VeraDM-prior,2,2,0,0.6666666666666666,0.0
358,1000,Exhaustive-Expanded,3,3,0,1.0,0.0
358,1000,Random-25,0,0,0,0.0,0.0
358,1000,VeraDM-prior,3,2,1,0.6666666666666666,0.3333333333333333
359,1000,Exhaustive-Expanded,3,3,0,1.0,0.0
359,1000,Random-25,0,0,0,0.0,0.0
359,1000,VeraDM-prior,3,3,0,1.0,0.0
360,1000,Exhaustive-Expanded,3,3,0,1.0,0.0
360,1000,Random-25,0,0,0,0.0,0.0
360,1000,VeraDM-prior,2,2,0,0.6666666666666666,0.0
361,1000,Exhaustive-Expanded,3,3,0,1.0,0.0
361,1000,Random-25,0,0,0,0.0,0.0
361,1000,VeraDM-prior,4,3,1,1.0,0.25
362,1000,Exhaustive-Expanded,2,2,0,0.6666666666666666,0.0
362,1000,Random-25,0,0,0,0.0,0.0
362,1000,VeraDM-prior,4,3,1,1.0,0.25
363,1000,Exhaustive-Expanded,0,0,0,0.0,0.0
363,1000,Random-25,0,0,0,0.0,0.0
363,1000,VeraDM-prior,3,3,0,1.0,0.0
364,1000,Exhaustive-Expanded,3,2,1,0.6666666666666666,0.3333333333333333
364,1000,Random-25,0,0,0,0.0,0.0
364,1000,VeraDM-prior,2,2,0,0.6666666666666666,0.0
365,1000,Exhaustive-Expanded,2,2,0,0.6666666666666666,0.0
365,1000,Random-25,0,0,0,0.0,0.0
365,1000,VeraDM-prior,3,3,0,1.0,0.0
366,1000,Exhaustive-Expanded,3,3,0,1.0,0.0
366,1000,Random-25,0,0,0,0.0,0.0
366,1000,VeraDM-prior,3,3,0,1.0,0.0
367,1000,Exhaustive-Expanded,1,1,0,0.3333333333333333,0.0
367,1000,Random-25,0,0,0,0.0,0.0
367,1000,VeraDM-prior,4,3,1,1.0,0.25
368,1000,Exhaustive-Expanded,3,3,0,1.0,0.0
368,1000,Random-25,0,0,0,0.0,0.0
368,1000,VeraDM-prior,3,3,0,1.0,0.0
369,1000,Exhaustive-Expanded,4,3,1,1.0,0.25
369,1000,Random-25,1,1,0,0.3333333333333333,0.0
369,1000,VeraDM-prior,2,2,0,0.6666666666666666,0.0
370,1000,Exhaustive-Expanded,3,2,1,0.6666666666666666,0.3333333333333333
370,1000,Random-25,0,0,0,0.0,0.0
370,1000,VeraDM-prior,2,2,0,0.6666666666666666,0.0
371,1000,Exhaustive-Expanded,5,3,2,1.0,0.4
371,1000,Random-25,0,0,0,0.0,0.0
371,1000,VeraDM-prior,3,2,1,0.6666666666666666,0.3333333333333333
372,1000,Exhaustive-Expanded,2,2,0,0.6666666666666666,0.0
372,1000,Random-25,2,1,1,0.3333333333333333,0.5
372,1000,VeraDM-prior,2,2,0,0.6666666666666666,0.0
373,1000,Exhaustive-Expanded,3,3,0,1.0,0.0
373,1000,Random-25,0,0,0,0.0,0.0
373,1000,VeraDM-prior,4,3,1,1.0,0.25
374,1000,Exhaustive-Expanded,3,3,0,1.0,0.0
374,1000,Random-25,0,0,0,0.0,0.0
374,1000,VeraDM-prior,3,3,0,1.0,0.0
375,1000,Exhaustive-Expanded,2,2,0,0.6666666666666666,0.0
375,1000,Random-25,0,0,0,0.0,0.0
375,1000,VeraDM-prior,3,3,0,1.0,0.0
376,1000,Exhaustive-Expanded,1,1,0,0.3333333333333333,0.0
376,1000,Random-25,0,0,0,0.0,0.0
376,1000,VeraDM-prior,2,2,0,0.6666666666666666,0.0
377,1000,Exhaustive-Expanded,3,3,0,1.0,0.0
377,1000,Random-25,0,0,0,0.0,0.0
377,1000,VeraDM-prior,3,3,0,1.0,0.0
378,1000,Exhaustive-Expanded,1,1,0,0.3333333333333333,0.0
378,1000,Random-25,0,0,0,0.0,0.0
378,1000,VeraDM-prior,3,2,1,0.6666666666666666,0.3333333333333333
379,1000,Exhaustive-Expanded,3,3,0,1.0,0.0
379,1000,Random-25,0,0,0,0.0,0.0
379,1000,VeraDM-prior,5,3,2,1.0,0.4
380,1000,Exhaustive-Expanded,3,3,0,1.0,0.0
380,1000,Random-25,0,0,0,0.0,0.0
380,1000,VeraDM-prior,3,3,0,1.0,0.0
381,1000,Exhaustive-Expanded,3,3,0,1.0,0.0
381,1000,Random-25,0,0,0,0.0,0.0
381,1000,VeraDM-prior,4,3,1,1.0,0.25
382,1000,Exhaustive-Expanded,2,1,1,0.3333333333333333,0.5
382,1000,Random-25,0,0,0,0.0,0.0
382,1000,VeraDM-prior,4,3,1,1.0,0.25
383,1000,Exhaustive-Expanded,3,3,0,1.0,0.0
383,1000,Random-25,1,1,0,0.3333333333333333,0.0
383,1000,VeraDM-prior,2,2,0,0.6666666666666666,0.0
384,1000,Exhaustive-Expanded,2,2,0,0.6666666666666666,0.0
384,1000,Random-25,1,1,0,0.3333333333333333,0.0
384,1000,VeraDM-prior,3,3,0,1.0,0.0
385,1000,Exhaustive-Expanded,4,3,1,1.0,0.25
385,1000,Random-25,0,0,0,0.0,0.0
385,1000,VeraDM-prior,3,3,0,1.0,0.0
386,1000,Exhaustive-Expanded,5,3,2,1.0,0.4
386,1000,Random-25,0,0,0,0.0,0.0
386,1000,VeraDM-prior,3,3,0,1.0,0.0
387,1000,Exhaustive-Expanded,0,0,0,0.0,0.0
387,1000,Random-25,0,0,0,0.0,0.0
387,1000,VeraDM-prior,4,3,1,1.0,0.25
388,1000,Exhaustive-Expanded,3,3,0,1.0,0.0
388,1000,Random-25,0,0,0,0.0,0.0
388,1000,VeraDM-prior,3,3,0,1.0,0.0
389,1000,Exhaustive-Expanded,0,0,0,0.0,0.0
389,1000,Random-25,0,0,0,0.0,0.0
389,1000,VeraDM-prior,4,3,1,1.0,0.25
390,1000,Exhaustive-Expanded,3,3,0,1.0,0.0
390,1000,Random-25,0,0,0,0.0,0.0
390,1000,VeraDM-prior,2,2,0,0.6666666666666666,0.0
391,1000,Exhaustive-Expanded,3,3,0,1.0,0.0
391,1000,Random-25,0,0,0,0.0,0.0
391,1000,VeraDM-prior,3,3,0,1.0,0.0
392,1000,Exhaustive-Expanded,2,2,0,0.6666666666666666,0.0
392,1000,Random-25,0,0,0,0.0,0.0
392,1000,VeraDM-prior,2,2,0,0.6666666666666666,0.0
393,1000,Exhaustive-Expanded,4,3,1,1.0,0.25
393,1000,Random-25,0,0,0,0.0,0.0
393,1000,VeraDM-prior,2,2,0,0.6666666666666666,0.0
394,1000,Exhaustive-Expanded,2,2,0,0.6666666666666666,0.0
394,1000,Random-25,0,0,0,0.0,0.0
394,1000,VeraDM-prior,3,3,0,1.0,0.0
395,1000,Exhaustive-Expanded,3,3,0,1.0,0.0
395,1000,Random-25,0,0,0,0.0,0.0
395,1000,VeraDM-prior,3,3,0,1.0,0.0
396,1000,Exhaustive-Expanded,3,3,0,1.0,0.0
396,1000,Random-25,0,0,0,0.0,0.0
396,1000,VeraDM-prior,3,3,0,1.0,0.0
397,1000,Exhaustive-Expanded,4,3,1,1.0,0.25
397,1000,Random-25,1,0,1,0.0,1.0
397,1000,VeraDM-prior,1,1,0,0.3333333333333333,0.0
398,1000,Exhaustive-Expanded,1,1,0,0.3333333333333333,0.0
398,1000,Random-25,1,1,0,0.3333333333333333,0.0
398,1000,VeraDM-prior,3,2,1,0.6666666666666666,0.3333333333333333
399,1000,Exhaustive-Expanded,3,3,0,1.0,0.0
399,1000,Random-25,1,0,1,0.0,1.0
399,1000,VeraDM-prior,1,1,0,0.3333333333333333,0.0
400,1000,Exhaustive-Expanded,2,2,0,0.6666666666666666,0.0
400,1000,Random-25,0,0,0,0.0,0.0
400,1000,VeraDM-prior,3,3,0,1.0,0.0
401,1000,Exhaustive-Expanded,4,2,2,0.6666666666666666,0.5
401,1000,Random-25,0,0,0,0.0,0.0
401,1000,VeraDM-prior,3,3,0,1.0,0.0
402,1000,Exhaustive-Expanded,1,1,0,0.3333333333333333,0.0
402,1000,Random-25,0,0,0,0.0,0.0
402,1000,VeraDM-prior,3,2,1,0.6666666666666666,0.3333333333333333
403,1000,Exhaustive-Expanded,7,3,4,1.0,0.5714285714285714
403,1000,Random-25,0,0,0,0.0,0.0
403,1000,VeraDM-prior,3,3,0,1.0,0.0
404,1000,Exhaustive-Expanded,3,3,0,1.0,0.0
404,1000,Random-25,0,0,0,0.0,0.0
404,1000,VeraDM-prior,2,2,0,0.6666666666666666,0.0
405,1000,Exhaustive-Expanded,3,3,0,1.0,0.0
405,1000,Random-25,0,0,0,0.0,0.0
405,1000,VeraDM-prior,3,3,0,1.0,0.0
406,1000,Exhaustive-Expanded,2,2,0,0.6666666666666666,0.0
406,1000,Random-25,1,1,0,0.3333333333333333,0.0
406,1000,VeraDM-prior,3,2,1,0.6666666666666666,0.3333333333333333
407,1000,Exhaustive-Expanded,2,2,0,0.6666666666666666,0.0
407,1000,Random-25,0,0,0,0.0,0.0
407,1000,VeraDM-prior,4,3,1,1.0,0.25
408,1000,Exhaustive-Expanded,3,3,0,1.0,0.0
408,1000,Random-25,0,0,0,0.0,0.0
408,1000,VeraDM-prior,3,3,0,1.0,0.0
409,1000,Exhaustive-Expanded,6,3,3,1.0,0.5
409,1000,Random-25,1,1,0,0.3333333333333333,0.0
409,1000,VeraDM-prior,2,2,0,0.6666666666666666,0.0
410,1000,Exhaustive-Expanded,3,3,0,1.0,0.0
410,1000,Random-25,0,0,0,0.0,0.0
410,1000,VeraDM-prior,3,3,0,1.0,0.0
411,1000,Exhaustive-Expanded,3,3,0,1.0,0.0
411,1000,Random-25,0,0,0,0.0,0.0
411,1000,VeraDM-prior,4,3,1,1.0,0.25
412,1000,Exhaustive-Expanded,4,3,1,1.0,0.25
412,1000,Random-25,0,0,0,0.0,0.0
412,1000,VeraDM-prior,3,3,0,1.0,0.0
413,1000,Exhaustive-Expanded,3,3,0,1.0,0.0
413,1000,Random-25,1,0,1,0.0,1.0
413,1000,VeraDM-prior,2,2,0,0.6666666666666666,0.0
414,1000,Exhaustive-Expanded,2,2,0,0.6666666666666666,0.0
414,1000,Random-25,0,0,0,0.0,0.0
414,1000,VeraDM-prior,3,3,0,1.0,0.0
415,1000,Exhaustive-Expanded,2,2,0,0.6666666666666666,0.0
415,1000,Random-25,0,0,0,0.0,0.0
415,1000,VeraDM-prior,3,3,0,1.0,0.0
416,1000,Exhaustive-Expanded,3,3,0,1.0,0.0
416,1000,Random-25,0,0,0,0.0,0.0
416,1000,VeraDM-prior,2,2,0,0.6666666666666666,0.0
417,1000,Exhaustive-Expanded,3,2,1,0.6666666666666666,0.3333333333333333
417,1000,Random-25,0,0,0,0.0,0.0
417,1000,VeraDM-prior,2,2,0,0.6666666666666666,0.0
418,1000,Exhaustive-Expanded,2,2,0,0.6666666666666666,0.0
418,1000,Random-25,0,0,0,0.0,0.0
418,1000,VeraDM-prior,3,3,0,1.0,0.0
419,1000,Exhaustive-Expanded,2,2,0,0.6666666666666666,0.0
419,1000,Random-25,1,0,1,0.0,1.0
419,1000,VeraDM-prior,2,2,0,0.6666666666666666,0.0
420,1000,Exhaustive-Expanded,4,2,2,0.6666666666666666,0.5
420,1000,Random-25,0,0,0,0.0,0.0
420,1000,VeraDM-prior,3,3,0,1.0,0.0
421,1000,Exhaustive-Expanded,4,3,1,1.0,0.25
421,1000,Random-25,1,1,0,0.3333333333333333,0.0
421,1000,VeraDM-prior,3,3,0,1.0,0.0
422,1000,Exhaustive-Expanded,1,1,0,0.3333333333333333,0.0
422,1000,Random-25,0,0,0,0.0,0.0
422,1000,VeraDM-prior,4,3,1,1.0,0.25
423,1000,Exhaustive-Expanded,2,2,0,0.6666666666666666,0.0
423,1000,Random-25,1,1,0,0.3333333333333333,0.0
423,1000,VeraDM-prior,3,3,0,1.0,0.0
424,1000,Exhaustive-Expanded,3,3,0,1.0,0.0
424,1000,Random-25,1,1,0,0.3333333333333333,0.0
424,1000,VeraDM-prior,3,3,0,1.0,0.0
425,1000,Exhaustive-Expanded,4,3,1,1.0,0.25
425,1000,Random-25,0,0,0,0.0,0.0
425,1000,VeraDM-prior,3,3,0,1.0,0.0
426,1000,Exhaustive-Expanded,3,3,0,1.0,0.0
426,1000,Random-25,0,0,0,0.0,0.0
426,1000,VeraDM-prior,3,3,0,1.0,0.0
427,1000,Exhaustive-Expanded,5,3,2,1.0,0.4
427,1000,Random-25,0,0,0,0.0,0.0
427,1000,VeraDM-prior,3,3,0,1.0,0.0
428,1000,Exhaustive-Expanded,2,2,0,0.6666666666666666,0.0
428,1000,Random-25,0,0,0,0.0,0.0
428,1000,VeraDM-prior,4,3,1,1.0,0.25
429,1000,Exhaustive-Expanded,3,2,1,0.6666666666666666,0.3333333333333333
429,1000,Random-25,0,0,0,0.0,0.0
429,1000,VeraDM-prior,4,3,1,1.0,0.25
430,1000,Exhaustive-Expanded,2,2,0,0.6666666666666666,0.0
430,1000,Random-25,1,0,1,0.0,1.0
430,1000,VeraDM-prior,2,2,0,0.6666666666666666,0.0
431,1000,Exhaustive-Expanded,3,3,0,1.0,0.0
431,1000,Random-25,1,1,0,0.3333333333333333,0.0
431,1000,VeraDM-prior,3,3,0,1.0,0.0
432,1000,Exhaustive-Expanded,2,2,0,0.6666666666666666,0.0
432,1000,Random-25,0,0,0,0.0,0.0
432,1000,VeraDM-prior,4,3,1,1.0,0.25
433,1000,Exhaustive-Expanded,2,2,0,0.6666666666666666,0.0
433,1000,Random-25,1,0,1,0.0,1.0
433,1000,VeraDM-prior,3,3,0,1.0,0.0
434,1000,Exhaustive-Expanded,3,2,1,0.6666666666666666,0.3333333333333333
434,1000,Random-25,0,0,0,0.0,0.0
434,1000,VeraDM-prior,4,3,1,1.0,0.25
435,1000,Exhaustive-Expanded,3,3,0,1.0,0.0
435,1000,Random-25,0,0,0,0.0,0.0
435,1000,VeraDM-prior,4,3,1,1.0,0.25
436,1000,Exhaustive-Expanded,3,3,0,1.0,0.0
436,1000,Random-25,0,0,0,0.0,0.0
436,1000,VeraDM-prior,2,2,0,0.6666666666666666,0.0
437,1000,Exhaustive-Expanded,3,3,0,1.0,0.0
437,1000,Random-25,0,0,0,0.0,0.0
437,1000,VeraDM-prior,4,3,1,1.0,0.25
438,1000,Exhaustive-Expanded,2,2,0,0.6666666666666666,0.0
438,1000,Random-25,0,0,0,0.0,0.0
438,1000,VeraDM-prior,2,2,0,0.6666666666666666,0.0
439,1000,Exhaustive-Expanded,2,2,0,0.6666666666666666,0.0
439,1000,Random-25,1,0,1,0.0,1.0
439,1000,VeraDM-prior,3,3,0,1.0,0.0
440,1000,Exhaustive-Expanded,3,3,0,1.0,0.0
440,1000,Random-25,0,0,0,0.0,0.0
440,1000,VeraDM-prior,2,2,0,0.6666666666666666,0.0
441,1000,Exhaustive-Expanded,2,2,0,0.6666666666666666,0.0
441,1000,Random-25,0,0,0,0.0,0.0
441,1000,VeraDM-prior,3,3,0,1.0,0.0
442,1000,Exhaustive-Expanded,4,3,1,1.0,0.25
442,1000,Random-25,0,0,0,0.0,0.0
442,1000,VeraDM-prior,3,3,0,1.0,0.0
443,1000,Exhaustive-Expanded,3,3,0,1.0,0.0
443,1000,Random-25,0,0,0,0.0,0.0
443,1000,VeraDM-prior,2,2,0,0.6666666666666666,0.0
444,1000,Exhaustive-Expanded,3,2,1,0.6666666666666666,0.3333333333333333
444,1000,Random-25,0,0,0,0.0,0.0
444,1000,VeraDM-prior,3,3,0,1.0,0.0
445,1000,Exhaustive-Expanded,4,3,1,1.0,0.25
445,1000,Random-25,0,0,0,0.0,0.0
445,1000,VeraDM-prior,2,2,0,0.6666666666666666,0.0
446,1000,Exhaustive-Expanded,3,3,0,1.0,0.0
446,1000,Random-25,0,0,0,0.0,0.0
446,1000,VeraDM-prior,2,2,0,0.6666666666666666,0.0
447,1000,Exhaustive-Expanded,0,0,0,0.0,0.0
447,1000,Random-25,0,0,0,0.0,0.0
447,1000,VeraDM-prior,2,2,0,0.6666666666666666,0.0
448,1000,Exhaustive-Expanded,3,3,0,1.0,0.0
448,1000,Random-25,0,0,0,0.0,0.0
448,1000,VeraDM-prior,3,3,0,1.0,0.0
449,1000,Exhaustive-Expanded,2,2,0,0.6666666666666666,0.0
449,1000,Random-25,0,0,0,0.0,0.0
449,1000,VeraDM-prior,3,3,0,1.0,0.0
450,1000,Exhaustive-Expanded,2,2,0,0.6666666666666666,0.0
450,1000,Random-25,0,0,0,0.0,0.0
450,1000,VeraDM-prior,3,3,0,1.0,0.0
451,1000,Exhaustive-Expanded,2,2,0,0.6666666666666666,0.0
451,1000,Random-25,0,0,0,0.0,0.0
451,1000,VeraDM-prior,4,3,1,1.0,0.25
452,1000,Exhaustive-Expanded,2,2,0,0.6666666666666666,0.0
452,1000,Random-25,2,1,1,0.3333333333333333,0.5
452,1000,VeraDM-prior,2,2,0,0.6666666666666666,0.0
453,1000,Exhaustive-Expanded,3,3,0,1.0,0.0
453,1000,Random-25,0,0,0,0.0,0.0
453,1000,VeraDM-prior,4,3,1,1.0,0.25
454,1000,Exhaustive-Expanded,3,2,1,0.6666666666666666,0.3333333333333333
454,1000,Random-25,0,0,0,0.0,0.0
454,1000,VeraDM-prior,4,3,1,1.0,0.25
455,1000,Exhaustive-Expanded,1,1,0,0.3333333333333333,0.0
455,1000,Random-25,0,0,0,0.0,0.0
455,1000,VeraDM-prior,3,3,0,1.0,0.0
456,1000,Exhaustive-Expanded,3,2,1,0.6666666666666666,0.3333333333333333
456,1000,Random-25,0,0,0,0.0,0.0
456,1000,VeraDM-prior,4,3,1,1.0,0.25
457,1000,Exhaustive-Expanded,2,2,0,0.6666666666666666,0.0
457,1000,Random-25,0,0,0,0.0,0.0
457,1000,VeraDM-prior,3,3,0,1.0,0.0
458,1000,Exhaustive-Expanded,3,3,0,1.0,0.0
458,1000,Random-25,0,0,0,0.0,0.0
458,1000,VeraDM-prior,3,3,0,1.0,0.0
459,1000,Exhaustive-Expanded,4,3,1,1.0,0.25
459,1000,Random-25,2,1,1,0.3333333333333333,0.5
459,1000,VeraDM-prior,1,1,0,0.3333333333333333,0.0
460,1000,Exhaustive-Expanded,3,3,0,1.0,0.0
460,1000,Random-25,0,0,0,0.0,0.0
460,1000,VeraDM-prior,2,2,0,0.6666666666666666,0.0
461,1000,Exhaustive-Expanded,3,3,0,1.0,0.0
461,1000,Random-25,0,0,0,0.0,0.0
461,1000,VeraDM-prior,3,3,0,1.0,0.0
462,1000,Exhaustive-Expanded,3,3,0,1.0,0.0
462,1000,Random-25,0,0,0,0.0,0.0
462,1000,VeraDM-prior,4,3,1,1.0,0.25
463,1000,Exhaustive-Expanded,2,1,1,0.3333333333333333,0.5
463,1000,Random-25,0,0,0,0.0,0.0
463,1000,VeraDM-prior,3,3,0,1.0,0.0
464,1000,Exhaustive-Expanded,3,3,0,1.0,0.0
464,1000,Random-25,0,0,0,0.0,0.0
464,1000,VeraDM-prior,4,3,1,1.0,0.25
465,1000,Exhaustive-Expanded,2,2,0,0.6666666666666666,0.0
465,1000,Random-25,0,0,0,0.0,0.0
465,1000,VeraDM-prior,3,3,0,1.0,0.0
466,1000,Exhaustive-Expanded,4,2,2,0.6666666666666666,0.5
466,1000,Random-25,0,0,0,0.0,0.0
466,1000,VeraDM-prior,5,2,3,0.6666666666666666,0.6
467,1000,Exhaustive-Expanded,3,3,0,1.0,0.0
467,1000,Random-25,0,0,0,0.0,0.0
467,1000,VeraDM-prior,2,2,0,0.6666666666666666,0.0
468,1000,Exhaustive-Expanded,4,3,1,1.0,0.25
468,1000,Random-25,0,0,0,0.0,0.0
468,1000,VeraDM-prior,2,2,0,0.6666666666666666,0.0
469,1000,Exhaustive-Expanded,5,3,2,1.0,0.4
469,1000,Random-25,0,0,0,0.0,0.0
469,1000,VeraDM-prior,3,3,0,1.0,0.0
470,1000,Exhaustive-Expanded,4,3,1,1.0,0.25
470,1000,Random-25,0,0,0,0.0,0.0
470,1000,VeraDM-prior,2,2,0,0.6666666666666666,0.0
471,1000,Exhaustive-Expanded,2,2,0,0.6666666666666666,0.0
471,1000,Random-25,0,0,0,0.0,0.0
471,1000,VeraDM-prior,2,2,0,0.6666666666666666,0.0
472,1000,Exhaustive-Expanded,3,3,0,1.0,0.0
472,1000,Random-25,0,0,0,0.0,0.0
472,1000,VeraDM-prior,3,3,0,1.0,0.0
473,1000,Exhaustive-Expanded,3,3,0,1.0,0.0
473,1000,Random-25,0,0,0,0.0,0.0
473,1000,VeraDM-prior,2,2,0,0.6666666666666666,0.0
474,1000,Exhaustive-Expanded,2,1,1,0.3333333333333333,0.5
474,1000,Random-25,1,0,1,0.0,1.0
474,1000,VeraDM-prior,3,2,1,0.6666666666666666,0.3333333333333333
475,1000,Exhaustive-Expanded,3,1,2,0.3333333333333333,0.6666666666666666
475,1000,Random-25,0,0,0,0.0,0.0
475,1000,VeraDM-prior,3,3,0,1.0,0.0
476,1000,Exhaustive-Expanded,3,3,0,1.0,0.0
476,1000,Random-25,0,0,0,0.0,0.0
476,1000,VeraDM-prior,3,3,0,1.0,0.0
477,1000,Exhaustive-Expanded,4,3,1,1.0,0.25
477,1000,Random-25,1,1,0,0.3333333333333333,0.0
477,1000,VeraDM-prior,3,3,0,1.0,0.0
478,1000,Exhaustive-Expanded,3,3,0,1.0,0.0
478,1000,Random-25,0,0,0,0.0,0.0
478,1000,VeraDM-prior,4,3,1,1.0,0.25
479,1000,Exhaustive-Expanded,2,2,0,0.6666666666666666,0.0
479,1000,Random-25,0,0,0,0.0,0.0
479,1000,VeraDM-prior,4,2,2,0.6666666666666666,0.5
480,1000,Exhaustive-Expanded,2,2,0,0.6666666666666666,0.0
480,1000,Random-25,0,0,0,0.0,0.0
480,1000,VeraDM-prior,3,3,0,1.0,0.0
481,1000,Exhaustive-Expanded,3,3,0,1.0,0.0
481,1000,Random-25,0,0,0,0.0,0.0
481,1000,VeraDM-prior,3,3,0,1.0,0.0
482,1000,Exhaustive-Expanded,4,3,1,1.0,0.25
482,1000,Random-25,0,0,0,0.0,0.0
482,1000,VeraDM-prior,3,2,1,0.6666666666666666,0.3333333333333333
483,1000,Exhaustive-Expanded,2,2,0,0.6666666666666666,0.0
483,1000,Random-25,0,0,0,0.0,0.0
483,1000,VeraDM-prior,6,3,3,1.0,0.5
484,1000,Exhaustive-Expanded,3,3,0,1.0,0.0
484,1000,Random-25,0,0,0,0.0,0.0
484,1000,VeraDM-prior,2,2,0,0.6666666666666666,0.0
485,1000,Exhaustive-Expanded,5,3,2,1.0,0.4
485,1000,Random-25,0,0,0,0.0,0.0
485,1000,VeraDM-prior,3,2,1,0.6666666666666666,0.3333333333333333
486,1000,Exhaustive-Expanded,1,1,0,0.3333333333333333,0.0
486,1000,Random-25,0,0,0,0.0,0.0
486,1000,VeraDM-prior,3,3,0,1.0,0.0
487,1000,Exhaustive-Expanded,3,3,0,1.0,0.0
487,1000,Random-25,0,0,0,0.0,0.0
487,1000,VeraDM-prior,3,3,0,1.0,0.0
488,1000,Exhaustive-Expanded,2,2,0,0.6666666666666666,0.0
488,1000,Random-25,0,0,0,0.0,0.0
488,1000,VeraDM-prior,2,2,0,0.6666666666666666,0.0
489,1000,Exhaustive-Expanded,3,3,0,1.0,0.0
489,1000,Random-25,0,0,0,0.0,0.0
489,1000,VeraDM-prior,4,3,1,1.0,0.25
490,1000,Exhaustive-Expanded,2,2,0,0.6666666666666666,0.0
490,1000,Random-25,0,0,0,0.0,0.0
490,1000,VeraDM-prior,2,2,0,0.6666666666666666,0.0
491,1000,Exhaustive-Expanded,3,3,0,1.0,0.0
491,1000,Random-25,0,0,0,0.0,0.0
491,1000,VeraDM-prior,3,3,0,1.0,0.0
492,1000,Exhaustive-Expanded,4,3,1,1.0,0.25
492,1000,Random-25,0,0,0,0.0,0.0
492,1000,VeraDM-prior,3,3,0,1.0,0.0
493,1000,Exhaustive-Expanded,2,2,0,0.6666666666666666,0.0
493,1000,Random-25,0,0,0,0.0,0.0
493,1000,VeraDM-prior,1,1,0,0.3333333333333333,0.0
494,1000,Exhaustive-Expanded,2,2,0,0.6666666666666666,0.0
494,1000,Random-25,0,0,0,0.0,0.0
494,1000,VeraDM-prior,4,3,1,1.0,0.25
495,1000,Exhaustive-Expanded,3,3,0,1.0,0.0
495,1000,Random-25,0,0,0,0.0,0.0
495,1000,VeraDM-prior,3,2,1,0.6666666666666666,0.3333333333333333
496,1000,Exhaustive-Expanded,3,3,0,1.0,0.0
496,1000,Random-25,0,0,0,0.0,0.0
496,1000,VeraDM-prior,3,3,0,1.0,0.0
497,1000,Exhaustive-Expanded,3,3,0,1.0,0.0
497,1000,Random-25,1,0,1,0.0,1.0
497,1000,VeraDM-prior,2,1,1,0.3333333333333333,0.5
498,1000,Exhaustive-Expanded,4,2,2,0.6666666666666666,0.5
498,1000,Random-25,1,0,1,0.0,1.0
498,1000,VeraDM-prior,3,3,0,1.0,0.0
499,1000,Exhaustive-Expanded,5,3,2,1.0,0.4
499,1000,Random-25,1,1,0,0.3333333333333333,0.0
499,1000,VeraDM-prior,3,3,0,1.0,0.0
0,3000,Exhaustive-Expanded,3,2,1,0.6666666666666666,0.3333333333333333
0,3000,Random-25,0,0,0,0.0,0.0
0,3000,VeraDM-prior,1,1,0,0.3333333333333333,0.0
1,3000,Exhaustive-Expanded,0,0,0,0.0,0.0
1,3000,Random-25,0,0,0,0.0,0.0
1,3000,VeraDM-prior,5,3,2,1.0,0.4
2,3000,Exhaustive-Expanded,2,2,0,0.6666666666666666,0.0
2,3000,Random-25,0,0,0,0.0,0.0
2,3000,VeraDM-prior,2,2,0,0.6666666666666666,0.0
3,3000,Exhaustive-Expanded,1,1,0,0.3333333333333333,0.0
3,3000,Random-25,0,0,0,0.0,0.0
3,3000,VeraDM-prior,3,3,0,1.0,0.0
4,3000,Exhaustive-Expanded,0,0,0,0.0,0.0
4,3000,Random-25,0,0,0,0.0,0.0
4,3000,VeraDM-prior,2,2,0,0.6666666666666666,0.0
5,3000,Exhaustive-Expanded,1,1,0,0.3333333333333333,0.0
5,3000,Random-25,0,0,0,0.0,0.0
5,3000,VeraDM-prior,3,3,0,1.0,0.0
6,3000,Exhaustive-Expanded,3,3,0,1.0,0.0
6,3000,Random-25,0,0,0,0.0,0.0
6,3000,VeraDM-prior,3,3,0,1.0,0.0
7,3000,Exhaustive-Expanded,1,1,0,0.3333333333333333,0.0
7,3000,Random-25,0,0,0,0.0,0.0
7,3000,VeraDM-prior,3,2,1,0.6666666666666666,0.3333333333333333
8,3000,Exhaustive-Expanded,5,3,2,1.0,0.4
8,3000,Random-25,0,0,0,0.0,0.0
8,3000,VeraDM-prior,3,3,0,1.0,0.0
9,3000,Exhaustive-Expanded,3,3,0,1.0,0.0
9,3000,Random-25,0,0,0,0.0,0.0
9,3000,VeraDM-prior,2,2,0,0.6666666666666666,0.0
10,3000,Exhaustive-Expanded,4,2,2,0.6666666666666666,0.5
10,3000,Random-25,0,0,0,0.0,0.0
10,3000,VeraDM-prior,4,3,1,1.0,0.25
11,3000,Exhaustive-Expanded,5,3,2,1.0,0.4
11,3000,Random-25,0,0,0,0.0,0.0
11,3000,VeraDM-prior,3,3,0,1.0,0.0
12,3000,Exhaustive-Expanded,4,3,1,1.0,0.25
12,3000,Random-25,0,0,0,0.0,0.0
12,3000,VeraDM-prior,3,3,0,1.0,0.0
13,3000,Exhaustive-Expanded,3,3,0,1.0,0.0
13,3000,Random-25,0,0,0,0.0,0.0
13,3000,VeraDM-prior,3,3,0,1.0,0.0
14,3000,Exhaustive-Expanded,2,2,0,0.6666666666666666,0.0
14,3000,Random-25,0,0,0,0.0,0.0
14,3000,VeraDM-prior,3,3,0,1.0,0.0
15,3000,Exhaustive-Expanded,2,2,0,0.6666666666666666,0.0
15,3000,Random-25,0,0,0,0.0,0.0
15,3000,VeraDM-prior,3,3,0,1.0,0.0
16,3000,Exhaustive-Expanded,0,0,0,0.0,0.0
16,3000,Random-25,0,0,0,0.0,0.0
16,3000,VeraDM-prior,3,3,0,1.0,0.0
17,3000,Exhaustive-Expanded,1,1,0,0.3333333333333333,0.0
17,3000,Random-25,0,0,0,0.0,0.0
17,3000,VeraDM-prior,3,2,1,0.6666666666666666,0.3333333333333333
18,3000,Exhaustive-Expanded,3,3,0,1.0,0.0
18,3000,Random-25,0,0,0,0.0,0.0
18,3000,VeraDM-prior,3,3,0,1.0,0.0
19,3000,Exhaustive-Expanded,2,2,0,0.6666666666666666,0.0
19,3000,Random-25,0,0,0,0.0,0.0
19,3000,VeraDM-prior,3,3,0,1.0,0.0
20,3000,Exhaustive-Expanded,0,0,0,0.0,0.0
20,3000,Random-25,0,0,0,0.0,0.0
20,3000,VeraDM-prior,3,2,1,0.6666666666666666,0.3333333333333333
21,3000,Exhaustive-Expanded,3,3,0,1.0,0.0
21,3000,Random-25,2,0,2,0.0,1.0
21,3000,VeraDM-prior,2,2,0,0.6666666666666666,0.0
22,3000,Exhaustive-Expanded,1,1,0,0.3333333333333333,0.0
22,3000,Random-25,0,0,0,0.0,0.0
22,3000,VeraDM-prior,3,3,0,1.0,0.0
23,3000,Exhaustive-Expanded,4,2,2,0.6666666666666666,0.5
23,3000,Random-25,0,0,0,0.0,0.0
23,3000,VeraDM-prior,1,1,0,0.3333333333333333,0.0
24,3000,Exhaustive-Expanded,3,2,1,0.6666666666666666,0.3333333333333333
24,3000,Random-25,2,1,1,0.3333333333333333,0.5
24,3000,VeraDM-prior,2,2,0,0.6666666666666666,0.0
25,3000,Exhaustive-Expanded,3,3,0,1.0,0.0
25,3000,Random-25,0,0,0,0.0,0.0
25,3000,VeraDM-prior,2,2,0,0.6666666666666666,0.0
26,3000,Exhaustive-Expanded,2,2,0,0.6666666666666666,0.0
26,3000,Random-25,0,0,0,0.0,0.0
26,3000,VeraDM-prior,2,2,0,0.6666666666666666,0.0
27,3000,Exhaustive-Expanded,3,2,1,0.6666666666666666,0.3333333333333333
27,3000,Random-25,0,0,0,0.0,0.0
27,3000,VeraDM-prior,2,2,0,0.6666666666666666,0.0
28,3000,Exhaustive-Expanded,2,2,0,0.6666666666666666,0.0
28,3000,Random-25,0,0,0,0.0,0.0
28,3000,VeraDM-prior,2,2,0,0.6666666666666666,0.0
29,3000,Exhaustive-Expanded,3,3,0,1.0,0.0
29,3000,Random-25,0,0,0,0.0,0.0
29,3000,VeraDM-prior,1,1,0,0.3333333333333333,0.0
30,3000,Exhaustive-Expanded,2,2,0,0.6666666666666666,0.0
30,3000,Random-25,0,0,0,0.0,0.0
30,3000,VeraDM-prior,2,2,0,0.6666666666666666,0.0
31,3000,Exhaustive-Expanded,3,3,0,1.0,0.0
31,3000,Random-25,0,0,0,0.0,0.0
31,3000,VeraDM-prior,3,3,0,1.0,0.0
32,3000,Exhaustive-Expanded,2,2,0,0.6666666666666666,0.0
32,3000,Random-25,0,0,0,0.0,0.0
32,3000,VeraDM-prior,4,3,1,1.0,0.25
33,3000,Exhaustive-Expanded,3,3,0,1.0,0.0
33,3000,Random-25,0,0,0,0.0,0.0
33,3000,VeraDM-prior,3,3,0,1.0,0.0
34,3000,Exhaustive-Expanded,2,2,0,0.6666666666666666,0.0
34,3000,Random-25,0,0,0,0.0,0.0
34,3000,VeraDM-prior,2,2,0,0.6666666666666666,0.0
35,3000,Exhaustive-Expanded,3,2,1,0.6666666666666666,0.3333333333333333
35,3000,Random-25,0,0,0,0.0,0.0
35,3000,VeraDM-prior,3,3,0,1.0,0.0
36,3000,Exhaustive-Expanded,1,1,0,0.3333333333333333,0.0
36,3000,Random-25,0,0,0,0.0,0.0
36,3000,VeraDM-prior,2,2,0,0.6666666666666666,0.0
37,3000,Exhaustive-Expanded,2,1,1,0.3333333333333333,0.5
37,3000,Random-25,1,1,0,0.3333333333333333,0.0
37,3000,VeraDM-prior,2,1,1,0.3333333333333333,0.5
38,3000,Exhaustive-Expanded,3,2,1,0.6666666666666666,0.3333333333333333
38,3000,Random-25,1,1,0,0.3333333333333333,0.0
38,3000,VeraDM-prior,3,3,0,1.0,0.0
39,3000,Exhaustive-Expanded,1,1,0,0.3333333333333333,0.0
39,3000,Random-25,0,0,0,0.0,0.0
39,3000,VeraDM-prior,2,2,0,0.6666666666666666,0.0
40,3000,Exhaustive-Expanded,3,3,0,1.0,0.0
40,3000,Random-25,0,0,0,0.0,0.0
40,3000,VeraDM-prior,3,3,0,1.0,0.0
41,3000,Exhaustive-Expanded,3,2,1,0.6666666666666666,0.3333333333333333
41,3000,Random-25,0,0,0,0.0,0.0
41,3000,VeraDM-prior,4,3,1,1.0,0.25
42,3000,Exhaustive-Expanded,2,2,0,0.6666666666666666,0.0
42,3000,Random-25,0,0,0,0.0,0.0
42,3000,VeraDM-prior,2,2,0,0.6666666666666666,0.0
43,3000,Exhaustive-Expanded,3,3,0,1.0,0.0
43,3000,Random-25,0,0,0,0.0,0.0
43,3000,VeraDM-prior,3,2,1,0.6666666666666666,0.3333333333333333
44,3000,Exhaustive-Expanded,2,2,0,0.6666666666666666,0.0
44,3000,Random-25,1,0,1,0.0,1.0
44,3000,VeraDM-prior,3,3,0,1.0,0.0
45,3000,Exhaustive-Expanded,3,3,0,1.0,0.0
45,3000,Random-25,1,0,1,0.0,1.0
45,3000,VeraDM-prior,3,2,1,0.6666666666666666,0.3333333333333333
46,3000,Exhaustive-Expanded,5,3,2,1.0,0.4
46,3000,Random-25,0,0,0,0.0,0.0
46,3000,VeraDM-prior,3,3,0,1.0,0.0
47,3000,Exhaustive-Expanded,3,2,1,0.6666666666666666,0.3333333333333333
47,3000,Random-25,0,0,0,0.0,0.0
47,3000,VeraDM-prior,3,3,0,1.0,0.0
48,3000,Exhaustive-Expanded,2,2,0,0.6666666666666666,0.0
48,3000,Random-25,0,0,0,0.0,0.0
48,3000,VeraDM-prior,2,2,0,0.6666666666666666,0.0
49,3000,Exhaustive-Expanded,3,2,1,0.6666666666666666,0.3333333333333333
49,3000,Random-25,2,0,2,0.0,1.0
49,3000,VeraDM-prior,3,3,0,1.0,0.0
50,3000,Exhaustive-Expanded,3,3,0,1.0,0.0
50,3000,Random-25,0,0,0,0.0,0.0
50,3000,VeraDM-prior,2,2,0,0.6666666666666666,0.0
51,3000,Exhaustive-Expanded,3,3,0,1.0,0.0
51,3000,Random-25,0,0,0,0.0,0.0
51,3000,VeraDM-prior,3,2,1,0.6666666666666666,0.3333333333333333
52,3000,Exhaustive-Expanded,3,3,0,1.0,0.0
52,3000,Random-25,0,0,0,0.0,0.0
52,3000,VeraDM-prior,4,2,2,0.6666666666666666,0.5
53,3000,Exhaustive-Expanded,4,3,1,1.0,0.25
53,3000,Random-25,0,0,0,0.0,0.0
53,3000,VeraDM-prior,2,2,0,0.6666666666666666,0.0
54,3000,Exhaustive-Expanded,1,1,0,0.3333333333333333,0.0
54,3000,Random-25,0,0,0,0.0,0.0
54,3000,VeraDM-prior,3,3,0,1.0,0.0
55,3000,Exhaustive-Expanded,3,3,0,1.0,0.0
55,3000,Random-25,0,0,0,0.0,0.0
55,3000,VeraDM-prior,3,3,0,1.0,0.0
56,3000,Exhaustive-Expanded,3,3,0,1.0,0.0
56,3000,Random-25,0,0,0,0.0,0.0
56,3000,VeraDM-prior,4,3,1,1.0,0.25
57,3000,Exhaustive-Expanded,4,3,1,1.0,0.25
57,3000,Random-25,1,0,1,0.0,1.0
57,3000,VeraDM-prior,3,2,1,0.6666666666666666,0.3333333333333333
58,3000,Exhaustive-Expanded,4,3,1,1.0,0.25
58,3000,Random-25,0,0,0,0.0,0.0
58,3000,VeraDM-prior,3,3,0,1.0,0.0
59,3000,Exhaustive-Expanded,2,2,0,0.6666666666666666,0.0
59,3000,Random-25,0,0,0,0.0,0.0
59,3000,VeraDM-prior,3,3,0,1.0,0.0
60,3000,Exhaustive-Expanded,1,1,0,0.3333333333333333,0.0
60,3000,Random-25,1,1,0,0.3333333333333333,0.0
60,3000,VeraDM-prior,4,3,1,1.0,0.25
61,3000,Exhaustive-Expanded,2,1,1,0.3333333333333333,0.5
61,3000,Random-25,0,0,0,0.0,0.0
61,3000,VeraDM-prior,4,2,2,0.6666666666666666,0.5
62,3000,Exhaustive-Expanded,3,3,0,1.0,0.0
62,3000,Random-25,0,0,0,0.0,0.0
62,3000,VeraDM-prior,3,3,0,1.0,0.0
63,3000,Exhaustive-Expanded,3,3,0,1.0,0.0
63,3000,Random-25,0,0,0,0.0,0.0
63,3000,VeraDM-prior,3,3,0,1.0,0.0
64,3000,Exhaustive-Expanded,2,2,0,0.6666666666666666,0.0
64,3000,Random-25,1,0,1,0.0,1.0
64,3000,VeraDM-prior,3,3,0,1.0,0.0
65,3000,Exhaustive-Expanded,3,3,0,1.0,0.0
65,3000,Random-25,1,0,1,0.0,1.0
65,3000,VeraDM-prior,2,2,0,0.6666666666666666,0.0
66,3000,Exhaustive-Expanded,1,1,0,0.3333333333333333,0.0
66,3000,Random-25,0,0,0,0.0,0.0
66,3000,VeraDM-prior,1,1,0,0.3333333333333333,0.0
67,3000,Exhaustive-Expanded,5,3,2,1.0,0.4
67,3000,Random-25,0,0,0,0.0,0.0
67,3000,VeraDM-prior,4,3,1,1.0,0.25
68,3000,Exhaustive-Expanded,2,2,0,0.6666666666666666,0.0
68,3000,Random-25,0,0,0,0.0,0.0
68,3000,VeraDM-prior,3,3,0,1.0,0.0
69,3000,Exhaustive-Expanded,2,2,0,0.6666666666666666,0.0
69,3000,Random-25,0,0,0,0.0,0.0
69,3000,VeraDM-prior,2,2,0,0.6666666666666666,0.0
70,3000,Exhaustive-Expanded,2,2,0,0.6666666666666666,0.0
70,3000,Random-25,0,0,0,0.0,0.0
70,3000,VeraDM-prior,2,2,0,0.6666666666666666,0.0
71,3000,Exhaustive-Expanded,1,1,0,0.3333333333333333,0.0
71,3000,Random-25,0,0,0,0.0,0.0
71,3000,VeraDM-prior,2,2,0,0.6666666666666666,0.0
72,3000,Exhaustive-Expanded,3,2,1,0.6666666666666666,0.3333333333333333
72,3000,Random-25,0,0,0,0.0,0.0
72,3000,VeraDM-prior,3,2,1,0.6666666666666666,0.3333333333333333
73,3000,Exhaustive-Expanded,3,3,0,1.0,0.0
73,3000,Random-25,0,0,0,0.0,0.0
73,3000,VeraDM-prior,3,3,0,1.0,0.0
74,3000,Exhaustive-Expanded,1,1,0,0.3333333333333333,0.0
74,3000,Random-25,0,0,0,0.0,0.0
74,3000,VeraDM-prior,3,3,0,1.0,0.0
75,3000,Exhaustive-Expanded,2,2,0,0.6666666666666666,0.0
75,3000,Random-25,0,0,0,0.0,0.0
75,3000,VeraDM-prior,2,2,0,0.6666666666666666,0.0
76,3000,Exhaustive-Expanded,2,2,0,0.6666666666666666,0.0
76,3000,Random-25,1,0,1,0.0,1.0
76,3000,VeraDM-prior,3,3,0,1.0,0.0
77,3000,Exhaustive-Expanded,0,0,0,0.0,0.0
77,3000,Random-25,0,0,0,0.0,0.0
77,3000,VeraDM-prior,2,2,0,0.6666666666666666,0.0
78,3000,Exhaustive-Expanded,1,1,0,0.3333333333333333,0.0
78,3000,Random-25,0,0,0,0.0,0.0
78,3000,VeraDM-prior,3,2,1,0.6666666666666666,0.3333333333333333
79,3000,Exhaustive-Expanded,0,0,0,0.0,0.0
79,3000,Random-25,0,0,0,0.0,0.0
79,3000,VeraDM-prior,2,2,0,0.6666666666666666,0.0
80,3000,Exhaustive-Expanded,2,2,0,0.6666666666666666,0.0
80,3000,Random-25,0,0,0,0.0,0.0
80,3000,VeraDM-prior,3,3,0,1.0,0.0
81,3000,Exhaustive-Expanded,1,1,0,0.3333333333333333,0.0
81,3000,Random-25,0,0,0,0.0,0.0
81,3000,VeraDM-prior,4,3,1,1.0,0.25
82,3000,Exhaustive-Expanded,2,2,0,0.6666666666666666,0.0
82,3000,Random-25,0,0,0,0.0,0.0
82,3000,VeraDM-prior,2,2,0,0.6666666666666666,0.0
83,3000,Exhaustive-Expanded,2,2,0,0.6666666666666666,0.0
83,3000,Random-25,0,0,0,0.0,0.0
83,3000,VeraDM-prior,2,2,0,0.6666666666666666,0.0
84,3000,Exhaustive-Expanded,2,2,0,0.6666666666666666,0.0
84,3000,Random-25,1,1,0,0.3333333333333333,0.0
84,3000,VeraDM-prior,1,1,0,0.3333333333333333,0.0
85,3000,Exhaustive-Expanded,2,2,0,0.6666666666666666,0.0
85,3000,Random-25,0,0,0,0.0,0.0
85,3000,VeraDM-prior,3,3,0,1.0,0.0
86,3000,Exhaustive-Expanded,3,3,0,1.0,0.0
86,3000,Random-25,0,0,0,0.0,0.0
86,3000,VeraDM-prior,3,3,0,1.0,0.0
87,3000,Exhaustive-Expanded,3,3,0,1.0,0.0
87,3000,Random-25,3,1,2,0.3333333333333333,0.6666666666666666
87,3000,VeraDM-prior,2,2,0,0.6666666666666666,0.0
88,3000,Exhaustive-Expanded,4,3,1,1.0,0.25
88,3000,Random-25,0,0,0,0.0,0.0
88,3000,VeraDM-prior,2,2,0,0.6666666666666666,0.0
89,3000,Exhaustive-Expanded,2,2,0,0.6666666666666666,0.0
89,3000,Random-25,0,0,0,0.0,0.0
89,3000,VeraDM-prior,3,3,0,1.0,0.0
90,3000,Exhaustive-Expanded,2,2,0,0.6666666666666666,0.0
90,3000,Random-25,0,0,0,0.0,0.0
90,3000,VeraDM-prior,4,3,1,1.0,0.25
91,3000,Exhaustive-Expanded,1,1,0,0.3333333333333333,0.0
91,3000,Random-25,0,0,0,0.0,0.0
91,3000,VeraDM-prior,2,2,0,0.6666666666666666,0.0
92,3000,Exhaustive-Expanded,0,0,0,0.0,0.0
92,3000,Random-25,0,0,0,0.0,0.0
92,3000,VeraDM-prior,3,3,0,1.0,0.0
93,3000,Exhaustive-Expanded,4,3,1,1.0,0.25
93,3000,Random-25,0,0,0,0.0,0.0
93,3000,VeraDM-prior,3,3,0,1.0,0.0
94,3000,Exhaustive-Expanded,2,2,0,0.6666666666666666,0.0
94,3000,Random-25,0,0,0,0.0,0.0
94,3000,VeraDM-prior,4,3,1,1.0,0.25
95,3000,Exhaustive-Expanded,5,3,2,1.0,0.4
95,3000,Random-25,0,0,0,0.0,0.0
95,3000,VeraDM-prior,2,2,0,0.6666666666666666,0.0
96,3000,Exhaustive-Expanded,3,3,0,1.0,0.0
96,3000,Random-25,0,0,0,0.0,0.0
96,3000,VeraDM-prior,4,3,1,1.0,0.25
97,3000,Exhaustive-Expanded,3,3,0,1.0,0.0
97,3000,Random-25,0,0,0,0.0,0.0
97,3000,VeraDM-prior,3,3,0,1.0,0.0
98,3000,Exhaustive-Expanded,2,2,0,0.6666666666666666,0.0
98,3000,Random-25,0,0,0,0.0,0.0
98,3000,VeraDM-prior,2,2,0,0.6666666666666666,0.0
99,3000,Exhaustive-Expanded,1,1,0,0.3333333333333333,0.0
99,3000,Random-25,1,1,0,0.3333333333333333,0.0
99,3000,VeraDM-prior,3,3,0,1.0,0.0
100,3000,Exhaustive-Expanded,2,2,0,0.6666666666666666,0.0
100,3000,Random-25,0,0,0,0.0,0.0
100,3000,VeraDM-prior,3,3,0,1.0,0.0
101,3000,Exhaustive-Expanded,3,3,0,1.0,0.0
101,3000,Random-25,0,0,0,0.0,0.0
101,3000,VeraDM-prior,2,2,0,0.6666666666666666,0.0
102,3000,Exhaustive-Expanded,2,2,0,0.6666666666666666,0.0
102,3000,Random-25,0,0,0,0.0,0.0
102,3000,VeraDM-prior,3,3,0,1.0,0.0
103,3000,Exhaustive-Expanded,2,2,0,0.6666666666666666,0.0
103,3000,Random-25,0,0,0,0.0,0.0
103,3000,VeraDM-prior,3,3,0,1.0,0.0
104,3000,Exhaustive-Expanded,3,3,0,1.0,0.0
104,3000,Random-25,0,0,0,0.0,0.0
104,3000,VeraDM-prior,3,3,0,1.0,0.0
105,3000,Exhaustive-Expanded,2,2,0,0.6666666666666666,0.0
105,3000,Random-25,0,0,0,0.0,0.0
105,3000,VeraDM-prior,2,2,0,0.6666666666666666,0.0
106,3000,Exhaustive-Expanded,2,2,0,0.6666666666666666,0.0
106,3000,Random-25,0,0,0,0.0,0.0
106,3000,VeraDM-prior,2,2,0,0.6666666666666666,0.0
107,3000,Exhaustive-Expanded,2,2,0,0.6666666666666666,0.0
107,3000,Random-25,0,0,0,0.0,0.0
107,3000,VeraDM-prior,0,0,0,0.0,0.0
108,3000,Exhaustive-Expanded,1,1,0,0.3333333333333333,0.0
108,3000,Random-25,0,0,0,0.0,0.0
108,3000,VeraDM-prior,3,3,0,1.0,0.0
109,3000,Exhaustive-Expanded,1,1,0,0.3333333333333333,0.0
109,3000,Random-25,0,0,0,0.0,0.0
109,3000,VeraDM-prior,3,3,0,1.0,0.0
110,3000,Exhaustive-Expanded,3,3,0,1.0,0.0
110,3000,Random-25,1,0,1,0.0,1.0
110,3000,VeraDM-prior,3,3,0,1.0,0.0
111,3000,Exhaustive-Expanded,5,3,2,1.0,0.4
111,3000,Random-25,0,0,0,0.0,0.0
111,3000,VeraDM-prior,3,3,0,1.0,0.0
112,3000,Exhaustive-Expanded,2,2,0,0.6666666666666666,0.0
112,3000,Random-25,0,0,0,0.0,0.0
112,3000,VeraDM-prior,5,2,3,0.6666666666666666,0.6
113,3000,Exhaustive-Expanded,1,1,0,0.3333333333333333,0.0
113,3000,Random-25,0,0,0,0.0,0.0
113,3000,VeraDM-prior,3,2,1,0.6666666666666666,0.3333333333333333
114,3000,Exhaustive-Expanded,3,2,1,0.6666666666666666,0.3333333333333333
114,3000,Random-25,0,0,0,0.0,0.0
114,3000,VeraDM-prior,4,3,1,1.0,0.25
115,3000,Exhaustive-Expanded,2,2,0,0.6666666666666666,0.0
115,3000,Random-25,0,0,0,0.0,0.0
115,3000,VeraDM-prior,3,3,0,1.0,0.0
116,3000,Exhaustive-Expanded,2,2,0,0.6666666666666666,0.0
116,3000,Random-25,0,0,0,0.0,0.0
116,3000,VeraDM-prior,3,3,0,1.0,0.0
117,3000,Exhaustive-Expanded,2,1,1,0.3333333333333333,0.5
117,3000,Random-25,0,0,0,0.0,0.0
117,3000,VeraDM-prior,2,2,0,0.6666666666666666,0.0
118,3000,Exhaustive-Expanded,2,2,0,0.6666666666666666,0.0
118,3000,Random-25,0,0,0,0.0,0.0
118,3000,VeraDM-prior,4,3,1,1.0,0.25
119,3000,Exhaustive-Expanded,2,2,0,0.6666666666666666,0.0
119,3000,Random-25,0,0,0,0.0,0.0
119,3000,VeraDM-prior,3,3,0,1.0,0.0
120,3000,Exhaustive-Expanded,3,3,0,1.0,0.0
120,3000,Random-25,0,0,0,0.0,0.0
120,3000,VeraDM-prior,1,1,0,0.3333333333333333,0.0
121,3000,Exhaustive-Expanded,2,2,0,0.6666666666666666,0.0
121,3000,Random-25,1,0,1,0.0,1.0
121,3000,VeraDM-prior,4,3,1,1.0,0.25
122,3000,Exhaustive-Expanded,3,3,0,1.0,0.0
122,3000,Random-25,0,0,0,0.0,0.0
122,3000,VeraDM-prior,4,3,1,1.0,0.25
123,3000,Exhaustive-Expanded,2,2,0,0.6666666666666666,0.0
123,3000,Random-25,0,0,0,0.0,0.0
123,3000,VeraDM-prior,4,3,1,1.0,0.25
124,3000,Exhaustive-Expanded,2,2,0,0.6666666666666666,0.0
124,3000,Random-25,0,0,0,0.0,0.0
124,3000,VeraDM-prior,3,3,0,1.0,0.0
125,3000,Exhaustive-Expanded,2,2,0,0.6666666666666666,0.0
125,3000,Random-25,0,0,0,0.0,0.0
125,3000,VeraDM-prior,2,2,0,0.6666666666666666,0.0
126,3000,Exhaustive-Expanded,4,3,1,1.0,0.25
126,3000,Random-25,0,0,0,0.0,0.0
126,3000,VeraDM-prior,3,3,0,1.0,0.0
127,3000,Exhaustive-Expanded,3,3,0,1.0,0.0
127,3000,Random-25,0,0,0,0.0,0.0
127,3000,VeraDM-prior,3,3,0,1.0,0.0
128,3000,Exhaustive-Expanded,3,2,1,0.6666666666666666,0.3333333333333333
128,3000,Random-25,0,0,0,0.0,0.0
128,3000,VeraDM-prior,2,2,0,0.6666666666666666,0.0
129,3000,Exhaustive-Expanded,1,1,0,0.3333333333333333,0.0
129,3000,Random-25,0,0,0,0.0,0.0
129,3000,VeraDM-prior,4,3,1,1.0,0.25
130,3000,Exhaustive-Expanded,1,1,0,0.3333333333333333,0.0
130,3000,Random-25,1,1,0,0.3333333333333333,0.0
130,3000,VeraDM-prior,3,3,0,1.0,0.0
131,3000,Exhaustive-Expanded,3,3,0,1.0,0.0
131,3000,Random-25,1,1,0,0.3333333333333333,0.0
131,3000,VeraDM-prior,4,3,1,1.0,0.25
132,3000,Exhaustive-Expanded,3,3,0,1.0,0.0
132,3000,Random-25,0,0,0,0.0,0.0
132,3000,VeraDM-prior,2,2,0,0.6666666666666666,0.0
133,3000,Exhaustive-Expanded,3,3,0,1.0,0.0
133,3000,Random-25,0,0,0,0.0,0.0
133,3000,VeraDM-prior,1,1,0,0.3333333333333333,0.0
134,3000,Exhaustive-Expanded,2,2,0,0.6666666666666666,0.0
134,3000,Random-25,0,0,0,0.0,0.0
134,3000,VeraDM-prior,2,2,0,0.6666666666666666,0.0
135,3000,Exhaustive-Expanded,4,3,1,1.0,0.25
135,3000,Random-25,0,0,0,0.0,0.0
135,3000,VeraDM-prior,3,3,0,1.0,0.0
136,3000,Exhaustive-Expanded,3,3,0,1.0,0.0
136,3000,Random-25,1,0,1,0.0,1.0
136,3000,VeraDM-prior,4,3,1,1.0,0.25
137,3000,Exhaustive-Expanded,4,2,2,0.6666666666666666,0.5
137,3000,Random-25,0,0,0,0.0,0.0
137,3000,VeraDM-prior,2,2,0,0.6666666666666666,0.0
138,3000,Exhaustive-Expanded,2,2,0,0.6666666666666666,0.0
138,3000,Random-25,0,0,0,0.0,0.0
138,3000,VeraDM-prior,3,3,0,1.0,0.0
139,3000,Exhaustive-Expanded,3,3,0,1.0,0.0
139,3000,Random-25,0,0,0,0.0,0.0
139,3000,VeraDM-prior,2,2,0,0.6666666666666666,0.0
140,3000,Exhaustive-Expanded,3,3,0,1.0,0.0
140,3000,Random-25,0,0,0,0.0,0.0
140,3000,VeraDM-prior,3,2,1,0.6666666666666666,0.3333333333333333
141,3000,Exhaustive-Expanded,1,1,0,0.3333333333333333,0.0
141,3000,Random-25,0,0,0,0.0,0.0
141,3000,VeraDM-prior,2,2,0,0.6666666666666666,0.0
142,3000,Exhaustive-Expanded,1,1,0,0.3333333333333333,0.0
142,3000,Random-25,0,0,0,0.0,0.0
142,3000,VeraDM-prior,4,3,1,1.0,0.25
143,3000,Exhaustive-Expanded,3,3,0,1.0,0.0
143,3000,Random-25,0,0,0,0.0,0.0
143,3000,VeraDM-prior,2,2,0,0.6666666666666666,0.0
144,3000,Exhaustive-Expanded,0,0,0,0.0,0.0
144,3000,Random-25,0,0,0,0.0,0.0
144,3000,VeraDM-prior,6,3,3,1.0,0.5
145,3000,Exhaustive-Expanded,3,3,0,1.0,0.0
145,3000,Random-25,0,0,0,0.0,0.0
145,3000,VeraDM-prior,3,3,0,1.0,0.0
146,3000,Exhaustive-Expanded,3,3,0,1.0,0.0
146,3000,Random-25,0,0,0,0.0,0.0
146,3000,VeraDM-prior,3,2,1,0.6666666666666666,0.3333333333333333
147,3000,Exhaustive-Expanded,1,1,0,0.3333333333333333,0.0
147,3000,Random-25,0,0,0,0.0,0.0
147,3000,VeraDM-prior,2,2,0,0.6666666666666666,0.0
148,3000,Exhaustive-Expanded,3,3,0,1.0,0.0
148,3000,Random-25,0,0,0,0.0,0.0
148,3000,VeraDM-prior,2,2,0,0.6666666666666666,0.0
149,3000,Exhaustive-Expanded,2,2,0,0.6666666666666666,0.0
149,3000,Random-25,0,0,0,0.0,0.0
149,3000,VeraDM-prior,3,3,0,1.0,0.0
150,3000,Exhaustive-Expanded,3,3,0,1.0,0.0
150,3000,Random-25,1,0,1,0.0,1.0
150,3000,VeraDM-prior,3,3,0,1.0,0.0
151,3000,Exhaustive-Expanded,2,1,1,0.3333333333333333,0.5
151,3000,Random-25,0,0,0,0.0,0.0
151,3000,VeraDM-prior,2,2,0,0.6666666666666666,0.0
152,3000,Exhaustive-Expanded,3,3,0,1.0,0.0
152,3000,Random-25,0,0,0,0.0,0.0
152,3000,VeraDM-prior,2,2,0,0.6666666666666666,0.0
153,3000,Exhaustive-Expanded,2,2,0,0.6666666666666666,0.0
153,3000,Random-25,1,1,0,0.3333333333333333,0.0
153,3000,VeraDM-prior,3,3,0,1.0,0.0
154,3000,Exhaustive-Expanded,3,3,0,1.0,0.0
154,3000,Random-25,0,0,0,0.0,0.0
154,3000,VeraDM-prior,2,2,0,0.6666666666666666,0.0
155,3000,Exhaustive-Expanded,1,1,0,0.3333333333333333,0.0
155,3000,Random-25,0,0,0,0.0,0.0
155,3000,VeraDM-prior,4,3,1,1.0,0.25
156,3000,Exhaustive-Expanded,5,3,2,1.0,0.4
156,3000,Random-25,0,0,0,0.0,0.0
156,3000,VeraDM-prior,2,2,0,0.6666666666666666,0.0
157,3000,Exhaustive-Expanded,2,2,0,0.6666666666666666,0.0
157,3000,Random-25,0,0,0,0.0,0.0
157,3000,VeraDM-prior,3,3,0,1.0,0.0
158,3000,Exhaustive-Expanded,1,1,0,0.3333333333333333,0.0
158,3000,Random-25,1,0,1,0.0,1.0
158,3000,VeraDM-prior,3,3,0,1.0,0.0
159,3000,Exhaustive-Expanded,3,3,0,1.0,0.0
159,3000,Random-25,0,0,0,0.0,0.0
159,3000,VeraDM-prior,3,3,0,1.0,0.0
160,3000,Exhaustive-Expanded,2,2,0,0.6666666666666666,0.0
160,3000,Random-25,0,0,0,0.0,0.0
160,3000,VeraDM-prior,3,3,0,1.0,0.0
161,3000,Exhaustive-Expanded,3,2,1,0.6666666666666666,0.3333333333333333
161,3000,Random-25,0,0,0,0.0,0.0
161,3000,VeraDM-prior,3,3,0,1.0,0.0
162,3000,Exhaustive-Expanded,3,3,0,1.0,0.0
162,3000,Random-25,0,0,0,0.0,0.0
162,3000,VeraDM-prior,4,3,1,1.0,0.25
163,3000,Exhaustive-Expanded,2,2,0,0.6666666666666666,0.0
163,3000,Random-25,2,0,2,0.0,1.0
163,3000,VeraDM-prior,2,2,0,0.6666666666666666,0.0
164,3000,Exhaustive-Expanded,3,3,0,1.0,0.0
164,3000,Random-25,1,0,1,0.0,1.0
164,3000,VeraDM-prior,3,3,0,1.0,0.0
165,3000,Exhaustive-Expanded,6,3,3,1.0,0.5
165,3000,Random-25,0,0,0,0.0,0.0
165,3000,VeraDM-prior,3,3,0,1.0,0.0
166,3000,Exhaustive-Expanded,1,1,0,0.3333333333333333,0.0
166,3000,Random-25,0,0,0,0.0,0.0
166,3000,VeraDM-prior,3,3,0,1.0,0.0
167,3000,Exhaustive-Expanded,3,2,1,0.6666666666666666,0.3333333333333333
167,3000,Random-25,0,0,0,0.0,0.0
167,3000,VeraDM-prior,2,2,0,0.6666666666666666,0.0
168,3000,Exhaustive-Expanded,2,2,0,0.6666666666666666,0.0
168,3000,Random-25,0,0,0,0.0,0.0
168,3000,VeraDM-prior,4,3,1,1.0,0.25
169,3000,Exhaustive-Expanded,2,2,0,0.6666666666666666,0.0
169,3000,Random-25,0,0,0,0.0,0.0
169,3000,VeraDM-prior,5,3,2,1.0,0.4
170,3000,Exhaustive-Expanded,2,2,0,0.6666666666666666,0.0
170,3000,Random-25,0,0,0,0.0,0.0
170,3000,VeraDM-prior,3,3,0,1.0,0.0
171,3000,Exhaustive-Expanded,3,3,0,1.0,0.0
171,3000,Random-25,0,0,0,0.0,0.0
171,3000,VeraDM-prior,1,1,0,0.3333333333333333,0.0
172,3000,Exhaustive-Expanded,2,2,0,0.6666666666666666,0.0
172,3000,Random-25,0,0,0,0.0,0.0
172,3000,VeraDM-prior,3,3,0,1.0,0.0
173,3000,Exhaustive-Expanded,3,2,1,0.6666666666666666,0.3333333333333333
173,3000,Random-25,0,0,0,0.0,0.0
173,3000,VeraDM-prior,3,3,0,1.0,0.0
174,3000,Exhaustive-Expanded,3,3,0,1.0,0.0
174,3000,Random-25,0,0,0,0.0,0.0
174,3000,VeraDM-prior,2,2,0,0.6666666666666666,0.0
175,3000,Exhaustive-Expanded,4,3,1,1.0,0.25
175,3000,Random-25,0,0,0,0.0,0.0
175,3000,VeraDM-prior,3,3,0,1.0,0.0
176,3000,Exhaustive-Expanded,2,2,0,0.6666666666666666,0.0
176,3000,Random-25,0,0,0,0.0,0.0
176,3000,VeraDM-prior,3,3,0,1.0,0.0
177,3000,Exhaustive-Expanded,0,0,0,0.0,0.0
177,3000,Random-25,0,0,0,0.0,0.0
177,3000,VeraDM-prior,2,2,0,0.6666666666666666,0.0
178,3000,Exhaustive-Expanded,3,3,0,1.0,0.0
178,3000,Random-25,0,0,0,0.0,0.0
178,3000,VeraDM-prior,3,3,0,1.0,0.0
179,3000,Exhaustive-Expanded,3,3,0,1.0,0.0
179,3000,Random-25,0,0,0,0.0,0.0
179,3000,VeraDM-prior,3,3,0,1.0,0.0
180,3000,Exhaustive-Expanded,3,3,0,1.0,0.0
180,3000,Random-25,1,0,1,0.0,1.0
180,3000,VeraDM-prior,3,3,0,1.0,0.0
181,3000,Exhaustive-Expanded,4,3,1,1.0,0.25
181,3000,Random-25,0,0,0,0.0,0.0
181,3000,VeraDM-prior,3,3,0,1.0,0.0
182,3000,Exhaustive-Expanded,6,3,3,1.0,0.5
182,3000,Random-25,0,0,0,0.0,0.0
182,3000,VeraDM-prior,2,2,0,0.6666666666666666,0.0
183,3000,Exhaustive-Expanded,3,3,0,1.0,0.0
183,3000,Random-25,0,0,0,0.0,0.0
183,3000,VeraDM-prior,2,2,0,0.6666666666666666,0.0
184,3000,Exhaustive-Expanded,4,3,1,1.0,0.25
184,3000,Random-25,0,0,0,0.0,0.0
184,3000,VeraDM-prior,2,2,0,0.6666666666666666,0.0
185,3000,Exhaustive-Expanded,3,2,1,0.6666666666666666,0.3333333333333333
185,3000,Random-25,0,0,0,0.0,0.0
185,3000,VeraDM-prior,4,3,1,1.0,0.25
186,3000,Exhaustive-Expanded,1,1,0,0.3333333333333333,0.0
186,3000,Random-25,1,0,1,0.0,1.0
186,3000,VeraDM-prior,2,2,0,0.6666666666666666,0.0
187,3000,Exhaustive-Expanded,4,3,1,1.0,0.25
187,3000,Random-25,0,0,0,0.0,0.0
187,3000,VeraDM-prior,2,2,0,0.6666666666666666,0.0
188,3000,Exhaustive-Expanded,1,1,0,0.3333333333333333,0.0
188,3000,Random-25,0,0,0,0.0,0.0
188,3000,VeraDM-prior,3,3,0,1.0,0.0
189,3000,Exhaustive-Expanded,2,1,1,0.3333333333333333,0.5
189,3000,Random-25,0,0,0,0.0,0.0
189,3000,VeraDM-prior,3,3,0,1.0,0.0
190,3000,Exhaustive-Expanded,5,3,2,1.0,0.4
190,3000,Random-25,0,0,0,0.0,0.0
190,3000,VeraDM-prior,5,3,2,1.0,0.4
191,3000,Exhaustive-Expanded,3,3,0,1.0,0.0
191,3000,Random-25,1,0,1,0.0,1.0
191,3000,VeraDM-prior,2,2,0,0.6666666666666666,0.0
192,3000,Exhaustive-Expanded,3,3,0,1.0,0.0
192,3000,Random-25,0,0,0,0.0,0.0
192,3000,VeraDM-prior,3,3,0,1.0,0.0
193,3000,Exhaustive-Expanded,2,2,0,0.6666666666666666,0.0
193,3000,Random-25,0,0,0,0.0,0.0
193,3000,VeraDM-prior,3,3,0,1.0,0.0
194,3000,Exhaustive-Expanded,3,3,0,1.0,0.0
194,3000,Random-25,0,0,0,0.0,0.0
194,3000,VeraDM-prior,3,3,0,1.0,0.0
195,3000,Exhaustive-Expanded,0,0,0,0.0,0.0
195,3000,Random-25,0,0,0,0.0,0.0
195,3000,VeraDM-prior,3,3,0,1.0,0.0
196,3000,Exhaustive-Expanded,1,1,0,0.3333333333333333,0.0
196,3000,Random-25,0,0,0,0.0,0.0
196,3000,VeraDM-prior,3,3,0,1.0,0.0
197,3000,Exhaustive-Expanded,2,2,0,0.6666666666666666,0.0
197,3000,Random-25,0,0,0,0.0,0.0
197,3000,VeraDM-prior,2,2,0,0.6666666666666666,0.0
198,3000,Exhaustive-Expanded,4,3,1,1.0,0.25
198,3000,Random-25,0,0,0,0.0,0.0
198,3000,VeraDM-prior,1,1,0,0.3333333333333333,0.0
199,3000,Exhaustive-Expanded,1,1,0,0.3333333333333333,0.0
199,3000,Random-25,1,0,1,0.0,1.0
199,3000,VeraDM-prior,4,3,1,1.0,0.25
200,3000,Exhaustive-Expanded,3,3,0,1.0,0.0
200,3000,Random-25,0,0,0,0.0,0.0
200,3000,VeraDM-prior,1,1,0,0.3333333333333333,0.0
201,3000,Exhaustive-Expanded,2,2,0,0.6666666666666666,0.0
201,3000,Random-25,0,0,0,0.0,0.0
201,3000,VeraDM-prior,4,3,1,1.0,0.25
202,3000,Exhaustive-Expanded,3,3,0,1.0,0.0
202,3000,Random-25,0,0,0,0.0,0.0
202,3000,VeraDM-prior,1,1,0,0.3333333333333333,0.0
203,3000,Exhaustive-Expanded,0,0,0,0.0,0.0
203,3000,Random-25,1,1,0,0.3333333333333333,0.0
203,3000,VeraDM-prior,3,3,0,1.0,0.0
204,3000,Exhaustive-Expanded,2,1,1,0.3333333333333333,0.5
204,3000,Random-25,0,0,0,0.0,0.0
204,3000,VeraDM-prior,4,3,1,1.0,0.25
205,3000,Exhaustive-Expanded,2,2,0,0.6666666666666666,0.0
205,3000,Random-25,0,0,0,0.0,0.0
205,3000,VeraDM-prior,3,3,0,1.0,0.0
206,3000,Exhaustive-Expanded,5,3,2,1.0,0.4
206,3000,Random-25,0,0,0,0.0,0.0
206,3000,VeraDM-prior,3,3,0,1.0,0.0
207,3000,Exhaustive-Expanded,0,0,0,0.0,0.0
207,3000,Random-25,0,0,0,0.0,0.0
207,3000,VeraDM-prior,1,1,0,0.3333333333333333,0.0
208,3000,Exhaustive-Expanded,4,3,1,1.0,0.25
208,3000,Random-25,0,0,0,0.0,0.0
208,3000,VeraDM-prior,1,1,0,0.3333333333333333,0.0
209,3000,Exhaustive-Expanded,3,2,1,0.6666666666666666,0.3333333333333333
209,3000,Random-25,0,0,0,0.0,0.0
209,3000,VeraDM-prior,2,2,0,0.6666666666666666,0.0
210,3000,Exhaustive-Expanded,3,2,1,0.6666666666666666,0.3333333333333333
210,3000,Random-25,0,0,0,0.0,0.0
210,3000,VeraDM-prior,4,3,1,1.0,0.25
211,3000,Exhaustive-Expanded,3,2,1,0.6666666666666666,0.3333333333333333
211,3000,Random-25,0,0,0,0.0,0.0
211,3000,VeraDM-prior,3,3,0,1.0,0.0
212,3000,Exhaustive-Expanded,2,2,0,0.6666666666666666,0.0
212,3000,Random-25,0,0,0,0.0,0.0
212,3000,VeraDM-prior,3,3,0,1.0,0.0
213,3000,Exhaustive-Expanded,3,3,0,1.0,0.0
213,3000,Random-25,0,0,0,0.0,0.0
213,3000,VeraDM-prior,3,3,0,1.0,0.0
214,3000,Exhaustive-Expanded,2,2,0,0.6666666666666666,0.0
214,3000,Random-25,0,0,0,0.0,0.0
214,3000,VeraDM-prior,4,2,2,0.6666666666666666,0.5
215,3000,Exhaustive-Expanded,4,3,1,1.0,0.25
215,3000,Random-25,0,0,0,0.0,0.0
215,3000,VeraDM-prior,2,2,0,0.6666666666666666,0.0
216,3000,Exhaustive-Expanded,2,2,0,0.6666666666666666,0.0
216,3000,Random-25,0,0,0,0.0,0.0
216,3000,VeraDM-prior,2,2,0,0.6666666666666666,0.0
217,3000,Exhaustive-Expanded,3,3,0,1.0,0.0
217,3000,Random-25,0,0,0,0.0,0.0
217,3000,VeraDM-prior,1,1,0,0.3333333333333333,0.0
218,3000,Exhaustive-Expanded,2,2,0,0.6666666666666666,0.0
218,3000,Random-25,0,0,0,0.0,0.0
218,3000,VeraDM-prior,4,3,1,1.0,0.25
219,3000,Exhaustive-Expanded,3,3,0,1.0,0.0
219,3000,Random-25,0,0,0,0.0,0.0
219,3000,VeraDM-prior,3,3,0,1.0,0.0
220,3000,Exhaustive-Expanded,2,2,0,0.6666666666666666,0.0
220,3000,Random-25,0,0,0,0.0,0.0
220,3000,VeraDM-prior,3,3,0,1.0,0.0
221,3000,Exhaustive-Expanded,4,3,1,1.0,0.25
221,3000,Random-25,0,0,0,0.0,0.0
221,3000,VeraDM-prior,2,2,0,0.6666666666666666,0.0
222,3000,Exhaustive-Expanded,3,3,0,1.0,0.0
222,3000,Random-25,0,0,0,0.0,0.0
222,3000,VeraDM-prior,3,2,1,0.6666666666666666,0.3333333333333333
223,3000,Exhaustive-Expanded,1,1,0,0.3333333333333333,0.0
223,3000,Random-25,0,0,0,0.0,0.0
223,3000,VeraDM-prior,1,1,0,0.3333333333333333,0.0
224,3000,Exhaustive-Expanded,4,3,1,1.0,0.25
224,3000,Random-25,0,0,0,0.0,0.0
224,3000,VeraDM-prior,3,3,0,1.0,0.0
225,3000,Exhaustive-Expanded,3,3,0,1.0,0.0
225,3000,Random-25,0,0,0,0.0,0.0
225,3000,VeraDM-prior,4,3,1,1.0,0.25
226,3000,Exhaustive-Expanded,4,3,1,1.0,0.25
226,3000,Random-25,0,0,0,0.0,0.0
226,3000,VeraDM-prior,3,3,0,1.0,0.0
227,3000,Exhaustive-Expanded,0,0,0,0.0,0.0
227,3000,Random-25,0,0,0,0.0,0.0
227,3000,VeraDM-prior,3,3,0,1.0,0.0
228,3000,Exhaustive-Expanded,0,0,0,0.0,0.0
228,3000,Random-25,0,0,0,0.0,0.0
228,3000,VeraDM-prior,2,2,0,0.6666666666666666,0.0
229,3000,Exhaustive-Expanded,3,2,1,0.6666666666666666,0.3333333333333333
229,3000,Random-25,0,0,0,0.0,0.0
229,3000,VeraDM-prior,1,1,0,0.3333333333333333,0.0
230,3000,Exhaustive-Expanded,10,3,7,1.0,0.7
230,3000,Random-25,0,0,0,0.0,0.0
230,3000,VeraDM-prior,2,2,0,0.6666666666666666,0.0
231,3000,Exhaustive-Expanded,3,3,0,1.0,0.0
231,3000,Random-25,0,0,0,0.0,0.0
231,3000,VeraDM-prior,3,3,0,1.0,0.0
232,3000,Exhaustive-Expanded,1,1,0,0.3333333333333333,0.0
232,3000,Random-25,0,0,0,0.0,0.0
232,3000,VeraDM-prior,3,3,0,1.0,0.0
233,3000,Exhaustive-Expanded,3,3,0,1.0,0.0
233,3000,Random-25,0,0,0,0.0,0.0
233,3000,VeraDM-prior,3,3,0,1.0,0.0
234,3000,Exhaustive-Expanded,2,2,0,0.6666666666666666,0.0
234,3000,Random-25,1,0,1,0.0,1.0
234,3000,VeraDM-prior,1,1,0,0.3333333333333333,0.0
235,3000,Exhaustive-Expanded,2,2,0,0.6666666666666666,0.0
235,3000,Random-25,0,0,0,0.0,0.0
235,3000,VeraDM-prior,3,3,0,1.0,0.0
236,3000,Exhaustive-Expanded,3,3,0,1.0,0.0
236,3000,Random-25,0,0,0,0.0,0.0
236,3000,VeraDM-prior,2,1,1,0.3333333333333333,0.5
237,3000,Exhaustive-Expanded,0,0,0,0.0,0.0
237,3000,Random-25,0,0,0,0.0,0.0
237,3000,VeraDM-prior,4,3,1,1.0,0.25
238,3000,Exhaustive-Expanded,3,2,1,0.6666666666666666,0.3333333333333333
238,3000,Random-25,0,0,0,0.0,0.0
238,3000,VeraDM-prior,2,2,0,0.6666666666666666,0.0
239,3000,Exhaustive-Expanded,2,2,0,0.6666666666666666,0.0
239,3000,Random-25,1,0,1,0.0,1.0
239,3000,VeraDM-prior,3,3,0,1.0,0.0
240,3000,Exhaustive-Expanded,2,2,0,0.6666666666666666,0.0
240,3000,Random-25,0,0,0,0.0,0.0
240,3000,VeraDM-prior,3,3,0,1.0,0.0
241,3000,Exhaustive-Expanded,1,1,0,0.3333333333333333,0.0
241,3000,Random-25,0,0,0,0.0,0.0
241,3000,VeraDM-prior,3,3,0,1.0,0.0
242,3000,Exhaustive-Expanded,2,2,0,0.6666666666666666,0.0
242,3000,Random-25,0,0,0,0.0,0.0
242,3000,VeraDM-prior,3,2,1,0.6666666666666666,0.3333333333333333
243,3000,Exhaustive-Expanded,3,2,1,0.6666666666666666,0.3333333333333333
243,3000,Random-25,0,0,0,0.0,0.0
243,3000,VeraDM-prior,2,2,0,0.6666666666666666,0.0
244,3000,Exhaustive-Expanded,2,2,0,0.6666666666666666,0.0
244,3000,Random-25,0,0,0,0.0,0.0
244,3000,VeraDM-prior,3,3,0,1.0,0.0
245,3000,Exhaustive-Expanded,2,2,0,0.6666666666666666,0.0
245,3000,Random-25,0,0,0,0.0,0.0
245,3000,VeraDM-prior,3,3,0,1.0,0.0
246,3000,Exhaustive-Expanded,3,3,0,1.0,0.0
246,3000,Random-25,0,0,0,0.0,0.0
246,3000,VeraDM-prior,4,3,1,1.0,0.25
247,3000,Exhaustive-Expanded,1,1,0,0.3333333333333333,0.0
247,3000,Random-25,0,0,0,0.0,0.0
247,3000,VeraDM-prior,2,2,0,0.6666666666666666,0.0
248,3000,Exhaustive-Expanded,2,2,0,0.6666666666666666,0.0
248,3000,Random-25,1,0,1,0.0,1.0
248,3000,VeraDM-prior,4,3,1,1.0,0.25
249,3000,Exhaustive-Expanded,1,1,0,0.3333333333333333,0.0
249,3000,Random-25,0,0,0,0.0,0.0
249,3000,VeraDM-prior,3,2,1,0.6666666666666666,0.3333333333333333
250,3000,Exhaustive-Expanded,0,0,0,0.0,0.0
250,3000,Random-25,0,0,0,0.0,0.0
250,3000,VeraDM-prior,0,0,0,0.0,0.0
251,3000,Exhaustive-Expanded,3,3,0,1.0,0.0
251,3000,Random-25,0,0,0,0.0,0.0
251,3000,VeraDM-prior,4,3,1,1.0,0.25
252,3000,Exhaustive-Expanded,1,1,0,0.3333333333333333,0.0
252,3000,Random-25,0,0,0,0.0,0.0
252,3000,VeraDM-prior,1,1,0,0.3333333333333333,0.0
253,3000,Exhaustive-Expanded,3,3,0,1.0,0.0
253,3000,Random-25,0,0,0,0.0,0.0
253,3000,VeraDM-prior,3,3,0,1.0,0.0
254,3000,Exhaustive-Expanded,4,3,1,1.0,0.25
254,3000,Random-25,0,0,0,0.0,0.0
254,3000,VeraDM-prior,3,3,0,1.0,0.0
255,3000,Exhaustive-Expanded,2,2,0,0.6666666666666666,0.0
255,3000,Random-25,0,0,0,0.0,0.0
255,3000,VeraDM-prior,3,3,0,1.0,0.0
256,3000,Exhaustive-Expanded,1,1,0,0.3333333333333333,0.0
256,3000,Random-25,1,1,0,0.3333333333333333,0.0
256,3000,VeraDM-prior,2,2,0,0.6666666666666666,0.0
257,3000,Exhaustive-Expanded,2,2,0,0.6666666666666666,0.0
257,3000,Random-25,0,0,0,0.0,0.0
257,3000,VeraDM-prior,3,3,0,1.0,0.0
258,3000,Exhaustive-Expanded,3,3,0,1.0,0.0
258,3000,Random-25,0,0,0,0.0,0.0
258,3000,VeraDM-prior,4,3,1,1.0,0.25
259,3000,Exhaustive-Expanded,2,2,0,0.6666666666666666,0.0
259,3000,Random-25,0,0,0,0.0,0.0
259,3000,VeraDM-prior,5,3,2,1.0,0.4
260,3000,Exhaustive-Expanded,1,1,0,0.3333333333333333,0.0
260,3000,Random-25,1,0,1,0.0,1.0
260,3000,VeraDM-prior,3,3,0,1.0,0.0
261,3000,Exhaustive-Expanded,3,3,0,1.0,0.0
261,3000,Random-25,0,0,0,0.0,0.0
261,3000,VeraDM-prior,2,2,0,0.6666666666666666,0.0
262,3000,Exhaustive-Expanded,4,3,1,1.0,0.25
262,3000,Random-25,0,0,0,0.0,0.0
262,3000,VeraDM-prior,3,3,0,1.0,0.0
263,3000,Exhaustive-Expanded,2,2,0,0.6666666666666666,0.0
263,3000,Random-25,0,0,0,0.0,0.0
263,3000,VeraDM-prior,3,3,0,1.0,0.0
264,3000,Exhaustive-Expanded,3,3,0,1.0,0.0
264,3000,Random-25,0,0,0,0.0,0.0
264,3000,VeraDM-prior,3,3,0,1.0,0.0
265,3000,Exhaustive-Expanded,2,2,0,0.6666666666666666,0.0
265,3000,Random-25,0,0,0,0.0,0.0
265,3000,VeraDM-prior,3,2,1,0.6666666666666666,0.3333333333333333
266,3000,Exhaustive-Expanded,2,1,1,0.3333333333333333,0.5
266,3000,Random-25,0,0,0,0.0,0.0
266,3000,VeraDM-prior,3,2,1,0.6666666666666666,0.3333333333333333
267,3000,Exhaustive-Expanded,3,3,0,1.0,0.0
267,3000,Random-25,0,0,0,0.0,0.0
267,3000,VeraDM-prior,4,3,1,1.0,0.25
268,3000,Exhaustive-Expanded,2,2,0,0.6666666666666666,0.0
268,3000,Random-25,0,0,0,0.0,0.0
268,3000,VeraDM-prior,1,1,0,0.3333333333333333,0.0
269,3000,Exhaustive-Expanded,2,2,0,0.6666666666666666,0.0
269,3000,Random-25,0,0,0,0.0,0.0
269,3000,VeraDM-prior,4,3,1,1.0,0.25
270,3000,Exhaustive-Expanded,3,3,0,1.0,0.0
270,3000,Random-25,0,0,0,0.0,0.0
270,3000,VeraDM-prior,3,3,0,1.0,0.0
271,3000,Exhaustive-Expanded,3,2,1,0.6666666666666666,0.3333333333333333
271,3000,Random-25,0,0,0,0.0,0.0
271,3000,VeraDM-prior,3,3,0,1.0,0.0
272,3000,Exhaustive-Expanded,1,1,0,0.3333333333333333,0.0
272,3000,Random-25,1,1,0,0.3333333333333333,0.0
272,3000,VeraDM-prior,2,1,1,0.3333333333333333,0.5
273,3000,Exhaustive-Expanded,1,1,0,0.3333333333333333,0.0
273,3000,Random-25,0,0,0,0.0,0.0
273,3000,VeraDM-prior,2,2,0,0.6666666666666666,0.0
274,3000,Exhaustive-Expanded,2,2,0,0.6666666666666666,0.0
274,3000,Random-25,0,0,0,0.0,0.0
274,3000,VeraDM-prior,3,3,0,1.0,0.0
275,3000,Exhaustive-Expanded,3,3,0,1.0,0.0
275,3000,Random-25,0,0,0,0.0,0.0
275,3000,VeraDM-prior,4,3,1,1.0,0.25
276,3000,Exhaustive-Expanded,0,0,0,0.0,0.0
276,3000,Random-25,0,0,0,0.0,0.0
276,3000,VeraDM-prior,3,3,0,1.0,0.0
277,3000,Exhaustive-Expanded,3,3,0,1.0,0.0
277,3000,Random-25,0,0,0,0.0,0.0
277,3000,VeraDM-prior,3,3,0,1.0,0.0
278,3000,Exhaustive-Expanded,3,3,0,1.0,0.0
278,3000,Random-25,0,0,0,0.0,0.0
278,3000,VeraDM-prior,4,3,1,1.0,0.25
279,3000,Exhaustive-Expanded,5,2,3,0.6666666666666666,0.6
279,3000,Random-25,0,0,0,0.0,0.0
279,3000,VeraDM-prior,4,3,1,1.0,0.25
280,3000,Exhaustive-Expanded,3,3,0,1.0,0.0
280,3000,Random-25,0,0,0,0.0,0.0
280,3000,VeraDM-prior,3,3,0,1.0,0.0
281,3000,Exhaustive-Expanded,3,3,0,1.0,0.0
281,3000,Random-25,1,0,1,0.0,1.0
281,3000,VeraDM-prior,3,3,0,1.0,0.0
282,3000,Exhaustive-Expanded,2,2,0,0.6666666666666666,0.0
282,3000,Random-25,0,0,0,0.0,0.0
282,3000,VeraDM-prior,2,2,0,0.6666666666666666,0.0
283,3000,Exhaustive-Expanded,2,2,0,0.6666666666666666,0.0
283,3000,Random-25,0,0,0,0.0,0.0
283,3000,VeraDM-prior,4,3,1,1.0,0.25
284,3000,Exhaustive-Expanded,1,1,0,0.3333333333333333,0.0
284,3000,Random-25,0,0,0,0.0,0.0
284,3000,VeraDM-prior,3,3,0,1.0,0.0
285,3000,Exhaustive-Expanded,3,3,0,1.0,0.0
285,3000,Random-25,0,0,0,0.0,0.0
285,3000,VeraDM-prior,4,3,1,1.0,0.25
286,3000,Exhaustive-Expanded,3,2,1,0.6666666666666666,0.3333333333333333
286,3000,Random-25,0,0,0,0.0,0.0
286,3000,VeraDM-prior,4,3,1,1.0,0.25
287,3000,Exhaustive-Expanded,2,2,0,0.6666666666666666,0.0
287,3000,Random-25,0,0,0,0.0,0.0
287,3000,VeraDM-prior,4,3,1,1.0,0.25
288,3000,Exhaustive-Expanded,2,2,0,0.6666666666666666,0.0
288,3000,Random-25,0,0,0,0.0,0.0
288,3000,VeraDM-prior,3,2,1,0.6666666666666666,0.3333333333333333
289,3000,Exhaustive-Expanded,3,3,0,1.0,0.0
289,3000,Random-25,0,0,0,0.0,0.0
289,3000,VeraDM-prior,4,3,1,1.0,0.25
290,3000,Exhaustive-Expanded,3,3,0,1.0,0.0
290,3000,Random-25,0,0,0,0.0,0.0
290,3000,VeraDM-prior,5,3,2,1.0,0.4
291,3000,Exhaustive-Expanded,2,2,0,0.6666666666666666,0.0
291,3000,Random-25,0,0,0,0.0,0.0
291,3000,VeraDM-prior,4,3,1,1.0,0.25
292,3000,Exhaustive-Expanded,3,2,1,0.6666666666666666,0.3333333333333333
292,3000,Random-25,0,0,0,0.0,0.0
292,3000,VeraDM-prior,3,2,1,0.6666666666666666,0.3333333333333333
293,3000,Exhaustive-Expanded,2,2,0,0.6666666666666666,0.0
293,3000,Random-25,0,0,0,0.0,0.0
293,3000,VeraDM-prior,3,3,0,1.0,0.0
294,3000,Exhaustive-Expanded,3,3,0,1.0,0.0
294,3000,Random-25,1,0,1,0.0,1.0
294,3000,VeraDM-prior,3,3,0,1.0,0.0
295,3000,Exhaustive-Expanded,3,3,0,1.0,0.0
295,3000,Random-25,1,0,1,0.0,1.0
295,3000,VeraDM-prior,3,3,0,1.0,0.0
296,3000,Exhaustive-Expanded,3,3,0,1.0,0.0
296,3000,Random-25,0,0,0,0.0,0.0
296,3000,VeraDM-prior,1,1,0,0.3333333333333333,0.0
297,3000,Exhaustive-Expanded,1,1,0,0.3333333333333333,0.0
297,3000,Random-25,0,0,0,0.0,0.0
297,3000,VeraDM-prior,3,2,1,0.6666666666666666,0.3333333333333333
298,3000,Exhaustive-Expanded,3,3,0,1.0,0.0
298,3000,Random-25,0,0,0,0.0,0.0
298,3000,VeraDM-prior,3,3,0,1.0,0.0
299,3000,Exhaustive-Expanded,4,2,2,0.6666666666666666,0.5
299,3000,Random-25,0,0,0,0.0,0.0
299,3000,VeraDM-prior,3,3,0,1.0,0.0
300,3000,Exhaustive-Expanded,2,1,1,0.3333333333333333,0.5
300,3000,Random-25,0,0,0,0.0,0.0
300,3000,VeraDM-prior,2,2,0,0.6666666666666666,0.0
301,3000,Exhaustive-Expanded,3,2,1,0.6666666666666666,0.3333333333333333
301,3000,Random-25,0,0,0,0.0,0.0
301,3000,VeraDM-prior,4,3,1,1.0,0.25
302,3000,Exhaustive-Expanded,3,2,1,0.6666666666666666,0.3333333333333333
302,3000,Random-25,0,0,0,0.0,0.0
302,3000,VeraDM-prior,3,3,0,1.0,0.0
303,3000,Exhaustive-Expanded,3,3,0,1.0,0.0
303,3000,Random-25,0,0,0,0.0,0.0
303,3000,VeraDM-prior,2,2,0,0.6666666666666666,0.0
304,3000,Exhaustive-Expanded,2,1,1,0.3333333333333333,0.5
304,3000,Random-25,0,0,0,0.0,0.0
304,3000,VeraDM-prior,3,2,1,0.6666666666666666,0.3333333333333333
305,3000,Exhaustive-Expanded,3,3,0,1.0,0.0
305,3000,Random-25,0,0,0,0.0,0.0
305,3000,VeraDM-prior,3,3,0,1.0,0.0
306,3000,Exhaustive-Expanded,1,1,0,0.3333333333333333,0.0
306,3000,Random-25,0,0,0,0.0,0.0
306,3000,VeraDM-prior,3,3,0,1.0,0.0
307,3000,Exhaustive-Expanded,2,2,0,0.6666666666666666,0.0
307,3000,Random-25,0,0,0,0.0,0.0
307,3000,VeraDM-prior,3,3,0,1.0,0.0
308,3000,Exhaustive-Expanded,3,3,0,1.0,0.0
308,3000,Random-25,0,0,0,0.0,0.0
308,3000,VeraDM-prior,5,3,2,1.0,0.4
309,3000,Exhaustive-Expanded,7,3,4,1.0,0.5714285714285714
309,3000,Random-25,0,0,0,0.0,0.0
309,3000,VeraDM-prior,3,2,1,0.6666666666666666,0.3333333333333333
310,3000,Exhaustive-Expanded,2,2,0,0.6666666666666666,0.0
310,3000,Random-25,0,0,0,0.0,0.0
310,3000,VeraDM-prior,2,2,0,0.6666666666666666,0.0
311,3000,Exhaustive-Expanded,2,2,0,0.6666666666666666,0.0
311,3000,Random-25,0,0,0,0.0,0.0
311,3000,VeraDM-prior,3,3,0,1.0,0.0
312,3000,Exhaustive-Expanded,2,2,0,0.6666666666666666,0.0
312,3000,Random-25,0,0,0,0.0,0.0
312,3000,VeraDM-prior,3,3,0,1.0,0.0
313,3000,Exhaustive-Expanded,4,3,1,1.0,0.25
313,3000,Random-25,0,0,0,0.0,0.0
313,3000,VeraDM-prior,3,3,0,1.0,0.0
314,3000,Exhaustive-Expanded,3,3,0,1.0,0.0
314,3000,Random-25,0,0,0,0.0,0.0
314,3000,VeraDM-prior,3,2,1,0.6666666666666666,0.3333333333333333
315,3000,Exhaustive-Expanded,1,1,0,0.3333333333333333,0.0
315,3000,Random-25,0,0,0,0.0,0.0
315,3000,VeraDM-prior,3,3,0,1.0,0.0
316,3000,Exhaustive-Expanded,2,2,0,0.6666666666666666,0.0
316,3000,Random-25,0,0,0,0.0,0.0
316,3000,VeraDM-prior,3,3,0,1.0,0.0
317,3000,Exhaustive-Expanded,5,3,2,1.0,0.4
317,3000,Random-25,0,0,0,0.0,0.0
317,3000,VeraDM-prior,1,1,0,0.3333333333333333,0.0
318,3000,Exhaustive-Expanded,3,3,0,1.0,0.0
318,3000,Random-25,1,0,1,0.0,1.0
318,3000,VeraDM-prior,4,3,1,1.0,0.25
319,3000,Exhaustive-Expanded,2,2,0,0.6666666666666666,0.0
319,3000,Random-25,0,0,0,0.0,0.0
319,3000,VeraDM-prior,2,2,0,0.6666666666666666,0.0
320,3000,Exhaustive-Expanded,2,1,1,0.3333333333333333,0.5
320,3000,Random-25,0,0,0,0.0,0.0
320,3000,VeraDM-prior,2,2,0,0.6666666666666666,0.0
321,3000,Exhaustive-Expanded,2,2,0,0.6666666666666666,0.0
321,3000,Random-25,0,0,0,0.0,0.0
321,3000,VeraDM-prior,3,3,0,1.0,0.0
322,3000,Exhaustive-Expanded,2,2,0,0.6666666666666666,0.0
322,3000,Random-25,0,0,0,0.0,0.0
322,3000,VeraDM-prior,3,3,0,1.0,0.0
323,3000,Exhaustive-Expanded,1,1,0,0.3333333333333333,0.0
323,3000,Random-25,0,0,0,0.0,0.0
323,3000,VeraDM-prior,2,2,0,0.6666666666666666,0.0
324,3000,Exhaustive-Expanded,3,3,0,1.0,0.0
324,3000,Random-25,0,0,0,0.0,0.0
324,3000,VeraDM-prior,3,3,0,1.0,0.0
325,3000,Exhaustive-Expanded,3,3,0,1.0,0.0
325,3000,Random-25,0,0,0,0.0,0.0
325,3000,VeraDM-prior,4,2,2,0.6666666666666666,0.5
326,3000,Exhaustive-Expanded,3,3,0,1.0,0.0
326,3000,Random-25,0,0,0,0.0,0.0
326,3000,VeraDM-prior,3,3,0,1.0,0.0
327,3000,Exhaustive-Expanded,3,3,0,1.0,0.0
327,3000,Random-25,0,0,0,0.0,0.0
327,3000,VeraDM-prior,4,3,1,1.0,0.25
328,3000,Exhaustive-Expanded,1,1,0,0.3333333333333333,0.0
328,3000,Random-25,0,0,0,0.0,0.0
328,3000,VeraDM-prior,3,3,0,1.0,0.0
329,3000,Exhaustive-Expanded,1,1,0,0.3333333333333333,0.0
329,3000,Random-25,0,0,0,0.0,0.0
329,3000,VeraDM-prior,3,3,0,1.0,0.0
330,3000,Exhaustive-Expanded,3,2,1,0.6666666666666666,0.3333333333333333
330,3000,Random-25,0,0,0,0.0,0.0
330,3000,VeraDM-prior,4,3,1,1.0,0.25
331,3000,Exhaustive-Expanded,3,2,1,0.6666666666666666,0.3333333333333333
331,3000,Random-25,0,0,0,0.0,0.0
331,3000,VeraDM-prior,2,2,0,0.6666666666666666,0.0
332,3000,Exhaustive-Expanded,0,0,0,0.0,0.0
332,3000,Random-25,0,0,0,0.0,0.0
332,3000,VeraDM-prior,2,2,0,0.6666666666666666,0.0
333,3000,Exhaustive-Expanded,1,1,0,0.3333333333333333,0.0
333,3000,Random-25,0,0,0,0.0,0.0
333,3000,VeraDM-prior,3,3,0,1.0,0.0
334,3000,Exhaustive-Expanded,2,2,0,0.6666666666666666,0.0
334,3000,Random-25,0,0,0,0.0,0.0
334,3000,VeraDM-prior,2,2,0,0.6666666666666666,0.0
335,3000,Exhaustive-Expanded,2,2,0,0.6666666666666666,0.0
335,3000,Random-25,0,0,0,0.0,0.0
335,3000,VeraDM-prior,3,3,0,1.0,0.0
336,3000,Exhaustive-Expanded,1,1,0,0.3333333333333333,0.0
336,3000,Random-25,0,0,0,0.0,0.0
336,3000,VeraDM-prior,2,2,0,0.6666666666666666,0.0
337,3000,Exhaustive-Expanded,2,2,0,0.6666666666666666,0.0
337,3000,Random-25,0,0,0,0.0,0.0
337,3000,VeraDM-prior,3,2,1,0.6666666666666666,0.3333333333333333
338,3000,Exhaustive-Expanded,1,1,0,0.3333333333333333,0.0
338,3000,Random-25,0,0,0,0.0,0.0
338,3000,VeraDM-prior,3,3,0,1.0,0.0
339,3000,Exhaustive-Expanded,3,2,1,0.6666666666666666,0.3333333333333333
339,3000,Random-25,0,0,0,0.0,0.0
339,3000,VeraDM-prior,3,3,0,1.0,0.0
340,3000,Exhaustive-Expanded,2,2,0,0.6666666666666666,0.0
340,3000,Random-25,0,0,0,0.0,0.0
340,3000,VeraDM-prior,4,3,1,1.0,0.25
341,3000,Exhaustive-Expanded,1,1,0,0.3333333333333333,0.0
341,3000,Random-25,0,0,0,0.0,0.0
341,3000,VeraDM-prior,3,3,0,1.0,0.0
342,3000,Exhaustive-Expanded,3,3,0,1.0,0.0
342,3000,Random-25,1,0,1,0.0,1.0
342,3000,VeraDM-prior,4,3,1,1.0,0.25
343,3000,Exhaustive-Expanded,4,2,2,0.6666666666666666,0.5
343,3000,Random-25,0,0,0,0.0,0.0
343,3000,VeraDM-prior,3,3,0,1.0,0.0
344,3000,Exhaustive-Expanded,3,3,0,1.0,0.0
344,3000,Random-25,0,0,0,0.0,0.0
344,3000,VeraDM-prior,4,3,1,1.0,0.25
345,3000,Exhaustive-Expanded,4,3,1,1.0,0.25
345,3000,Random-25,0,0,0,0.0,0.0
345,3000,VeraDM-prior,4,2,2,0.6666666666666666,0.5
346,3000,Exhaustive-Expanded,1,1,0,0.3333333333333333,0.0
346,3000,Random-25,0,0,0,0.0,0.0
346,3000,VeraDM-prior,5,3,2,1.0,0.4
347,3000,Exhaustive-Expanded,2,2,0,0.6666666666666666,0.0
347,3000,Random-25,0,0,0,0.0,0.0
347,3000,VeraDM-prior,3,3,0,1.0,0.0
348,3000,Exhaustive-Expanded,3,3,0,1.0,0.0
348,3000,Random-25,0,0,0,0.0,0.0
348,3000,VeraDM-prior,3,2,1,0.6666666666666666,0.3333333333333333
349,3000,Exhaustive-Expanded,3,3,0,1.0,0.0
349,3000,Random-25,0,0,0,0.0,0.0
349,3000,VeraDM-prior,3,3,0,1.0,0.0
350,3000,Exhaustive-Expanded,1,1,0,0.3333333333333333,0.0
350,3000,Random-25,0,0,0,0.0,0.0
350,3000,VeraDM-prior,2,2,0,0.6666666666666666,0.0
351,3000,Exhaustive-Expanded,2,1,1,0.3333333333333333,0.5
351,3000,Random-25,1,0,1,0.0,1.0
351,3000,VeraDM-prior,3,3,0,1.0,0.0
352,3000,Exhaustive-Expanded,3,2,1,0.6666666666666666,0.3333333333333333
352,3000,Random-25,3,0,3,0.0,1.0
352,3000,VeraDM-prior,3,3,0,1.0,0.0
353,3000,Exhaustive-Expanded,3,3,0,1.0,0.0
353,3000,Random-25,0,0,0,0.0,0.0
353,3000,VeraDM-prior,2,2,0,0.6666666666666666,0.0
354,3000,Exhaustive-Expanded,2,2,0,0.6666666666666666,0.0
354,3000,Random-25,0,0,0,0.0,0.0
354,3000,VeraDM-prior,3,3,0,1.0,0.0
355,3000,Exhaustive-Expanded,2,2,0,0.6666666666666666,0.0
355,3000,Random-25,0,0,0,0.0,0.0
355,3000,VeraDM-prior,2,2,0,0.6666666666666666,0.0
356,3000,Exhaustive-Expanded,2,2,0,0.6666666666666666,0.0
356,3000,Random-25,0,0,0,0.0,0.0
356,3000,VeraDM-prior,3,2,1,0.6666666666666666,0.3333333333333333
357,3000,Exhaustive-Expanded,2,2,0,0.6666666666666666,0.0
357,3000,Random-25,0,0,0,0.0,0.0
357,3000,VeraDM-prior,2,2,0,0.6666666666666666,0.0
358,3000,Exhaustive-Expanded,3,3,0,1.0,0.0
358,3000,Random-25,0,0,0,0.0,0.0
358,3000,VeraDM-prior,4,3,1,1.0,0.25
359,3000,Exhaustive-Expanded,2,2,0,0.6666666666666666,0.0
359,3000,Random-25,0,0,0,0.0,0.0
359,3000,VeraDM-prior,3,3,0,1.0,0.0
360,3000,Exhaustive-Expanded,3,3,0,1.0,0.0
360,3000,Random-25,0,0,0,0.0,0.0
360,3000,VeraDM-prior,3,2,1,0.6666666666666666,0.3333333333333333
361,3000,Exhaustive-Expanded,3,3,0,1.0,0.0
361,3000,Random-25,0,0,0,0.0,0.0
361,3000,VeraDM-prior,3,3,0,1.0,0.0
362,3000,Exhaustive-Expanded,3,3,0,1.0,0.0
362,3000,Random-25,0,0,0,0.0,0.0
362,3000,VeraDM-prior,2,2,0,0.6666666666666666,0.0
363,3000,Exhaustive-Expanded,2,2,0,0.6666666666666666,0.0
363,3000,Random-25,0,0,0,0.0,0.0
363,3000,VeraDM-prior,3,3,0,1.0,0.0
364,3000,Exhaustive-Expanded,3,2,1,0.6666666666666666,0.3333333333333333
364,3000,Random-25,0,0,0,0.0,0.0
364,3000,VeraDM-prior,4,2,2,0.6666666666666666,0.5
365,3000,Exhaustive-Expanded,2,2,0,0.6666666666666666,0.0
365,3000,Random-25,1,1,0,0.3333333333333333,0.0
365,3000,VeraDM-prior,3,3,0,1.0,0.0
366,3000,Exhaustive-Expanded,0,0,0,0.0,0.0
366,3000,Random-25,0,0,0,0.0,0.0
366,3000,VeraDM-prior,1,1,0,0.3333333333333333,0.0
367,3000,Exhaustive-Expanded,3,3,0,1.0,0.0
367,3000,Random-25,1,0,1,0.0,1.0
367,3000,VeraDM-prior,2,2,0,0.6666666666666666,0.0
368,3000,Exhaustive-Expanded,3,2,1,0.6666666666666666,0.3333333333333333
368,3000,Random-25,0,0,0,0.0,0.0
368,3000,VeraDM-prior,2,2,0,0.6666666666666666,0.0
369,3000,Exhaustive-Expanded,3,3,0,1.0,0.0
369,3000,Random-25,0,0,0,0.0,0.0
369,3000,VeraDM-prior,2,2,0,0.6666666666666666,0.0
370,3000,Exhaustive-Expanded,3,2,1,0.6666666666666666,0.3333333333333333
370,3000,Random-25,0,0,0,0.0,0.0
370,3000,VeraDM-prior,2,2,0,0.6666666666666666,0.0
371,3000,Exhaustive-Expanded,1,1,0,0.3333333333333333,0.0
371,3000,Random-25,0,0,0,0.0,0.0
371,3000,VeraDM-prior,5,3,2,1.0,0.4
372,3000,Exhaustive-Expanded,4,3,1,1.0,0.25
372,3000,Random-25,0,0,0,0.0,0.0
372,3000,VeraDM-prior,4,3,1,1.0,0.25
373,3000,Exhaustive-Expanded,3,2,1,0.6666666666666666,0.3333333333333333
373,3000,Random-25,0,0,0,0.0,0.0
373,3000,VeraDM-prior,3,3,0,1.0,0.0
374,3000,Exhaustive-Expanded,3,3,0,1.0,0.0
374,3000,Random-25,0,0,0,0.0,0.0
374,3000,VeraDM-prior,2,2,0,0.6666666666666666,0.0
375,3000,Exhaustive-Expanded,3,3,0,1.0,0.0
375,3000,Random-25,0,0,0,0.0,0.0
375,3000,VeraDM-prior,3,2,1,0.6666666666666666,0.3333333333333333
376,3000,Exhaustive-Expanded,3,3,0,1.0,0.0
376,3000,Random-25,0,0,0,0.0,0.0
376,3000,VeraDM-prior,4,3,1,1.0,0.25
377,3000,Exhaustive-Expanded,5,3,2,1.0,0.4
377,3000,Random-25,0,0,0,0.0,0.0
377,3000,VeraDM-prior,3,3,0,1.0,0.0
378,3000,Exhaustive-Expanded,2,2,0,0.6666666666666666,0.0
378,3000,Random-25,0,0,0,0.0,0.0
378,3000,VeraDM-prior,2,2,0,0.6666666666666666,0.0
379,3000,Exhaustive-Expanded,4,3,1,1.0,0.25
379,3000,Random-25,0,0,0,0.0,0.0
379,3000,VeraDM-prior,3,2,1,0.6666666666666666,0.3333333333333333
380,3000,Exhaustive-Expanded,3,3,0,1.0,0.0
380,3000,Random-25,0,0,0,0.0,0.0
380,3000,VeraDM-prior,3,3,0,1.0,0.0
381,3000,Exhaustive-Expanded,1,1,0,0.3333333333333333,0.0
381,3000,Random-25,0,0,0,0.0,0.0
381,3000,VeraDM-prior,2,2,0,0.6666666666666666,0.0
382,3000,Exhaustive-Expanded,2,2,0,0.6666666666666666,0.0
382,3000,Random-25,0,0,0,0.0,0.0
382,3000,VeraDM-prior,2,2,0,0.6666666666666666,0.0
383,3000,Exhaustive-Expanded,3,3,0,1.0,0.0
383,3000,Random-25,0,0,0,0.0,0.0
383,3000,VeraDM-prior,3,3,0,1.0,0.0
384,3000,Exhaustive-Expanded,2,2,0,0.6666666666666666,0.0
384,3000,Random-25,1,1,0,0.3333333333333333,0.0
384,3000,VeraDM-prior,4,3,1,1.0,0.25
385,3000,Exhaustive-Expanded,5,2,3,0.6666666666666666,0.6
385,3000,Random-25,0,0,0,0.0,0.0
385,3000,VeraDM-prior,2,2,0,0.6666666666666666,0.0
386,3000,Exhaustive-Expanded,1,1,0,0.3333333333333333,0.0
386,3000,Random-25,0,0,0,0.0,0.0
386,3000,VeraDM-prior,3,3,0,1.0,0.0
387,3000,Exhaustive-Expanded,2,2,0,0.6666666666666666,0.0
387,3000,Random-25,1,0,1,0.0,1.0
387,3000,VeraDM-prior,3,3,0,1.0,0.0
388,3000,Exhaustive-Expanded,2,2,0,0.6666666666666666,0.0
388,3000,Random-25,0,0,0,0.0,0.0
388,3000,VeraDM-prior,3,2,1,0.6666666666666666,0.3333333333333333
389,3000,Exhaustive-Expanded,2,2,0,0.6666666666666666,0.0
389,3000,Random-25,2,1,1,0.3333333333333333,0.5
389,3000,VeraDM-prior,3,3,0,1.0,0.0
390,3000,Exhaustive-Expanded,1,1,0,0.3333333333333333,0.0
390,3000,Random-25,0,0,0,0.0,0.0
390,3000,VeraDM-prior,2,2,0,0.6666666666666666,0.0
391,3000,Exhaustive-Expanded,4,2,2,0.6666666666666666,0.5
391,3000,Random-25,0,0,0,0.0,0.0
391,3000,VeraDM-prior,3,3,0,1.0,0.0
392,3000,Exhaustive-Expanded,3,2,1,0.6666666666666666,0.3333333333333333
392,3000,Random-25,1,1,0,0.3333333333333333,0.0
392,3000,VeraDM-prior,2,2,0,0.6666666666666666,0.0
393,3000,Exhaustive-Expanded,2,2,0,0.6666666666666666,0.0
393,3000,Random-25,0,0,0,0.0,0.0
393,3000,VeraDM-prior,2,2,0,0.6666666666666666,0.0
394,3000,Exhaustive-Expanded,2,2,0,0.6666666666666666,0.0
394,3000,Random-25,0,0,0,0.0,0.0
394,3000,VeraDM-prior,2,2,0,0.6666666666666666,0.0
395,3000,Exhaustive-Expanded,3,3,0,1.0,0.0
395,3000,Random-25,0,0,0,0.0,0.0
395,3000,VeraDM-prior,2,2,0,0.6666666666666666,0.0
396,3000,Exhaustive-Expanded,2,2,0,0.6666666666666666,0.0
396,3000,Random-25,0,0,0,0.0,0.0
396,3000,VeraDM-prior,3,3,0,1.0,0.0
397,3000,Exhaustive-Expanded,3,3,0,1.0,0.0
397,3000,Random-25,0,0,0,0.0,0.0
397,3000,VeraDM-prior,2,2,0,0.6666666666666666,0.0
398,3000,Exhaustive-Expanded,2,1,1,0.3333333333333333,0.5
398,3000,Random-25,0,0,0,0.0,0.0
398,3000,VeraDM-prior,2,2,0,0.6666666666666666,0.0
399,3000,Exhaustive-Expanded,3,2,1,0.6666666666666666,0.3333333333333333
399,3000,Random-25,0,0,0,0.0,0.0
399,3000,VeraDM-prior,4,3,1,1.0,0.25
400,3000,Exhaustive-Expanded,2,2,0,0.6666666666666666,0.0
400,3000,Random-25,0,0,0,0.0,0.0
400,3000,VeraDM-prior,3,3,0,1.0,0.0
401,3000,Exhaustive-Expanded,2,1,1,0.3333333333333333,0.5
401,3000,Random-25,0,0,0,0.0,0.0
401,3000,VeraDM-prior,2,2,0,0.6666666666666666,0.0
402,3000,Exhaustive-Expanded,3,2,1,0.6666666666666666,0.3333333333333333
402,3000,Random-25,0,0,0,0.0,0.0
402,3000,VeraDM-prior,3,3,0,1.0,0.0
403,3000,Exhaustive-Expanded,3,3,0,1.0,0.0
403,3000,Random-25,0,0,0,0.0,0.0
403,3000,VeraDM-prior,3,3,0,1.0,0.0
404,3000,Exhaustive-Expanded,2,2,0,0.6666666666666666,0.0
404,3000,Random-25,0,0,0,0.0,0.0
404,3000,VeraDM-prior,2,2,0,0.6666666666666666,0.0
405,3000,Exhaustive-Expanded,2,2,0,0.6666666666666666,0.0
405,3000,Random-25,0,0,0,0.0,0.0
405,3000,VeraDM-prior,1,1,0,0.3333333333333333,0.0
406,3000,Exhaustive-Expanded,2,2,0,0.6666666666666666,0.0
406,3000,Random-25,0,0,0,0.0,0.0
406,3000,VeraDM-prior,4,3,1,1.0,0.25
407,3000,Exhaustive-Expanded,3,3,0,1.0,0.0
407,3000,Random-25,0,0,0,0.0,0.0
407,3000,VeraDM-prior,3,2,1,0.6666666666666666,0.3333333333333333
408,3000,Exhaustive-Expanded,2,2,0,0.6666666666666666,0.0
408,3000,Random-25,0,0,0,0.0,0.0
408,3000,VeraDM-prior,3,3,0,1.0,0.0
409,3000,Exhaustive-Expanded,2,1,1,0.3333333333333333,0.5
409,3000,Random-25,0,0,0,0.0,0.0
409,3000,VeraDM-prior,0,0,0,0.0,0.0
410,3000,Exhaustive-Expanded,2,2,0,0.6666666666666666,0.0
410,3000,Random-25,0,0,0,0.0,0.0
410,3000,VeraDM-prior,4,3,1,1.0,0.25
411,3000,Exhaustive-Expanded,0,0,0,0.0,0.0
411,3000,Random-25,0,0,0,0.0,0.0
411,3000,VeraDM-prior,3,3,0,1.0,0.0
412,3000,Exhaustive-Expanded,2,2,0,0.6666666666666666,0.0
412,3000,Random-25,1,0,1,0.0,1.0
412,3000,VeraDM-prior,3,3,0,1.0,0.0
413,3000,Exhaustive-Expanded,3,3,0,1.0,0.0
413,3000,Random-25,0,0,0,0.0,0.0
413,3000,VeraDM-prior,3,3,0,1.0,0.0
414,3000,Exhaustive-Expanded,2,2,0,0.6666666666666666,0.0
414,3000,Random-25,0,0,0,0.0,0.0
414,3000,VeraDM-prior,3,3,0,1.0,0.0
415,3000,Exhaustive-Expanded,2,2,0,0.6666666666666666,0.0
415,3000,Random-25,0,0,0,0.0,0.0
415,3000,VeraDM-prior,1,1,0,0.3333333333333333,0.0
416,3000,Exhaustive-Expanded,5,3,2,1.0,0.4
416,3000,Random-25,0,0,0,0.0,0.0
416,3000,VeraDM-prior,3,3,0,1.0,0.0
417,3000,Exhaustive-Expanded,3,3,0,1.0,0.0
417,3000,Random-25,0,0,0,0.0,0.0
417,3000,VeraDM-prior,3,3,0,1.0,0.0
418,3000,Exhaustive-Expanded,2,2,0,0.6666666666666666,0.0
418,3000,Random-25,0,0,0,0.0,0.0
418,3000,VeraDM-prior,3,3,0,1.0,0.0
419,3000,Exhaustive-Expanded,1,1,0,0.3333333333333333,0.0
419,3000,Random-25,0,0,0,0.0,0.0
419,3000,VeraDM-prior,4,3,1,1.0,0.25
420,3000,Exhaustive-Expanded,3,3,0,1.0,0.0
420,3000,Random-25,0,0,0,0.0,0.0
420,3000,VeraDM-prior,3,3,0,1.0,0.0
421,3000,Exhaustive-Expanded,4,3,1,1.0,0.25
421,3000,Random-25,0,0,0,0.0,0.0
421,3000,VeraDM-prior,3,2,1,0.6666666666666666,0.3333333333333333
422,3000,Exhaustive-Expanded,4,3,1,1.0,0.25
422,3000,Random-25,0,0,0,0.0,0.0
422,3000,VeraDM-prior,2,2,0,0.6666666666666666,0.0
423,3000,Exhaustive-Expanded,2,2,0,0.6666666666666666,0.0
423,3000,Random-25,0,0,0,0.0,0.0
423,3000,VeraDM-prior,4,2,2,0.6666666666666666,0.5
424,3000,Exhaustive-Expanded,3,3,0,1.0,0.0
424,3000,Random-25,0,0,0,0.0,0.0
424,3000,VeraDM-prior,2,2,0,0.6666666666666666,0.0
425,3000,Exhaustive-Expanded,4,3,1,1.0,0.25
425,3000,Random-25,1,0,1,0.0,1.0
425,3000,VeraDM-prior,3,3,0,1.0,0.0
426,3000,Exhaustive-Expanded,3,2,1,0.6666666666666666,0.3333333333333333
426,3000,Random-25,0,0,0,0.0,0.0
426,3000,VeraDM-prior,3,3,0,1.0,0.0
427,3000,Exhaustive-Expanded,4,3,1,1.0,0.25
427,3000,Random-25,0,0,0,0.0,0.0
427,3000,VeraDM-prior,2,2,0,0.6666666666666666,0.0
428,3000,Exhaustive-Expanded,2,2,0,0.6666666666666666,0.0
428,3000,Random-25,0,0,0,0.0,0.0
428,3000,VeraDM-prior,3,3,0,1.0,0.0
429,3000,Exhaustive-Expanded,2,2,0,0.6666666666666666,0.0
429,3000,Random-25,0,0,0,0.0,0.0
429,3000,VeraDM-prior,3,3,0,1.0,0.0
430,3000,Exhaustive-Expanded,2,1,1,0.3333333333333333,0.5
430,3000,Random-25,0,0,0,0.0,0.0
430,3000,VeraDM-prior,3,3,0,1.0,0.0
431,3000,Exhaustive-Expanded,1,1,0,0.3333333333333333,0.0
431,3000,Random-25,0,0,0,0.0,0.0
431,3000,VeraDM-prior,5,3,2,1.0,0.4
432,3000,Exhaustive-Expanded,1,1,0,0.3333333333333333,0.0
432,3000,Random-25,0,0,0,0.0,0.0
432,3000,VeraDM-prior,2,2,0,0.6666666666666666,0.0
433,3000,Exhaustive-Expanded,3,3,0,1.0,0.0
433,3000,Random-25,0,0,0,0.0,0.0
433,3000,VeraDM-prior,4,3,1,1.0,0.25
434,3000,Exhaustive-Expanded,2,2,0,0.6666666666666666,0.0
434,3000,Random-25,0,0,0,0.0,0.0
434,3000,VeraDM-prior,3,3,0,1.0,0.0
435,3000,Exhaustive-Expanded,3,3,0,1.0,0.0
435,3000,Random-25,0,0,0,0.0,0.0
435,3000,VeraDM-prior,2,2,0,0.6666666666666666,0.0
436,3000,Exhaustive-Expanded,5,3,2,1.0,0.4
436,3000,Random-25,0,0,0,0.0,0.0
436,3000,VeraDM-prior,5,3,2,1.0,0.4
437,3000,Exhaustive-Expanded,3,3,0,1.0,0.0
437,3000,Random-25,0,0,0,0.0,0.0
437,3000,VeraDM-prior,2,2,0,0.6666666666666666,0.0
438,3000,Exhaustive-Expanded,3,3,0,1.0,0.0
438,3000,Random-25,0,0,0,0.0,0.0
438,3000,VeraDM-prior,2,2,0,0.6666666666666666,0.0
439,3000,Exhaustive-Expanded,2,2,0,0.6666666666666666,0.0
439,3000,Random-25,0,0,0,0.0,0.0
439,3000,VeraDM-prior,3,3,0,1.0,0.0
440,3000,Exhaustive-Expanded,2,2,0,0.6666666666666666,0.0
440,3000,Random-25,0,0,0,0.0,0.0
440,3000,VeraDM-prior,3,3,0,1.0,0.0
441,3000,Exhaustive-Expanded,4,3,1,1.0,0.25
441,3000,Random-25,0,0,0,0.0,0.0
441,3000,VeraDM-prior,3,3,0,1.0,0.0
442,3000,Exhaustive-Expanded,3,1,2,0.3333333333333333,0.6666666666666666
442,3000,Random-25,0,0,0,0.0,0.0
442,3000,VeraDM-prior,2,2,0,0.6666666666666666,0.0
443,3000,Exhaustive-Expanded,3,3,0,1.0,0.0
443,3000,Random-25,0,0,0,0.0,0.0
443,3000,VeraDM-prior,3,3,0,1.0,0.0
444,3000,Exhaustive-Expanded,4,3,1,1.0,0.25
444,3000,Random-25,0,0,0,0.0,0.0
444,3000,VeraDM-prior,4,3,1,1.0,0.25
445,3000,Exhaustive-Expanded,3,2,1,0.6666666666666666,0.3333333333333333
445,3000,Random-25,0,0,0,0.0,0.0
445,3000,VeraDM-prior,4,3,1,1.0,0.25
446,3000,Exhaustive-Expanded,1,1,0,0.3333333333333333,0.0
446,3000,Random-25,0,0,0,0.0,0.0
446,3000,VeraDM-prior,4,3,1,1.0,0.25
447,3000,Exhaustive-Expanded,1,1,0,0.3333333333333333,0.0
447,3000,Random-25,0,0,0,0.0,0.0
447,3000,VeraDM-prior,3,3,0,1.0,0.0
448,3000,Exhaustive-Expanded,3,3,0,1.0,0.0
448,3000,Random-25,0,0,0,0.0,0.0
448,3000,VeraDM-prior,2,2,0,0.6666666666666666,0.0
449,3000,Exhaustive-Expanded,3,3,0,1.0,0.0
449,3000,Random-25,0,0,0,0.0,0.0
449,3000,VeraDM-prior,2,2,0,0.6666666666666666,0.0
450,3000,Exhaustive-Expanded,5,3,2,1.0,0.4
450,3000,Random-25,0,0,0,0.0,0.0
450,3000,VeraDM-prior,1,1,0,0.3333333333333333,0.0
451,3000,Exhaustive-Expanded,3,3,0,1.0,0.0
451,3000,Random-25,0,0,0,0.0,0.0
451,3000,VeraDM-prior,2,2,0,0.6666666666666666,0.0
452,3000,Exhaustive-Expanded,0,0,0,0.0,0.0
452,3000,Random-25,0,0,0,0.0,0.0
452,3000,VeraDM-prior,3,3,0,1.0,0.0
453,3000,Exhaustive-Expanded,4,2,2,0.6666666666666666,0.5
453,3000,Random-25,0,0,0,0.0,0.0
453,3000,VeraDM-prior,3,3,0,1.0,0.0
454,3000,Exhaustive-Expanded,3,2,1,0.6666666666666666,0.3333333333333333
454,3000,Random-25,0,0,0,0.0,0.0
454,3000,VeraDM-prior,1,1,0,0.3333333333333333,0.0
455,3000,Exhaustive-Expanded,3,2,1,0.6666666666666666,0.3333333333333333
455,3000,Random-25,0,0,0,0.0,0.0
455,3000,VeraDM-prior,3,2,1,0.6666666666666666,0.3333333333333333
456,3000,Exhaustive-Expanded,3,3,0,1.0,0.0
456,3000,Random-25,1,0,1,0.0,1.0
456,3000,VeraDM-prior,3,3,0,1.0,0.0
457,3000,Exhaustive-Expanded,3,2,1,0.6666666666666666,0.3333333333333333
457,3000,Random-25,0,0,0,0.0,0.0
457,3000,VeraDM-prior,5,3,2,1.0,0.4
458,3000,Exhaustive-Expanded,2,2,0,0.6666666666666666,0.0
458,3000,Random-25,0,0,0,0.0,0.0
458,3000,VeraDM-prior,6,3,3,1.0,0.5
459,3000,Exhaustive-Expanded,1,1,0,0.3333333333333333,0.0
459,3000,Random-25,1,0,1,0.0,1.0
459,3000,VeraDM-prior,2,2,0,0.6666666666666666,0.0
460,3000,Exhaustive-Expanded,4,3,1,1.0,0.25
460,3000,Random-25,0,0,0,0.0,0.0
460,3000,VeraDM-prior,4,3,1,1.0,0.25
461,3000,Exhaustive-Expanded,1,1,0,0.3333333333333333,0.0
461,3000,Random-25,0,0,0,0.0,0.0
461,3000,VeraDM-prior,3,3,0,1.0,0.0
462,3000,Exhaustive-Expanded,2,2,0,0.6666666666666666,0.0
462,3000,Random-25,1,0,1,0.0,1.0
462,3000,VeraDM-prior,3,3,0,1.0,0.0
463,3000,Exhaustive-Expanded,4,2,2,0.6666666666666666,0.5
463,3000,Random-25,0,0,0,0.0,0.0
463,3000,VeraDM-prior,1,1,0,0.3333333333333333,0.0
464,3000,Exhaustive-Expanded,3,3,0,1.0,0.0
464,3000,Random-25,0,0,0,0.0,0.0
464,3000,VeraDM-prior,1,1,0,0.3333333333333333,0.0
465,3000,Exhaustive-Expanded,1,1,0,0.3333333333333333,0.0
465,3000,Random-25,0,0,0,0.0,0.0
465,3000,VeraDM-prior,5,3,2,1.0,0.4
466,3000,Exhaustive-Expanded,3,3,0,1.0,0.0
466,3000,Random-25,0,0,0,0.0,0.0
466,3000,VeraDM-prior,3,3,0,1.0,0.0
467,3000,Exhaustive-Expanded,2,2,0,0.6666666666666666,0.0
467,3000,Random-25,0,0,0,0.0,0.0
467,3000,VeraDM-prior,3,3,0,1.0,0.0
468,3000,Exhaustive-Expanded,4,3,1,1.0,0.25
468,3000,Random-25,0,0,0,0.0,0.0
468,3000,VeraDM-prior,3,3,0,1.0,0.0
469,3000,Exhaustive-Expanded,1,1,0,0.3333333333333333,0.0
469,3000,Random-25,0,0,0,0.0,0.0
469,3000,VeraDM-prior,2,2,0,0.6666666666666666,0.0
470,3000,Exhaustive-Expanded,2,2,0,0.6666666666666666,0.0
470,3000,Random-25,0,0,0,0.0,0.0
470,3000,VeraDM-prior,3,3,0,1.0,0.0
471,3000,Exhaustive-Expanded,2,2,0,0.6666666666666666,0.0
471,3000,Random-25,0,0,0,0.0,0.0
471,3000,VeraDM-prior,2,2,0,0.6666666666666666,0.0
472,3000,Exhaustive-Expanded,3,3,0,1.0,0.0
472,3000,Random-25,0,0,0,0.0,0.0
472,3000,VeraDM-prior,3,3,0,1.0,0.0
473,3000,Exhaustive-Expanded,4,3,1,1.0,0.25
473,3000,Random-25,0,0,0,0.0,0.0
473,3000,VeraDM-prior,3,3,0,1.0,0.0
474,3000,Exhaustive-Expanded,2,2,0,0.6666666666666666,0.0
474,3000,Random-25,0,0,0,0.0,0.0
474,3000,VeraDM-prior,3,3,0,1.0,0.0
475,3000,Exhaustive-Expanded,3,3,0,1.0,0.0
475,3000,Random-25,0,0,0,0.0,0.0
475,3000,VeraDM-prior,1,1,0,0.3333333333333333,0.0
476,3000,Exhaustive-Expanded,3,2,1,0.6666666666666666,0.3333333333333333
476,3000,Random-25,2,0,2,0.0,1.0
476,3000,VeraDM-prior,1,1,0,0.3333333333333333,0.0
477,3000,Exhaustive-Expanded,2,2,0,0.6666666666666666,0.0
477,3000,Random-25,0,0,0,0.0,0.0
477,3000,VeraDM-prior,3,2,1,0.6666666666666666,0.3333333333333333
478,3000,Exhaustive-Expanded,1,1,0,0.3333333333333333,0.0
478,3000,Random-25,0,0,0,0.0,0.0
478,3000,VeraDM-prior,4,3,1,1.0,0.25
479,3000,Exhaustive-Expanded,2,2,0,0.6666666666666666,0.0
479,3000,Random-25,0,0,0,0.0,0.0
479,3000,VeraDM-prior,6,3,3,1.0,0.5
480,3000,Exhaustive-Expanded,3,3,0,1.0,0.0
480,3000,Random-25,0,0,0,0.0,0.0
480,3000,VeraDM-prior,1,1,0,0.3333333333333333,0.0
481,3000,Exhaustive-Expanded,5,3,2,1.0,0.4
481,3000,Random-25,0,0,0,0.0,0.0
481,3000,VeraDM-prior,2,2,0,0.6666666666666666,0.0
482,3000,Exhaustive-Expanded,0,0,0,0.0,0.0
482,3000,Random-25,0,0,0,0.0,0.0
482,3000,VeraDM-prior,2,2,0,0.6666666666666666,0.0
483,3000,Exhaustive-Expanded,1,1,0,0.3333333333333333,0.0
483,3000,Random-25,0,0,0,0.0,0.0
483,3000,VeraDM-prior,3,2,1,0.6666666666666666,0.3333333333333333
484,3000,Exhaustive-Expanded,4,2,2,0.6666666666666666,0.5
484,3000,Random-25,0,0,0,0.0,0.0
484,3000,VeraDM-prior,2,2,0,0.6666666666666666,0.0
485,3000,Exhaustive-Expanded,0,0,0,0.0,0.0
485,3000,Random-25,1,0,1,0.0,1.0
485,3000,VeraDM-prior,2,2,0,0.6666666666666666,0.0
486,3000,Exhaustive-Expanded,3,3,0,1.0,0.0
486,3000,Random-25,0,0,0,0.0,0.0
486,3000,VeraDM-prior,3,3,0,1.0,0.0
487,3000,Exhaustive-Expanded,3,3,0,1.0,0.0
487,3000,Random-25,0,0,0,0.0,0.0
487,3000,VeraDM-prior,2,2,0,0.6666666666666666,0.0
488,3000,Exhaustive-Expanded,3,3,0,1.0,0.0
488,3000,Random-25,0,0,0,0.0,0.0
488,3000,VeraDM-prior,2,2,0,0.6666666666666666,0.0
489,3000,Exhaustive-Expanded,3,3,0,1.0,0.0
489,3000,Random-25,0,0,0,0.0,0.0
489,3000,VeraDM-prior,2,2,0,0.6666666666666666,0.0
490,3000,Exhaustive-Expanded,1,1,0,0.3333333333333333,0.0
490,3000,Random-25,1,0,1,0.0,1.0
490,3000,VeraDM-prior,2,2,0,0.6666666666666666,0.0
491,3000,Exhaustive-Expanded,2,2,0,0.6666666666666666,0.0
491,3000,Random-25,0,0,0,0.0,0.0
491,3000,VeraDM-prior,1,1,0,0.3333333333333333,0.0
492,3000,Exhaustive-Expanded,2,1,1,0.3333333333333333,0.5
492,3000,Random-25,0,0,0,0.0,0.0
492,3000,VeraDM-prior,4,3,1,1.0,0.25
493,3000,Exhaustive-Expanded,1,1,0,0.3333333333333333,0.0
493,3000,Random-25,0,0,0,0.0,0.0
493,3000,VeraDM-prior,4,3,1,1.0,0.25
494,3000,Exhaustive-Expanded,4,2,2,0.6666666666666666,0.5
494,3000,Random-25,0,0,0,0.0,0.0
494,3000,VeraDM-prior,1,1,0,0.3333333333333333,0.0
495,3000,Exhaustive-Expanded,4,2,2,0.6666666666666666,0.5
495,3000,Random-25,0,0,0,0.0,0.0
495,3000,VeraDM-prior,3,3,0,1.0,0.0
496,3000,Exhaustive-Expanded,1,1,0,0.3333333333333333,0.0
496,3000,Random-25,0,0,0,0.0,0.0
496,3000,VeraDM-prior,2,2,0,0.6666666666666666,0.0
497,3000,Exhaustive-Expanded,3,3,0,1.0,0.0
497,3000,Random-25,0,0,0,0.0,0.0
497,3000,VeraDM-prior,3,3,0,1.0,0.0
498,3000,Exhaustive-Expanded,3,2,1,0.6666666666666666,0.3333333333333333
498,3000,Random-25,0,0,0,0.0,0.0
498,3000,VeraDM-prior,3,3,0,1.0,0.0
499,3000,Exhaustive-Expanded,2,2,0,0.6666666666666666,0.0
499,3000,Random-25,1,0,1,0.0,1.0
499,3000,VeraDM-prior,4,3,1,1.0,0.25
0,10000,Exhaustive-Expanded,2,2,0,0.6666666666666666,0.0
0,10000,Random-25,0,0,0,0.0,0.0
0,10000,VeraDM-prior,5,3,2,1.0,0.4
1,10000,Exhaustive-Expanded,1,1,0,0.3333333333333333,0.0
1,10000,Random-25,0,0,0,0.0,0.0
1,10000,VeraDM-prior,4,3,1,1.0,0.25
2,10000,Exhaustive-Expanded,3,2,1,0.6666666666666666,0.3333333333333333
2,10000,Random-25,0,0,0,0.0,0.0
2,10000,VeraDM-prior,2,2,0,0.6666666666666666,0.0
3,10000,Exhaustive-Expanded,4,2,2,0.6666666666666666,0.5
3,10000,Random-25,0,0,0,0.0,0.0
3,10000,VeraDM-prior,5,3,2,1.0,0.4
4,10000,Exhaustive-Expanded,3,2,1,0.6666666666666666,0.3333333333333333
4,10000,Random-25,0,0,0,0.0,0.0
4,10000,VeraDM-prior,3,3,0,1.0,0.0
5,10000,Exhaustive-Expanded,1,1,0,0.3333333333333333,0.0
5,10000,Random-25,0,0,0,0.0,0.0
5,10000,VeraDM-prior,3,3,0,1.0,0.0
6,10000,Exhaustive-Expanded,3,3,0,1.0,0.0
6,10000,Random-25,0,0,0,0.0,0.0
6,10000,VeraDM-prior,3,3,0,1.0,0.0
7,10000,Exhaustive-Expanded,4,3,1,1.0,0.25
7,10000,Random-25,0,0,0,0.0,0.0
7,10000,VeraDM-prior,3,3,0,1.0,0.0
8,10000,Exhaustive-Expanded,3,3,0,1.0,0.0
8,10000,Random-25,0,0,0,0.0,0.0
8,10000,VeraDM-prior,3,3,0,1.0,0.0
9,10000,Exhaustive-Expanded,3,3,0,1.0,0.0
9,10000,Random-25,0,0,0,0.0,0.0
9,10000,VeraDM-prior,2,2,0,0.6666666666666666,0.0
10,10000,Exhaustive-Expanded,0,0,0,0.0,0.0
10,10000,Random-25,0,0,0,0.0,0.0
10,10000,VeraDM-prior,4,3,1,1.0,0.25
11,10000,Exhaustive-Expanded,1,1,0,0.3333333333333333,0.0
11,10000,Random-25,0,0,0,0.0,0.0
11,10000,VeraDM-prior,3,3,0,1.0,0.0
12,10000,Exhaustive-Expanded,1,1,0,0.3333333333333333,0.0
12,10000,Random-25,0,0,0,0.0,0.0
12,10000,VeraDM-prior,3,3,0,1.0,0.0
13,10000,Exhaustive-Expanded,4,3,1,1.0,0.25
13,10000,Random-25,0,0,0,0.0,0.0
13,10000,VeraDM-prior,3,3,0,1.0,0.0
14,10000,Exhaustive-Expanded,4,3,1,1.0,0.25
14,10000,Random-25,0,0,0,0.0,0.0
14,10000,VeraDM-prior,2,2,0,0.6666666666666666,0.0
15,10000,Exhaustive-Expanded,4,3,1,1.0,0.25
15,10000,Random-25,0,0,0,0.0,0.0
15,10000,VeraDM-prior,3,3,0,1.0,0.0
16,10000,Exhaustive-Expanded,3,3,0,1.0,0.0
16,10000,Random-25,0,0,0,0.0,0.0
16,10000,VeraDM-prior,4,3,1,1.0,0.25
17,10000,Exhaustive-Expanded,1,1,0,0.3333333333333333,0.0
17,10000,Random-25,0,0,0,0.0,0.0
17,10000,VeraDM-prior,3,3,0,1.0,0.0
18,10000,Exhaustive-Expanded,0,0,0,0.0,0.0
18,10000,Random-25,0,0,0,0.0,0.0
18,10000,VeraDM-prior,3,2,1,0.6666666666666666,0.3333333333333333
19,10000,Exhaustive-Expanded,2,2,0,0.6666666666666666,0.0
19,10000,Random-25,0,0,0,0.0,0.0
19,10000,VeraDM-prior,2,2,0,0.6666666666666666,0.0
20,10000,Exhaustive-Expanded,1,1,0,0.3333333333333333,0.0
20,10000,Random-25,0,0,0,0.0,0.0
20,10000,VeraDM-prior,2,2,0,0.6666666666666666,0.0
21,10000,Exhaustive-Expanded,3,2,1,0.6666666666666666,0.3333333333333333
21,10000,Random-25,0,0,0,0.0,0.0
21,10000,VeraDM-prior,3,3,0,1.0,0.0
22,10000,Exhaustive-Expanded,0,0,0,0.0,0.0
22,10000,Random-25,0,0,0,0.0,0.0
22,10000,VeraDM-prior,3,3,0,1.0,0.0
23,10000,Exhaustive-Expanded,2,2,0,0.6666666666666666,0.0
23,10000,Random-25,0,0,0,0.0,0.0
23,10000,VeraDM-prior,3,2,1,0.6666666666666666,0.3333333333333333
24,10000,Exhaustive-Expanded,1,1,0,0.3333333333333333,0.0
24,10000,Random-25,0,0,0,0.0,0.0
24,10000,VeraDM-prior,3,3,0,1.0,0.0
25,10000,Exhaustive-Expanded,1,1,0,0.3333333333333333,0.0
25,10000,Random-25,0,0,0,0.0,0.0
25,10000,VeraDM-prior,3,3,0,1.0,0.0
26,10000,Exhaustive-Expanded,2,2,0,0.6666666666666666,0.0
26,10000,Random-25,0,0,0,0.0,0.0
26,10000,VeraDM-prior,3,3,0,1.0,0.0
27,10000,Exhaustive-Expanded,2,2,0,0.6666666666666666,0.0
27,10000,Random-25,0,0,0,0.0,0.0
27,10000,VeraDM-prior,3,2,1,0.6666666666666666,0.3333333333333333
28,10000,Exhaustive-Expanded,2,2,0,0.6666666666666666,0.0
28,10000,Random-25,0,0,0,0.0,0.0
28,10000,VeraDM-prior,4,3,1,1.0,0.25
29,10000,Exhaustive-Expanded,1,1,0,0.3333333333333333,0.0
29,10000,Random-25,0,0,0,0.0,0.0
29,10000,VeraDM-prior,4,3,1,1.0,0.25
30,10000,Exhaustive-Expanded,1,1,0,0.3333333333333333,0.0
30,10000,Random-25,0,0,0,0.0,0.0
30,10000,VeraDM-prior,2,2,0,0.6666666666666666,0.0
31,10000,Exhaustive-Expanded,1,1,0,0.3333333333333333,0.0
31,10000,Random-25,1,0,1,0.0,1.0
31,10000,VeraDM-prior,2,2,0,0.6666666666666666,0.0
32,10000,Exhaustive-Expanded,3,3,0,1.0,0.0
32,10000,Random-25,0,0,0,0.0,0.0
32,10000,VeraDM-prior,3,2,1,0.6666666666666666,0.3333333333333333
33,10000,Exhaustive-Expanded,4,3,1,1.0,0.25
33,10000,Random-25,0,0,0,0.0,0.0
33,10000,VeraDM-prior,3,3,0,1.0,0.0
34,10000,Exhaustive-Expanded,0,0,0,0.0,0.0
34,10000,Random-25,0,0,0,0.0,0.0
34,10000,VeraDM-prior,2,2,0,0.6666666666666666,0.0
35,10000,Exhaustive-Expanded,4,3,1,1.0,0.25
35,10000,Random-25,0,0,0,0.0,0.0
35,10000,VeraDM-prior,4,2,2,0.6666666666666666,0.5
36,10000,Exhaustive-Expanded,0,0,0,0.0,0.0
36,10000,Random-25,0,0,0,0.0,0.0
36,10000,VeraDM-prior,2,2,0,0.6666666666666666,0.0
37,10000,Exhaustive-Expanded,0,0,0,0.0,0.0
37,10000,Random-25,0,0,0,0.0,0.0
37,10000,VeraDM-prior,3,3,0,1.0,0.0
38,10000,Exhaustive-Expanded,4,3,1,1.0,0.25
38,10000,Random-25,1,0,1,0.0,1.0
38,10000,VeraDM-prior,3,3,0,1.0,0.0
39,10000,Exhaustive-Expanded,3,2,1,0.6666666666666666,0.3333333333333333
39,10000,Random-25,0,0,0,0.0,0.0
39,10000,VeraDM-prior,2,2,0,0.6666666666666666,0.0
40,10000,Exhaustive-Expanded,2,2,0,0.6666666666666666,0.0
40,10000,Random-25,0,0,0,0.0,0.0
40,10000,VeraDM-prior,3,3,0,1.0,0.0
41,10000,Exhaustive-Expanded,3,3,0,1.0,0.0
41,10000,Random-25,0,0,0,0.0,0.0
41,10000,VeraDM-prior,4,3,1,1.0,0.25
42,10000,Exhaustive-Expanded,0,0,0,0.0,0.0
42,10000,Random-25,0,0,0,0.0,0.0
42,10000,VeraDM-prior,4,3,1,1.0,0.25
43,10000,Exhaustive-Expanded,2,2,0,0.6666666666666666,0.0
43,10000,Random-25,0,0,0,0.0,0.0
43,10000,VeraDM-prior,3,3,0,1.0,0.0
44,10000,Exhaustive-Expanded,1,1,0,0.3333333333333333,0.0
44,10000,Random-25,0,0,0,0.0,0.0
44,10000,VeraDM-prior,3,3,0,1.0,0.0
45,10000,Exhaustive-Expanded,0,0,0,0.0,0.0
45,10000,Random-25,1,1,0,0.3333333333333333,0.0
45,10000,VeraDM-prior,2,2,0,0.6666666666666666,0.0
46,10000,Exhaustive-Expanded,1,1,0,0.3333333333333333,0.0
46,10000,Random-25,0,0,0,0.0,0.0
46,10000,VeraDM-prior,3,3,0,1.0,0.0
47,10000,Exhaustive-Expanded,3,3,0,1.0,0.0
47,10000,Random-25,0,0,0,0.0,0.0
47,10000,VeraDM-prior,2,2,0,0.6666666666666666,0.0
48,10000,Exhaustive-Expanded,2,2,0,0.6666666666666666,0.0
48,10000,Random-25,0,0,0,0.0,0.0
48,10000,VeraDM-prior,3,3,0,1.0,0.0
49,10000,Exhaustive-Expanded,2,2,0,0.6666666666666666,0.0
49,10000,Random-25,1,0,1,0.0,1.0
49,10000,VeraDM-prior,2,2,0,0.6666666666666666,0.0
50,10000,Exhaustive-Expanded,0,0,0,0.0,0.0
50,10000,Random-25,0,0,0,0.0,0.0
50,10000,VeraDM-prior,2,2,0,0.6666666666666666,0.0
51,10000,Exhaustive-Expanded,3,3,0,1.0,0.0
51,10000,Random-25,0,0,0,0.0,0.0
51,10000,VeraDM-prior,2,2,0,0.6666666666666666,0.0
52,10000,Exhaustive-Expanded,0,0,0,0.0,0.0
52,10000,Random-25,0,0,0,0.0,0.0
52,10000,VeraDM-prior,7,2,5,0.6666666666666666,0.7142857142857143
53,10000,Exhaustive-Expanded,2,2,0,0.6666666666666666,0.0
53,10000,Random-25,0,0,0,0.0,0.0
53,10000,VeraDM-prior,4,2,2,0.6666666666666666,0.5
54,10000,Exhaustive-Expanded,2,2,0,0.6666666666666666,0.0
54,10000,Random-25,0,0,0,0.0,0.0
54,10000,VeraDM-prior,3,2,1,0.6666666666666666,0.3333333333333333
55,10000,Exhaustive-Expanded,1,1,0,0.3333333333333333,0.0
55,10000,Random-25,0,0,0,0.0,0.0
55,10000,VeraDM-prior,2,2,0,0.6666666666666666,0.0
56,10000,Exhaustive-Expanded,1,1,0,0.3333333333333333,0.0
56,10000,Random-25,0,0,0,0.0,0.0
56,10000,VeraDM-prior,2,2,0,0.6666666666666666,0.0
57,10000,Exhaustive-Expanded,2,2,0,0.6666666666666666,0.0
57,10000,Random-25,0,0,0,0.0,0.0
57,10000,VeraDM-prior,2,2,0,0.6666666666666666,0.0
58,10000,Exhaustive-Expanded,2,2,0,0.6666666666666666,0.0
58,10000,Random-25,0,0,0,0.0,0.0
58,10000,VeraDM-prior,2,2,0,0.6666666666666666,0.0
59,10000,Exhaustive-Expanded,2,2,0,0.6666666666666666,0.0
59,10000,Random-25,0,0,0,0.0,0.0
59,10000,VeraDM-prior,3,3,0,1.0,0.0
60,10000,Exhaustive-Expanded,3,3,0,1.0,0.0
60,10000,Random-25,0,0,0,0.0,0.0
60,10000,VeraDM-prior,4,3,1,1.0,0.25
61,10000,Exhaustive-Expanded,2,1,1,0.3333333333333333,0.5
61,10000,Random-25,0,0,0,0.0,0.0
61,10000,VeraDM-prior,3,3,0,1.0,0.0
62,10000,Exhaustive-Expanded,3,3,0,1.0,0.0
62,10000,Random-25,0,0,0,0.0,0.0
62,10000,VeraDM-prior,4,3,1,1.0,0.25
63,10000,Exhaustive-Expanded,1,1,0,0.3333333333333333,0.0
63,10000,Random-25,1,0,1,0.0,1.0
63,10000,VeraDM-prior,2,2,0,0.6666666666666666,0.0
64,10000,Exhaustive-Expanded,2,1,1,0.3333333333333333,0.5
64,10000,Random-25,0,0,0,0.0,0.0
64,10000,VeraDM-prior,3,2,1,0.6666666666666666,0.3333333333333333
65,10000,Exhaustive-Expanded,2,2,0,0.6666666666666666,0.0
65,10000,Random-25,0,0,0,0.0,0.0
65,10000,VeraDM-prior,4,3,1,1.0,0.25
66,10000,Exhaustive-Expanded,5,3,2,1.0,0.4
66,10000,Random-25,0,0,0,0.0,0.0
66,10000,VeraDM-prior,1,1,0,0.3333333333333333,0.0
67,10000,Exhaustive-Expanded,3,3,0,1.0,0.0
67,10000,Random-25,0,0,0,0.0,0.0
67,10000,VeraDM-prior,2,2,0,0.6666666666666666,0.0
68,10000,Exhaustive-Expanded,3,2,1,0.6666666666666666,0.3333333333333333
68,10000,Random-25,0,0,0,0.0,0.0
68,10000,VeraDM-prior,3,3,0,1.0,0.0
69,10000,Exhaustive-Expanded,3,3,0,1.0,0.0
69,10000,Random-25,0,0,0,0.0,0.0
69,10000,VeraDM-prior,3,3,0,1.0,0.0
70,10000,Exhaustive-Expanded,3,3,0,1.0,0.0
70,10000,Random-25,0,0,0,0.0,0.0
70,10000,VeraDM-prior,3,3,0,1.0,0.0
71,10000,Exhaustive-Expanded,0,0,0,0.0,0.0
71,10000,Random-25,0,0,0,0.0,0.0
71,10000,VeraDM-prior,5,3,2,1.0,0.4
72,10000,Exhaustive-Expanded,2,2,0,0.6666666666666666,0.0
72,10000,Random-25,0,0,0,0.0,0.0
72,10000,VeraDM-prior,3,3,0,1.0,0.0
73,10000,Exhaustive-Expanded,2,2,0,0.6666666666666666,0.0
73,10000,Random-25,0,0,0,0.0,0.0
73,10000,VeraDM-prior,1,1,0,0.3333333333333333,0.0
74,10000,Exhaustive-Expanded,3,3,0,1.0,0.0
74,10000,Random-25,0,0,0,0.0,0.0
74,10000,VeraDM-prior,3,3,0,1.0,0.0
75,10000,Exhaustive-Expanded,1,1,0,0.3333333333333333,0.0
75,10000,Random-25,0,0,0,0.0,0.0
75,10000,VeraDM-prior,2,2,0,0.6666666666666666,0.0
76,10000,Exhaustive-Expanded,3,3,0,1.0,0.0
76,10000,Random-25,0,0,0,0.0,0.0
76,10000,VeraDM-prior,5,3,2,1.0,0.4
77,10000,Exhaustive-Expanded,2,2,0,0.6666666666666666,0.0
77,10000,Random-25,0,0,0,0.0,0.0
77,10000,VeraDM-prior,4,3,1,1.0,0.25
78,10000,Exhaustive-Expanded,1,1,0,0.3333333333333333,0.0
78,10000,Random-25,0,0,0,0.0,0.0
78,10000,VeraDM-prior,2,1,1,0.3333333333333333,0.5
79,10000,Exhaustive-Expanded,4,3,1,1.0,0.25
79,10000,Random-25,0,0,0,0.0,0.0
79,10000,VeraDM-prior,2,2,0,0.6666666666666666,0.0
80,10000,Exhaustive-Expanded,1,1,0,0.3333333333333333,0.0
80,10000,Random-25,0,0,0,0.0,0.0
80,10000,VeraDM-prior,2,2,0,0.6666666666666666,0.0
81,10000,Exhaustive-Expanded,2,2,0,0.6666666666666666,0.0
81,10000,Random-25,0,0,0,0.0,0.0
81,10000,VeraDM-prior,3,2,1,0.6666666666666666,0.3333333333333333
82,10000,Exhaustive-Expanded,2,2,0,0.6666666666666666,0.0
82,10000,Random-25,0,0,0,0.0,0.0
82,10000,VeraDM-prior,3,3,0,1.0,0.0
83,10000,Exhaustive-Expanded,2,2,0,0.6666666666666666,0.0
83,10000,Random-25,0,0,0,0.0,0.0
83,10000,VeraDM-prior,3,3,0,1.0,0.0
84,10000,Exhaustive-Expanded,1,1,0,0.3333333333333333,0.0
84,10000,Random-25,1,0,1,0.0,1.0
84,10000,VeraDM-prior,2,2,0,0.6666666666666666,0.0
85,10000,Exhaustive-Expanded,2,2,0,0.6666666666666666,0.0
85,10000,Random-25,0,0,0,0.0,0.0
85,10000,VeraDM-prior,3,3,0,1.0,0.0
86,10000,Exhaustive-Expanded,2,2,0,0.6666666666666666,0.0
86,10000,Random-25,0,0,0,0.0,0.0
86,10000,VeraDM-prior,5,3,2,1.0,0.4
87,10000,Exhaustive-Expanded,2,2,0,0.6666666666666666,0.0
87,10000,Random-25,0,0,0,0.0,0.0
87,10000,VeraDM-prior,2,2,0,0.6666666666666666,0.0
88,10000,Exhaustive-Expanded,3,3,0,1.0,0.0
88,10000,Random-25,0,0,0,0.0,0.0
88,10000,VeraDM-prior,3,3,0,1.0,0.0
89,10000,Exhaustive-Expanded,3,0,3,0.0,1.0
89,10000,Random-25,0,0,0,0.0,0.0
89,10000,VeraDM-prior,3,2,1,0.6666666666666666,0.3333333333333333
90,10000,Exhaustive-Expanded,1,1,0,0.3333333333333333,0.0
90,10000,Random-25,0,0,0,0.0,0.0
90,10000,VeraDM-prior,3,3,0,1.0,0.0
91,10000,Exhaustive-Expanded,4,3,1,1.0,0.25
91,10000,Random-25,0,0,0,0.0,0.0
91,10000,VeraDM-prior,4,3,1,1.0,0.25
92,10000,Exhaustive-Expanded,2,2,0,0.6666666666666666,0.0
92,10000,Random-25,0,0,0,0.0,0.0
92,10000,VeraDM-prior,3,2,1,0.6666666666666666,0.3333333333333333
93,10000,Exhaustive-Expanded,3,3,0,1.0,0.0
93,10000,Random-25,0,0,0,0.0,0.0
93,10000,VeraDM-prior,3,3,0,1.0,0.0
94,10000,Exhaustive-Expanded,2,1,1,0.3333333333333333,0.5
94,10000,Random-25,1,0,1,0.0,1.0
94,10000,VeraDM-prior,3,3,0,1.0,0.0
95,10000,Exhaustive-Expanded,3,3,0,1.0,0.0
95,10000,Random-25,0,0,0,0.0,0.0
95,10000,VeraDM-prior,3,3,0,1.0,0.0
96,10000,Exhaustive-Expanded,2,2,0,0.6666666666666666,0.0
96,10000,Random-25,0,0,0,0.0,0.0
96,10000,VeraDM-prior,3,3,0,1.0,0.0
97,10000,Exhaustive-Expanded,3,3,0,1.0,0.0
97,10000,Random-25,0,0,0,0.0,0.0
97,10000,VeraDM-prior,4,3,1,1.0,0.25
98,10000,Exhaustive-Expanded,3,3,0,1.0,0.0
98,10000,Random-25,1,0,1,0.0,1.0
98,10000,VeraDM-prior,1,1,0,0.3333333333333333,0.0
99,10000,Exhaustive-Expanded,1,1,0,0.3333333333333333,0.0
99,10000,Random-25,1,0,1,0.0,1.0
99,10000,VeraDM-prior,3,3,0,1.0,0.0
100,10000,Exhaustive-Expanded,4,2,2,0.6666666666666666,0.5
100,10000,Random-25,0,0,0,0.0,0.0
100,10000,VeraDM-prior,3,3,0,1.0,0.0
101,10000,Exhaustive-Expanded,3,3,0,1.0,0.0
101,10000,Random-25,0,0,0,0.0,0.0
101,10000,VeraDM-prior,4,3,1,1.0,0.25
102,10000,Exhaustive-Expanded,2,2,0,0.6666666666666666,0.0
102,10000,Random-25,1,0,1,0.0,1.0
102,10000,VeraDM-prior,3,2,1,0.6666666666666666,0.3333333333333333
103,10000,Exhaustive-Expanded,2,2,0,0.6666666666666666,0.0
103,10000,Random-25,0,0,0,0.0,0.0
103,10000,VeraDM-prior,3,3,0,1.0,0.0
104,10000,Exhaustive-Expanded,4,3,1,1.0,0.25
104,10000,Random-25,0,0,0,0.0,0.0
104,10000,VeraDM-prior,3,3,0,1.0,0.0
105,10000,Exhaustive-Expanded,3,3,0,1.0,0.0
105,10000,Random-25,0,0,0,0.0,0.0
105,10000,VeraDM-prior,2,2,0,0.6666666666666666,0.0
106,10000,Exhaustive-Expanded,2,2,0,0.6666666666666666,0.0
106,10000,Random-25,0,0,0,0.0,0.0
106,10000,VeraDM-prior,3,3,0,1.0,0.0
107,10000,Exhaustive-Expanded,1,1,0,0.3333333333333333,0.0
107,10000,Random-25,0,0,0,0.0,0.0
107,10000,VeraDM-prior,3,3,0,1.0,0.0
108,10000,Exhaustive-Expanded,3,2,1,0.6666666666666666,0.3333333333333333
108,10000,Random-25,0,0,0,0.0,0.0
108,10000,VeraDM-prior,3,3,0,1.0,0.0
109,10000,Exhaustive-Expanded,3,2,1,0.6666666666666666,0.3333333333333333
109,10000,Random-25,0,0,0,0.0,0.0
109,10000,VeraDM-prior,4,3,1,1.0,0.25
110,10000,Exhaustive-Expanded,2,2,0,0.6666666666666666,0.0
110,10000,Random-25,1,0,1,0.0,1.0
110,10000,VeraDM-prior,3,3,0,1.0,0.0
111,10000,Exhaustive-Expanded,1,1,0,0.3333333333333333,0.0
111,10000,Random-25,0,0,0,0.0,0.0
111,10000,VeraDM-prior,2,2,0,0.6666666666666666,0.0
112,10000,Exhaustive-Expanded,0,0,0,0.0,0.0
112,10000,Random-25,0,0,0,0.0,0.0
112,10000,VeraDM-prior,3,3,0,1.0,0.0
113,10000,Exhaustive-Expanded,4,2,2,0.6666666666666666,0.5
113,10000,Random-25,0,0,0,0.0,0.0
113,10000,VeraDM-prior,4,2,2,0.6666666666666666,0.5
114,10000,Exhaustive-Expanded,0,0,0,0.0,0.0
114,10000,Random-25,0,0,0,0.0,0.0
114,10000,VeraDM-prior,3,3,0,1.0,0.0
115,10000,Exhaustive-Expanded,1,1,0,0.3333333333333333,0.0
115,10000,Random-25,0,0,0,0.0,0.0
115,10000,VeraDM-prior,3,3,0,1.0,0.0
116,10000,Exhaustive-Expanded,2,2,0,0.6666666666666666,0.0
116,10000,Random-25,2,1,1,0.3333333333333333,0.5
116,10000,VeraDM-prior,2,2,0,0.6666666666666666,0.0
117,10000,Exhaustive-Expanded,2,2,0,0.6666666666666666,0.0
117,10000,Random-25,0,0,0,0.0,0.0
117,10000,VeraDM-prior,2,2,0,0.6666666666666666,0.0
118,10000,Exhaustive-Expanded,2,2,0,0.6666666666666666,0.0
118,10000,Random-25,0,0,0,0.0,0.0
118,10000,VeraDM-prior,3,3,0,1.0,0.0
119,10000,Exhaustive-Expanded,2,2,0,0.6666666666666666,0.0
119,10000,Random-25,0,0,0,0.0,0.0
119,10000,VeraDM-prior,3,3,0,1.0,0.0
120,10000,Exhaustive-Expanded,0,0,0,0.0,0.0
120,10000,Random-25,0,0,0,0.0,0.0
120,10000,VeraDM-prior,3,3,0,1.0,0.0
121,10000,Exhaustive-Expanded,1,1,0,0.3333333333333333,0.0
121,10000,Random-25,0,0,0,0.0,0.0
121,10000,VeraDM-prior,3,3,0,1.0,0.0
122,10000,Exhaustive-Expanded,2,2,0,0.6666666666666666,0.0
122,10000,Random-25,0,0,0,0.0,0.0
122,10000,VeraDM-prior,3,2,1,0.6666666666666666,0.3333333333333333
123,10000,Exhaustive-Expanded,1,1,0,0.3333333333333333,0.0
123,10000,Random-25,0,0,0,0.0,0.0
123,10000,VeraDM-prior,4,3,1,1.0,0.25
124,10000,Exhaustive-Expanded,0,0,0,0.0,0.0
124,10000,Random-25,0,0,0,0.0,0.0
124,10000,VeraDM-prior,3,3,0,1.0,0.0
125,10000,Exhaustive-Expanded,1,1,0,0.3333333333333333,0.0
125,10000,Random-25,0,0,0,0.0,0.0
125,10000,VeraDM-prior,3,3,0,1.0,0.0
126,10000,Exhaustive-Expanded,4,2,2,0.6666666666666666,0.5
126,10000,Random-25,0,0,0,0.0,0.0
126,10000,VeraDM-prior,3,3,0,1.0,0.0
127,10000,Exhaustive-Expanded,2,2,0,0.6666666666666666,0.0
127,10000,Random-25,0,0,0,0.0,0.0
127,10000,VeraDM-prior,2,2,0,0.6666666666666666,0.0
128,10000,Exhaustive-Expanded,3,3,0,1.0,0.0
128,10000,Random-25,0,0,0,0.0,0.0
128,10000,VeraDM-prior,2,2,0,0.6666666666666666,0.0
129,10000,Exhaustive-Expanded,0,0,0,0.0,0.0
129,10000,Random-25,0,0,0,0.0,0.0
129,10000,VeraDM-prior,3,3,0,1.0,0.0
130,10000,Exhaustive-Expanded,1,1,0,0.3333333333333333,0.0
130,10000,Random-25,1,0,1,0.0,1.0
130,10000,VeraDM-prior,3,3,0,1.0,0.0
131,10000,Exhaustive-Expanded,1,1,0,0.3333333333333333,0.0
131,10000,Random-25,0,0,0,0.0,0.0
131,10000,VeraDM-prior,3,3,0,1.0,0.0
132,10000,Exhaustive-Expanded,1,1,0,0.3333333333333333,0.0
132,10000,Random-25,0,0,0,0.0,0.0
132,10000,VeraDM-prior,4,3,1,1.0,0.25
133,10000,Exhaustive-Expanded,0,0,0,0.0,0.0
133,10000,Random-25,0,0,0,0.0,0.0
133,10000,VeraDM-prior,3,3,0,1.0,0.0
134,10000,Exhaustive-Expanded,1,1,0,0.3333333333333333,0.0
134,10000,Random-25,0,0,0,0.0,0.0
134,10000,VeraDM-prior,3,3,0,1.0,0.0
135,10000,Exhaustive-Expanded,3,3,0,1.0,0.0
135,10000,Random-25,0,0,0,0.0,0.0
135,10000,VeraDM-prior,3,3,0,1.0,0.0
136,10000,Exhaustive-Expanded,1,1,0,0.3333333333333333,0.0
136,10000,Random-25,0,0,0,0.0,0.0
136,10000,VeraDM-prior,3,3,0,1.0,0.0
137,10000,Exhaustive-Expanded,2,2,0,0.6666666666666666,0.0
137,10000,Random-25,0,0,0,0.0,0.0
137,10000,VeraDM-prior,1,1,0,0.3333333333333333,0.0
138,10000,Exhaustive-Expanded,1,1,0,0.3333333333333333,0.0
138,10000,Random-25,0,0,0,0.0,0.0
138,10000,VeraDM-prior,3,3,0,1.0,0.0
139,10000,Exhaustive-Expanded,3,3,0,1.0,0.0
139,10000,Random-25,0,0,0,0.0,0.0
139,10000,VeraDM-prior,2,2,0,0.6666666666666666,0.0
140,10000,Exhaustive-Expanded,2,2,0,0.6666666666666666,0.0
140,10000,Random-25,0,0,0,0.0,0.0
140,10000,VeraDM-prior,3,3,0,1.0,0.0
141,10000,Exhaustive-Expanded,3,2,1,0.6666666666666666,0.3333333333333333
141,10000,Random-25,1,0,1,0.0,1.0
141,10000,VeraDM-prior,4,3,1,1.0,0.25
142,10000,Exhaustive-Expanded,3,3,0,1.0,0.0
142,10000,Random-25,0,0,0,0.0,0.0
142,10000,VeraDM-prior,3,3,0,1.0,0.0
143,10000,Exhaustive-Expanded,2,2,0,0.6666666666666666,0.0
143,10000,Random-25,1,0,1,0.0,1.0
143,10000,VeraDM-prior,3,3,0,1.0,0.0
144,10000,Exhaustive-Expanded,1,1,0,0.3333333333333333,0.0
144,10000,Random-25,0,0,0,0.0,0.0
144,10000,VeraDM-prior,3,3,0,1.0,0.0
145,10000,Exhaustive-Expanded,1,1,0,0.3333333333333333,0.0
145,10000,Random-25,3,0,3,0.0,1.0
145,10000,VeraDM-prior,5,3,2,1.0,0.4
146,10000,Exhaustive-Expanded,3,3,0,1.0,0.0
146,10000,Random-25,0,0,0,0.0,0.0
146,10000,VeraDM-prior,3,3,0,1.0,0.0
147,10000,Exhaustive-Expanded,1,1,0,0.3333333333333333,0.0
147,10000,Random-25,0,0,0,0.0,0.0
147,10000,VeraDM-prior,4,3,1,1.0,0.25
148,10000,Exhaustive-Expanded,2,2,0,0.6666666666666666,0.0
148,10000,Random-25,0,0,0,0.0,0.0
148,10000,VeraDM-prior,3,3,0,1.0,0.0
149,10000,Exhaustive-Expanded,0,0,0,0.0,0.0
149,10000,Random-25,0,0,0,0.0,0.0
149,10000,VeraDM-prior,3,2,1,0.6666666666666666,0.3333333333333333
150,10000,Exhaustive-Expanded,3,3,0,1.0,0.0
150,10000,Random-25,0,0,0,0.0,0.0
150,10000,VeraDM-prior,3,3,0,1.0,0.0
151,10000,Exhaustive-Expanded,2,1,1,0.3333333333333333,0.5
151,10000,Random-25,0,0,0,0.0,0.0
151,10000,VeraDM-prior,3,3,0,1.0,0.0
152,10000,Exhaustive-Expanded,0,0,0,0.0,0.0
152,10000,Random-25,0,0,0,0.0,0.0
152,10000,VeraDM-prior,3,3,0,1.0,0.0
153,10000,Exhaustive-Expanded,3,3,0,1.0,0.0
153,10000,Random-25,0,0,0,0.0,0.0
153,10000,VeraDM-prior,3,3,0,1.0,0.0
154,10000,Exhaustive-Expanded,2,1,1,0.3333333333333333,0.5
154,10000,Random-25,0,0,0,0.0,0.0
154,10000,VeraDM-prior,1,1,0,0.3333333333333333,0.0
155,10000,Exhaustive-Expanded,3,3,0,1.0,0.0
155,10000,Random-25,0,0,0,0.0,0.0
155,10000,VeraDM-prior,2,2,0,0.6666666666666666,0.0
156,10000,Exhaustive-Expanded,2,2,0,0.6666666666666666,0.0
156,10000,Random-25,0,0,0,0.0,0.0
156,10000,VeraDM-prior,3,3,0,1.0,0.0
157,10000,Exhaustive-Expanded,2,2,0,0.6666666666666666,0.0
157,10000,Random-25,1,0,1,0.0,1.0
157,10000,VeraDM-prior,3,3,0,1.0,0.0
158,10000,Exhaustive-Expanded,6,1,5,0.3333333333333333,0.8333333333333334
158,10000,Random-25,0,0,0,0.0,0.0
158,10000,VeraDM-prior,2,2,0,0.6666666666666666,0.0
159,10000,Exhaustive-Expanded,2,2,0,0.6666666666666666,0.0
159,10000,Random-25,0,0,0,0.0,0.0
159,10000,VeraDM-prior,3,2,1,0.6666666666666666,0.3333333333333333
160,10000,Exhaustive-Expanded,0,0,0,0.0,0.0
160,10000,Random-25,0,0,0,0.0,0.0
160,10000,VeraDM-prior,4,3,1,1.0,0.25
161,10000,Exhaustive-Expanded,2,2,0,0.6666666666666666,0.0
161,10000,Random-25,0,0,0,0.0,0.0
161,10000,VeraDM-prior,4,3,1,1.0,0.25
162,10000,Exhaustive-Expanded,3,2,1,0.6666666666666666,0.3333333333333333
162,10000,Random-25,0,0,0,0.0,0.0
162,10000,VeraDM-prior,2,2,0,0.6666666666666666,0.0
163,10000,Exhaustive-Expanded,1,1,0,0.3333333333333333,0.0
163,10000,Random-25,1,1,0,0.3333333333333333,0.0
163,10000,VeraDM-prior,4,3,1,1.0,0.25
164,10000,Exhaustive-Expanded,1,1,0,0.3333333333333333,0.0
164,10000,Random-25,0,0,0,0.0,0.0
164,10000,VeraDM-prior,4,3,1,1.0,0.25
165,10000,Exhaustive-Expanded,3,2,1,0.6666666666666666,0.3333333333333333
165,10000,Random-25,1,0,1,0.0,1.0
165,10000,VeraDM-prior,4,3,1,1.0,0.25
166,10000,Exhaustive-Expanded,2,2,0,0.6666666666666666,0.0
166,10000,Random-25,0,0,0,0.0,0.0
166,10000,VeraDM-prior,4,2,2,0.6666666666666666,0.5
167,10000,Exhaustive-Expanded,2,2,0,0.6666666666666666,0.0
167,10000,Random-25,0,0,0,0.0,0.0
167,10000,VeraDM-prior,4,3,1,1.0,0.25
168,10000,Exhaustive-Expanded,2,2,0,0.6666666666666666,0.0
168,10000,Random-25,1,0,1,0.0,1.0
168,10000,VeraDM-prior,3,3,0,1.0,0.0
169,10000,Exhaustive-Expanded,2,2,0,0.6666666666666666,0.0
169,10000,Random-25,0,0,0,0.0,0.0
169,10000,VeraDM-prior,2,1,1,0.3333333333333333,0.5
170,10000,Exhaustive-Expanded,1,1,0,0.3333333333333333,0.0
170,10000,Random-25,0,0,0,0.0,0.0
170,10000,VeraDM-prior,4,3,1,1.0,0.25
171,10000,Exhaustive-Expanded,2,2,0,0.6666666666666666,0.0
171,10000,Random-25,0,0,0,0.0,0.0
171,10000,VeraDM-prior,1,1,0,0.3333333333333333,0.0
172,10000,Exhaustive-Expanded,3,3,0,1.0,0.0
172,10000,Random-25,0,0,0,0.0,0.0
172,10000,VeraDM-prior,3,3,0,1.0,0.0
173,10000,Exhaustive-Expanded,2,2,0,0.6666666666666666,0.0
173,10000,Random-25,0,0,0,0.0,0.0
173,10000,VeraDM-prior,4,3,1,1.0,0.25
174,10000,Exhaustive-Expanded,1,1,0,0.3333333333333333,0.0
174,10000,Random-25,0,0,0,0.0,0.0
174,10000,VeraDM-prior,3,3,0,1.0,0.0
175,10000,Exhaustive-Expanded,4,3,1,1.0,0.25
175,10000,Random-25,0,0,0,0.0,0.0
175,10000,VeraDM-prior,2,2,0,0.6666666666666666,0.0
176,10000,Exhaustive-Expanded,3,3,0,1.0,0.0
176,10000,Random-25,0,0,0,0.0,0.0
176,10000,VeraDM-prior,2,2,0,0.6666666666666666,0.0
177,10000,Exhaustive-Expanded,2,2,0,0.6666666666666666,0.0
177,10000,Random-25,0,0,0,0.0,0.0
177,10000,VeraDM-prior,3,3,0,1.0,0.0
178,10000,Exhaustive-Expanded,2,2,0,0.6666666666666666,0.0
178,10000,Random-25,0,0,0,0.0,0.0
178,10000,VeraDM-prior,3,2,1,0.6666666666666666,0.3333333333333333
179,10000,Exhaustive-Expanded,0,0,0,0.0,0.0
179,10000,Random-25,0,0,0,0.0,0.0
179,10000,VeraDM-prior,2,2,0,0.6666666666666666,0.0
180,10000,Exhaustive-Expanded,2,2,0,0.6666666666666666,0.0
180,10000,Random-25,0,0,0,0.0,0.0
180,10000,VeraDM-prior,3,3,0,1.0,0.0
181,10000,Exhaustive-Expanded,1,1,0,0.3333333333333333,0.0
181,10000,Random-25,1,0,1,0.0,1.0
181,10000,VeraDM-prior,3,3,0,1.0,0.0
182,10000,Exhaustive-Expanded,5,3,2,1.0,0.4
182,10000,Random-25,0,0,0,0.0,0.0
182,10000,VeraDM-prior,4,3,1,1.0,0.25
183,10000,Exhaustive-Expanded,1,1,0,0.3333333333333333,0.0
183,10000,Random-25,0,0,0,0.0,0.0
183,10000,VeraDM-prior,2,2,0,0.6666666666666666,0.0
184,10000,Exhaustive-Expanded,3,3,0,1.0,0.0
184,10000,Random-25,0,0,0,0.0,0.0
184,10000,VeraDM-prior,5,3,2,1.0,0.4
185,10000,Exhaustive-Expanded,2,2,0,0.6666666666666666,0.0
185,10000,Random-25,0,0,0,0.0,0.0
185,10000,VeraDM-prior,2,2,0,0.6666666666666666,0.0
186,10000,Exhaustive-Expanded,3,2,1,0.6666666666666666,0.3333333333333333
186,10000,Random-25,0,0,0,0.0,0.0
186,10000,VeraDM-prior,2,2,0,0.6666666666666666,0.0
187,10000,Exhaustive-Expanded,3,2,1,0.6666666666666666,0.3333333333333333
187,10000,Random-25,1,0,1,0.0,1.0
187,10000,VeraDM-prior,1,1,0,0.3333333333333333,0.0
188,10000,Exhaustive-Expanded,3,3,0,1.0,0.0
188,10000,Random-25,0,0,0,0.0,0.0
188,10000,VeraDM-prior,3,2,1,0.6666666666666666,0.3333333333333333
189,10000,Exhaustive-Expanded,1,1,0,0.3333333333333333,0.0
189,10000,Random-25,0,0,0,0.0,0.0
189,10000,VeraDM-prior,2,2,0,0.6666666666666666,0.0
190,10000,Exhaustive-Expanded,2,2,0,0.6666666666666666,0.0
190,10000,Random-25,0,0,0,0.0,0.0
190,10000,VeraDM-prior,2,2,0,0.6666666666666666,0.0
191,10000,Exhaustive-Expanded,2,2,0,0.6666666666666666,0.0
191,10000,Random-25,0,0,0,0.0,0.0
191,10000,VeraDM-prior,1,1,0,0.3333333333333333,0.0
192,10000,Exhaustive-Expanded,1,1,0,0.3333333333333333,0.0
192,10000,Random-25,0,0,0,0.0,0.0
192,10000,VeraDM-prior,1,1,0,0.3333333333333333,0.0
193,10000,Exhaustive-Expanded,0,0,0,0.0,0.0
193,10000,Random-25,0,0,0,0.0,0.0
193,10000,VeraDM-prior,3,2,1,0.6666666666666666,0.3333333333333333
194,10000,Exhaustive-Expanded,2,1,1,0.3333333333333333,0.5
194,10000,Random-25,0,0,0,0.0,0.0
194,10000,VeraDM-prior,3,3,0,1.0,0.0
195,10000,Exhaustive-Expanded,1,1,0,0.3333333333333333,0.0
195,10000,Random-25,0,0,0,0.0,0.0
195,10000,VeraDM-prior,2,2,0,0.6666666666666666,0.0
196,10000,Exhaustive-Expanded,2,2,0,0.6666666666666666,0.0
196,10000,Random-25,0,0,0,0.0,0.0
196,10000,VeraDM-prior,3,3,0,1.0,0.0
197,10000,Exhaustive-Expanded,3,2,1,0.6666666666666666,0.3333333333333333
197,10000,Random-25,0,0,0,0.0,0.0
197,10000,VeraDM-prior,4,2,2,0.6666666666666666,0.5
198,10000,Exhaustive-Expanded,2,2,0,0.6666666666666666,0.0
198,10000,Random-25,2,0,2,0.0,1.0
198,10000,VeraDM-prior,3,3,0,1.0,0.0
199,10000,Exhaustive-Expanded,4,3,1,1.0,0.25
199,10000,Random-25,0,0,0,0.0,0.0
199,10000,VeraDM-prior,2,2,0,0.6666666666666666,0.0
200,10000,Exhaustive-Expanded,4,3,1,1.0,0.25
200,10000,Random-25,0,0,0,0.0,0.0
200,10000,VeraDM-prior,4,3,1,1.0,0.25
201,10000,Exhaustive-Expanded,1,1,0,0.3333333333333333,0.0
201,10000,Random-25,0,0,0,0.0,0.0
201,10000,VeraDM-prior,3,3,0,1.0,0.0
202,10000,Exhaustive-Expanded,4,3,1,1.0,0.25
202,10000,Random-25,0,0,0,0.0,0.0
202,10000,VeraDM-prior,2,2,0,0.6666666666666666,0.0
203,10000,Exhaustive-Expanded,0,0,0,0.0,0.0
203,10000,Random-25,1,0,1,0.0,1.0
203,10000,VeraDM-prior,3,3,0,1.0,0.0
204,10000,Exhaustive-Expanded,2,2,0,0.6666666666666666,0.0
204,10000,Random-25,0,0,0,0.0,0.0
204,10000,VeraDM-prior,3,3,0,1.0,0.0
205,10000,Exhaustive-Expanded,2,2,0,0.6666666666666666,0.0
205,10000,Random-25,0,0,0,0.0,0.0
205,10000,VeraDM-prior,3,2,1,0.6666666666666666,0.3333333333333333
206,10000,Exhaustive-Expanded,3,3,0,1.0,0.0
206,10000,Random-25,0,0,0,0.0,0.0
206,10000,VeraDM-prior,3,3,0,1.0,0.0
207,10000,Exhaustive-Expanded,2,2,0,0.6666666666666666,0.0
207,10000,Random-25,0,0,0,0.0,0.0
207,10000,VeraDM-prior,3,3,0,1.0,0.0
208,10000,Exhaustive-Expanded,2,2,0,0.6666666666666666,0.0
208,10000,Random-25,0,0,0,0.0,0.0
208,10000,VeraDM-prior,3,3,0,1.0,0.0
209,10000,Exhaustive-Expanded,1,1,0,0.3333333333333333,0.0
209,10000,Random-25,0,0,0,0.0,0.0
209,10000,VeraDM-prior,2,2,0,0.6666666666666666,0.0
210,10000,Exhaustive-Expanded,3,3,0,1.0,0.0
210,10000,Random-25,0,0,0,0.0,0.0
210,10000,VeraDM-prior,3,3,0,1.0,0.0
211,10000,Exhaustive-Expanded,3,2,1,0.6666666666666666,0.3333333333333333
211,10000,Random-25,0,0,0,0.0,0.0
211,10000,VeraDM-prior,3,3,0,1.0,0.0
212,10000,Exhaustive-Expanded,2,2,0,0.6666666666666666,0.0
212,10000,Random-25,0,0,0,0.0,0.0
212,10000,VeraDM-prior,3,3,0,1.0,0.0
213,10000,Exhaustive-Expanded,4,2,2,0.6666666666666666,0.5
213,10000,Random-25,0,0,0,0.0,0.0
213,10000,VeraDM-prior,4,3,1,1.0,0.25
214,10000,Exhaustive-Expanded,3,3,0,1.0,0.0
214,10000,Random-25,0,0,0,0.0,0.0
214,10000,VeraDM-prior,2,2,0,0.6666666666666666,0.0
215,10000,Exhaustive-Expanded,1,1,0,0.3333333333333333,0.0
215,10000,Random-25,0,0,0,0.0,0.0
215,10000,VeraDM-prior,2,2,0,0.6666666666666666,0.0
216,10000,Exhaustive-Expanded,3,2,1,0.6666666666666666,0.3333333333333333
216,10000,Random-25,0,0,0,0.0,0.0
216,10000,VeraDM-prior,3,3,0,1.0,0.0
217,10000,Exhaustive-Expanded,4,3,1,1.0,0.25
217,10000,Random-25,0,0,0,0.0,0.0
217,10000,VeraDM-prior,3,3,0,1.0,0.0
218,10000,Exhaustive-Expanded,2,2,0,0.6666666666666666,0.0
218,10000,Random-25,0,0,0,0.0,0.0
218,10000,VeraDM-prior,5,3,2,1.0,0.4
219,10000,Exhaustive-Expanded,3,2,1,0.6666666666666666,0.3333333333333333
219,10000,Random-25,0,0,0,0.0,0.0
219,10000,VeraDM-prior,4,2,2,0.6666666666666666,0.5
220,10000,Exhaustive-Expanded,3,2,1,0.6666666666666666,0.3333333333333333
220,10000,Random-25,0,0,0,0.0,0.0
220,10000,VeraDM-prior,2,2,0,0.6666666666666666,0.0
221,10000,Exhaustive-Expanded,1,1,0,0.3333333333333333,0.0
221,10000,Random-25,0,0,0,0.0,0.0
221,10000,VeraDM-prior,1,1,0,0.3333333333333333,0.0
222,10000,Exhaustive-Expanded,1,1,0,0.3333333333333333,0.0
222,10000,Random-25,0,0,0,0.0,0.0
222,10000,VeraDM-prior,3,3,0,1.0,0.0
223,10000,Exhaustive-Expanded,2,1,1,0.3333333333333333,0.5
223,10000,Random-25,0,0,0,0.0,0.0
223,10000,VeraDM-prior,5,2,3,0.6666666666666666,0.6
224,10000,Exhaustive-Expanded,3,3,0,1.0,0.0
224,10000,Random-25,0,0,0,0.0,0.0
224,10000,VeraDM-prior,3,2,1,0.6666666666666666,0.3333333333333333
225,10000,Exhaustive-Expanded,3,2,1,0.6666666666666666,0.3333333333333333
225,10000,Random-25,1,0,1,0.0,1.0
225,10000,VeraDM-prior,3,2,1,0.6666666666666666,0.3333333333333333
226,10000,Exhaustive-Expanded,1,1,0,0.3333333333333333,0.0
226,10000,Random-25,0,0,0,0.0,0.0
226,10000,VeraDM-prior,2,2,0,0.6666666666666666,0.0
227,10000,Exhaustive-Expanded,2,2,0,0.6666666666666666,0.0
227,10000,Random-25,0,0,0,0.0,0.0
227,10000,VeraDM-prior,4,3,1,1.0,0.25
228,10000,Exhaustive-Expanded,4,3,1,1.0,0.25
228,10000,Random-25,0,0,0,0.0,0.0
228,10000,VeraDM-prior,2,2,0,0.6666666666666666,0.0
229,10000,Exhaustive-Expanded,3,3,0,1.0,0.0
229,10000,Random-25,0,0,0,0.0,0.0
229,10000,VeraDM-prior,3,3,0,1.0,0.0
230,10000,Exhaustive-Expanded,2,2,0,0.6666666666666666,0.0
230,10000,Random-25,0,0,0,0.0,0.0
230,10000,VeraDM-prior,4,3,1,1.0,0.25
231,10000,Exhaustive-Expanded,1,1,0,0.3333333333333333,0.0
231,10000,Random-25,0,0,0,0.0,0.0
231,10000,VeraDM-prior,3,2,1,0.6666666666666666,0.3333333333333333
232,10000,Exhaustive-Expanded,3,3,0,1.0,0.0
232,10000,Random-25,0,0,0,0.0,0.0
232,10000,VeraDM-prior,2,2,0,0.6666666666666666,0.0
233,10000,Exhaustive-Expanded,2,1,1,0.3333333333333333,0.5
233,10000,Random-25,0,0,0,0.0,0.0
233,10000,VeraDM-prior,3,3,0,1.0,0.0
234,10000,Exhaustive-Expanded,0,0,0,0.0,0.0
234,10000,Random-25,0,0,0,0.0,0.0
234,10000,VeraDM-prior,3,3,0,1.0,0.0
235,10000,Exhaustive-Expanded,2,2,0,0.6666666666666666,0.0
235,10000,Random-25,0,0,0,0.0,0.0
235,10000,VeraDM-prior,3,3,0,1.0,0.0
236,10000,Exhaustive-Expanded,2,2,0,0.6666666666666666,0.0
236,10000,Random-25,0,0,0,0.0,0.0
236,10000,VeraDM-prior,3,3,0,1.0,0.0
237,10000,Exhaustive-Expanded,2,2,0,0.6666666666666666,0.0
237,10000,Random-25,0,0,0,0.0,0.0
237,10000,VeraDM-prior,2,2,0,0.6666666666666666,0.0
238,10000,Exhaustive-Expanded,2,1,1,0.3333333333333333,0.5
238,10000,Random-25,0,0,0,0.0,0.0
238,10000,VeraDM-prior,2,2,0,0.6666666666666666,0.0
239,10000,Exhaustive-Expanded,3,2,1,0.6666666666666666,0.3333333333333333
239,10000,Random-25,0,0,0,0.0,0.0
239,10000,VeraDM-prior,3,3,0,1.0,0.0
240,10000,Exhaustive-Expanded,1,1,0,0.3333333333333333,0.0
240,10000,Random-25,0,0,0,0.0,0.0
240,10000,VeraDM-prior,4,2,2,0.6666666666666666,0.5
241,10000,Exhaustive-Expanded,2,2,0,0.6666666666666666,0.0
241,10000,Random-25,0,0,0,0.0,0.0
241,10000,VeraDM-prior,2,2,0,0.6666666666666666,0.0
242,10000,Exhaustive-Expanded,3,3,0,1.0,0.0
242,10000,Random-25,0,0,0,0.0,0.0
242,10000,VeraDM-prior,3,2,1,0.6666666666666666,0.3333333333333333
243,10000,Exhaustive-Expanded,3,1,2,0.3333333333333333,0.6666666666666666
243,10000,Random-25,2,0,2,0.0,1.0
243,10000,VeraDM-prior,3,3,0,1.0,0.0
244,10000,Exhaustive-Expanded,1,1,0,0.3333333333333333,0.0
244,10000,Random-25,0,0,0,0.0,0.0
244,10000,VeraDM-prior,3,2,1,0.6666666666666666,0.3333333333333333
245,10000,Exhaustive-Expanded,3,3,0,1.0,0.0
245,10000,Random-25,0,0,0,0.0,0.0
245,10000,VeraDM-prior,3,3,0,1.0,0.0
246,10000,Exhaustive-Expanded,0,0,0,0.0,0.0
246,10000,Random-25,0,0,0,0.0,0.0
246,10000,VeraDM-prior,2,2,0,0.6666666666666666,0.0
247,10000,Exhaustive-Expanded,2,2,0,0.6666666666666666,0.0
247,10000,Random-25,0,0,0,0.0,0.0
247,10000,VeraDM-prior,3,3,0,1.0,0.0
248,10000,Exhaustive-Expanded,3,2,1,0.6666666666666666,0.3333333333333333
248,10000,Random-25,0,0,0,0.0,0.0
248,10000,VeraDM-prior,3,3,0,1.0,0.0
249,10000,Exhaustive-Expanded,2,2,0,0.6666666666666666,0.0
249,10000,Random-25,0,0,0,0.0,0.0
249,10000,VeraDM-prior,2,2,0,0.6666666666666666,0.0
250,10000,Exhaustive-Expanded,3,3,0,1.0,0.0
250,10000,Random-25,0,0,0,0.0,0.0
250,10000,VeraDM-prior,2,2,0,0.6666666666666666,0.0
251,10000,Exhaustive-Expanded,1,1,0,0.3333333333333333,0.0
251,10000,Random-25,0,0,0,0.0,0.0
251,10000,VeraDM-prior,4,3,1,1.0,0.25
252,10000,Exhaustive-Expanded,2,2,0,0.6666666666666666,0.0
252,10000,Random-25,1,0,1,0.0,1.0
252,10000,VeraDM-prior,3,3,0,1.0,0.0
253,10000,Exhaustive-Expanded,1,1,0,0.3333333333333333,0.0
253,10000,Random-25,0,0,0,0.0,0.0
253,10000,VeraDM-prior,1,1,0,0.3333333333333333,0.0
254,10000,Exhaustive-Expanded,2,2,0,0.6666666666666666,0.0
254,10000,Random-25,0,0,0,0.0,0.0
254,10000,VeraDM-prior,2,2,0,0.6666666666666666,0.0
255,10000,Exhaustive-Expanded,1,1,0,0.3333333333333333,0.0
255,10000,Random-25,0,0,0,0.0,0.0
255,10000,VeraDM-prior,4,3,1,1.0,0.25
256,10000,Exhaustive-Expanded,3,3,0,1.0,0.0
256,10000,Random-25,0,0,0,0.0,0.0
256,10000,VeraDM-prior,3,3,0,1.0,0.0
257,10000,Exhaustive-Expanded,2,2,0,0.6666666666666666,0.0
257,10000,Random-25,0,0,0,0.0,0.0
257,10000,VeraDM-prior,3,3,0,1.0,0.0
258,10000,Exhaustive-Expanded,0,0,0,0.0,0.0
258,10000,Random-25,0,0,0,0.0,0.0
258,10000,VeraDM-prior,3,3,0,1.0,0.0
259,10000,Exhaustive-Expanded,3,3,0,1.0,0.0
259,10000,Random-25,2,0,2,0.0,1.0
259,10000,VeraDM-prior,3,3,0,1.0,0.0
260,10000,Exhaustive-Expanded,3,3,0,1.0,0.0
260,10000,Random-25,0,0,0,0.0,0.0
260,10000,VeraDM-prior,5,3,2,1.0,0.4
261,10000,Exhaustive-Expanded,5,3,2,1.0,0.4
261,10000,Random-25,0,0,0,0.0,0.0
261,10000,VeraDM-prior,4,3,1,1.0,0.25
262,10000,Exhaustive-Expanded,3,2,1,0.6666666666666666,0.3333333333333333
262,10000,Random-25,0,0,0,0.0,0.0
262,10000,VeraDM-prior,1,1,0,0.3333333333333333,0.0
263,10000,Exhaustive-Expanded,3,2,1,0.6666666666666666,0.3333333333333333
263,10000,Random-25,0,0,0,0.0,0.0
263,10000,VeraDM-prior,3,3,0,1.0,0.0
264,10000,Exhaustive-Expanded,3,3,0,1.0,0.0
264,10000,Random-25,0,0,0,0.0,0.0
264,10000,VeraDM-prior,2,2,0,0.6666666666666666,0.0
265,10000,Exhaustive-Expanded,4,3,1,1.0,0.25
265,10000,Random-25,0,0,0,0.0,0.0
265,10000,VeraDM-prior,3,3,0,1.0,0.0
266,10000,Exhaustive-Expanded,2,2,0,0.6666666666666666,0.0
266,10000,Random-25,0,0,0,0.0,0.0
266,10000,VeraDM-prior,3,3,0,1.0,0.0
267,10000,Exhaustive-Expanded,2,2,0,0.6666666666666666,0.0
267,10000,Random-25,0,0,0,0.0,0.0
267,10000,VeraDM-prior,2,2,0,0.6666666666666666,0.0
268,10000,Exhaustive-Expanded,2,1,1,0.3333333333333333,0.5
268,10000,Random-25,0,0,0,0.0,0.0
268,10000,VeraDM-prior,3,3,0,1.0,0.0
269,10000,Exhaustive-Expanded,3,2,1,0.6666666666666666,0.3333333333333333
269,10000,Random-25,0,0,0,0.0,0.0
269,10000,VeraDM-prior,3,3,0,1.0,0.0
270,10000,Exhaustive-Expanded,1,1,0,0.3333333333333333,0.0
270,10000,Random-25,0,0,0,0.0,0.0
270,10000,VeraDM-prior,2,2,0,0.6666666666666666,0.0
271,10000,Exhaustive-Expanded,1,1,0,0.3333333333333333,0.0
271,10000,Random-25,0,0,0,0.0,0.0
271,10000,VeraDM-prior,3,3,0,1.0,0.0
272,10000,Exhaustive-Expanded,3,3,0,1.0,0.0
272,10000,Random-25,0,0,0,0.0,0.0
272,10000,VeraDM-prior,3,3,0,1.0,0.0
273,10000,Exhaustive-Expanded,3,3,0,1.0,0.0
273,10000,Random-25,1,0,1,0.0,1.0
273,10000,VeraDM-prior,2,2,0,0.6666666666666666,0.0
274,10000,Exhaustive-Expanded,0,0,0,0.0,0.0
274,10000,Random-25,0,0,0,0.0,0.0
274,10000,VeraDM-prior,3,3,0,1.0,0.0
275,10000,Exhaustive-Expanded,3,2,1,0.6666666666666666,0.3333333333333333
275,10000,Random-25,0,0,0,0.0,0.0
275,10000,VeraDM-prior,2,2,0,0.6666666666666666,0.0
276,10000,Exhaustive-Expanded,1,1,0,0.3333333333333333,0.0
276,10000,Random-25,0,0,0,0.0,0.0
276,10000,VeraDM-prior,2,2,0,0.6666666666666666,0.0
277,10000,Exhaustive-Expanded,3,2,1,0.6666666666666666,0.3333333333333333
277,10000,Random-25,0,0,0,0.0,0.0
277,10000,VeraDM-prior,3,2,1,0.6666666666666666,0.3333333333333333
278,10000,Exhaustive-Expanded,3,3,0,1.0,0.0
278,10000,Random-25,0,0,0,0.0,0.0
278,10000,VeraDM-prior,3,2,1,0.6666666666666666,0.3333333333333333
279,10000,Exhaustive-Expanded,2,1,1,0.3333333333333333,0.5
279,10000,Random-25,0,0,0,0.0,0.0
279,10000,VeraDM-prior,3,3,0,1.0,0.0
280,10000,Exhaustive-Expanded,2,2,0,0.6666666666666666,0.0
280,10000,Random-25,0,0,0,0.0,0.0
280,10000,VeraDM-prior,1,1,0,0.3333333333333333,0.0
281,10000,Exhaustive-Expanded,3,2,1,0.6666666666666666,0.3333333333333333
281,10000,Random-25,0,0,0,0.0,0.0
281,10000,VeraDM-prior,3,2,1,0.6666666666666666,0.3333333333333333
282,10000,Exhaustive-Expanded,3,3,0,1.0,0.0
282,10000,Random-25,0,0,0,0.0,0.0
282,10000,VeraDM-prior,1,1,0,0.3333333333333333,0.0
283,10000,Exhaustive-Expanded,2,2,0,0.6666666666666666,0.0
283,10000,Random-25,0,0,0,0.0,0.0
283,10000,VeraDM-prior,3,3,0,1.0,0.0
284,10000,Exhaustive-Expanded,2,2,0,0.6666666666666666,0.0
284,10000,Random-25,0,0,0,0.0,0.0
284,10000,VeraDM-prior,2,2,0,0.6666666666666666,0.0
285,10000,Exhaustive-Expanded,4,2,2,0.6666666666666666,0.5
285,10000,Random-25,0,0,0,0.0,0.0
285,10000,VeraDM-prior,3,3,0,1.0,0.0
286,10000,Exhaustive-Expanded,3,3,0,1.0,0.0
286,10000,Random-25,0,0,0,0.0,0.0
286,10000,VeraDM-prior,2,2,0,0.6666666666666666,0.0
287,10000,Exhaustive-Expanded,3,3,0,1.0,0.0
287,10000,Random-25,0,0,0,0.0,0.0
287,10000,VeraDM-prior,3,2,1,0.6666666666666666,0.3333333333333333
288,10000,Exhaustive-Expanded,3,3,0,1.0,0.0
288,10000,Random-25,0,0,0,0.0,0.0
288,10000,VeraDM-prior,3,2,1,0.6666666666666666,0.3333333333333333
289,10000,Exhaustive-Expanded,1,0,1,0.0,1.0
289,10000,Random-25,0,0,0,0.0,0.0
289,10000,VeraDM-prior,3,3,0,1.0,0.0
290,10000,Exhaustive-Expanded,2,2,0,0.6666666666666666,0.0
290,10000,Random-25,0,0,0,0.0,0.0
290,10000,VeraDM-prior,1,1,0,0.3333333333333333,0.0
291,10000,Exhaustive-Expanded,3,3,0,1.0,0.0
291,10000,Random-25,0,0,0,0.0,0.0
291,10000,VeraDM-prior,3,3,0,1.0,0.0
292,10000,Exhaustive-Expanded,1,1,0,0.3333333333333333,0.0
292,10000,Random-25,0,0,0,0.0,0.0
292,10000,VeraDM-prior,3,3,0,1.0,0.0
293,10000,Exhaustive-Expanded,2,2,0,0.6666666666666666,0.0
293,10000,Random-25,0,0,0,0.0,0.0
293,10000,VeraDM-prior,4,3,1,1.0,0.25
294,10000,Exhaustive-Expanded,2,2,0,0.6666666666666666,0.0
294,10000,Random-25,0,0,0,0.0,0.0
294,10000,VeraDM-prior,2,2,0,0.6666666666666666,0.0
295,10000,Exhaustive-Expanded,2,2,0,0.6666666666666666,0.0
295,10000,Random-25,0,0,0,0.0,0.0
295,10000,VeraDM-prior,3,3,0,1.0,0.0
296,10000,Exhaustive-Expanded,3,3,0,1.0,0.0
296,10000,Random-25,0,0,0,0.0,0.0
296,10000,VeraDM-prior,3,3,0,1.0,0.0
297,10000,Exhaustive-Expanded,5,2,3,0.6666666666666666,0.6
297,10000,Random-25,0,0,0,0.0,0.0
297,10000,VeraDM-prior,4,2,2,0.6666666666666666,0.5
298,10000,Exhaustive-Expanded,2,2,0,0.6666666666666666,0.0
298,10000,Random-25,0,0,0,0.0,0.0
298,10000,VeraDM-prior,2,2,0,0.6666666666666666,0.0
299,10000,Exhaustive-Expanded,1,1,0,0.3333333333333333,0.0
299,10000,Random-25,0,0,0,0.0,0.0
299,10000,VeraDM-prior,3,3,0,1.0,0.0
300,10000,Exhaustive-Expanded,0,0,0,0.0,0.0
300,10000,Random-25,0,0,0,0.0,0.0
300,10000,VeraDM-prior,6,3,3,1.0,0.5
301,10000,Exhaustive-Expanded,4,2,2,0.6666666666666666,0.5
301,10000,Random-25,0,0,0,0.0,0.0
301,10000,VeraDM-prior,4,3,1,1.0,0.25
302,10000,Exhaustive-Expanded,3,3,0,1.0,0.0
302,10000,Random-25,2,0,2,0.0,1.0
302,10000,VeraDM-prior,3,2,1,0.6666666666666666,0.3333333333333333
303,10000,Exhaustive-Expanded,4,3,1,1.0,0.25
303,10000,Random-25,0,0,0,0.0,0.0
303,10000,VeraDM-prior,2,2,0,0.6666666666666666,0.0
304,10000,Exhaustive-Expanded,1,1,0,0.3333333333333333,0.0
304,10000,Random-25,0,0,0,0.0,0.0
304,10000,VeraDM-prior,4,3,1,1.0,0.25
305,10000,Exhaustive-Expanded,3,2,1,0.6666666666666666,0.3333333333333333
305,10000,Random-25,0,0,0,0.0,0.0
305,10000,VeraDM-prior,5,3,2,1.0,0.4
306,10000,Exhaustive-Expanded,2,2,0,0.6666666666666666,0.0
306,10000,Random-25,0,0,0,0.0,0.0
306,10000,VeraDM-prior,4,3,1,1.0,0.25
307,10000,Exhaustive-Expanded,2,2,0,0.6666666666666666,0.0
307,10000,Random-25,0,0,0,0.0,0.0
307,10000,VeraDM-prior,4,3,1,1.0,0.25
308,10000,Exhaustive-Expanded,1,1,0,0.3333333333333333,0.0
308,10000,Random-25,0,0,0,0.0,0.0
308,10000,VeraDM-prior,1,1,0,0.3333333333333333,0.0
309,10000,Exhaustive-Expanded,3,3,0,1.0,0.0
309,10000,Random-25,0,0,0,0.0,0.0
309,10000,VeraDM-prior,3,3,0,1.0,0.0
310,10000,Exhaustive-Expanded,3,3,0,1.0,0.0
310,10000,Random-25,0,0,0,0.0,0.0
310,10000,VeraDM-prior,1,1,0,0.3333333333333333,0.0
311,10000,Exhaustive-Expanded,3,2,1,0.6666666666666666,0.3333333333333333
311,10000,Random-25,0,0,0,0.0,0.0
311,10000,VeraDM-prior,4,3,1,1.0,0.25
312,10000,Exhaustive-Expanded,3,3,0,1.0,0.0
312,10000,Random-25,0,0,0,0.0,0.0
312,10000,VeraDM-prior,3,3,0,1.0,0.0
313,10000,Exhaustive-Expanded,3,3,0,1.0,0.0
313,10000,Random-25,0,0,0,0.0,0.0
313,10000,VeraDM-prior,3,3,0,1.0,0.0
314,10000,Exhaustive-Expanded,0,0,0,0.0,0.0
314,10000,Random-25,0,0,0,0.0,0.0
314,10000,VeraDM-prior,3,3,0,1.0,0.0
315,10000,Exhaustive-Expanded,2,2,0,0.6666666666666666,0.0
315,10000,Random-25,0,0,0,0.0,0.0
315,10000,VeraDM-prior,3,3,0,1.0,0.0
316,10000,Exhaustive-Expanded,3,2,1,0.6666666666666666,0.3333333333333333
316,10000,Random-25,0,0,0,0.0,0.0
316,10000,VeraDM-prior,3,3,0,1.0,0.0
317,10000,Exhaustive-Expanded,1,1,0,0.3333333333333333,0.0
317,10000,Random-25,0,0,0,0.0,0.0
317,10000,VeraDM-prior,3,3,0,1.0,0.0
318,10000,Exhaustive-Expanded,0,0,0,0.0,0.0
318,10000,Random-25,0,0,0,0.0,0.0
318,10000,VeraDM-prior,3,2,1,0.6666666666666666,0.3333333333333333
319,10000,Exhaustive-Expanded,4,3,1,1.0,0.25
319,10000,Random-25,0,0,0,0.0,0.0
319,10000,VeraDM-prior,2,2,0,0.6666666666666666,0.0
320,10000,Exhaustive-Expanded,2,2,0,0.6666666666666666,0.0
320,10000,Random-25,0,0,0,0.0,0.0
320,10000,VeraDM-prior,3,2,1,0.6666666666666666,0.3333333333333333
321,10000,Exhaustive-Expanded,1,1,0,0.3333333333333333,0.0
321,10000,Random-25,0,0,0,0.0,0.0
321,10000,VeraDM-prior,5,3,2,1.0,0.4
322,10000,Exhaustive-Expanded,1,1,0,0.3333333333333333,0.0
322,10000,Random-25,0,0,0,0.0,0.0
322,10000,VeraDM-prior,2,2,0,0.6666666666666666,0.0
323,10000,Exhaustive-Expanded,2,2,0,0.6666666666666666,0.0
323,10000,Random-25,0,0,0,0.0,0.0
323,10000,VeraDM-prior,3,3,0,1.0,0.0
324,10000,Exhaustive-Expanded,1,1,0,0.3333333333333333,0.0
324,10000,Random-25,0,0,0,0.0,0.0
324,10000,VeraDM-prior,3,3,0,1.0,0.0
325,10000,Exhaustive-Expanded,1,1,0,0.3333333333333333,0.0
325,10000,Random-25,0,0,0,0.0,0.0
325,10000,VeraDM-prior,2,2,0,0.6666666666666666,0.0
326,10000,Exhaustive-Expanded,1,1,0,0.3333333333333333,0.0
326,10000,Random-25,0,0,0,0.0,0.0
326,10000,VeraDM-prior,3,3,0,1.0,0.0
327,10000,Exhaustive-Expanded,3,2,1,0.6666666666666666,0.3333333333333333
327,10000,Random-25,3,0,3,0.0,1.0
327,10000,VeraDM-prior,2,2,0,0.6666666666666666,0.0
328,10000,Exhaustive-Expanded,2,2,0,0.6666666666666666,0.0
328,10000,Random-25,0,0,0,0.0,0.0
328,10000,VeraDM-prior,3,3,0,1.0,0.0
329,10000,Exhaustive-Expanded,2,2,0,0.6666666666666666,0.0
329,10000,Random-25,0,0,0,0.0,0.0
329,10000,VeraDM-prior,4,3,1,1.0,0.25
330,10000,Exhaustive-Expanded,3,3,0,1.0,0.0
330,10000,Random-25,0,0,0,0.0,0.0
330,10000,VeraDM-prior,2,2,0,0.6666666666666666,0.0
331,10000,Exhaustive-Expanded,2,2,0,0.6666666666666666,0.0
331,10000,Random-25,0,0,0,0.0,0.0
331,10000,VeraDM-prior,2,2,0,0.6666666666666666,0.0
332,10000,Exhaustive-Expanded,0,0,0,0.0,0.0
332,10000,Random-25,0,0,0,0.0,0.0
332,10000,VeraDM-prior,3,3,0,1.0,0.0
333,10000,Exhaustive-Expanded,3,3,0,1.0,0.0
333,10000,Random-25,0,0,0,0.0,0.0
333,10000,VeraDM-prior,2,2,0,0.6666666666666666,0.0
334,10000,Exhaustive-Expanded,1,1,0,0.3333333333333333,0.0
334,10000,Random-25,0,0,0,0.0,0.0
334,10000,VeraDM-prior,3,3,0,1.0,0.0
335,10000,Exhaustive-Expanded,4,3,1,1.0,0.25
335,10000,Random-25,0,0,0,0.0,0.0
335,10000,VeraDM-prior,3,3,0,1.0,0.0
336,10000,Exhaustive-Expanded,3,2,1,0.6666666666666666,0.3333333333333333
336,10000,Random-25,0,0,0,0.0,0.0
336,10000,VeraDM-prior,3,3,0,1.0,0.0
337,10000,Exhaustive-Expanded,1,1,0,0.3333333333333333,0.0
337,10000,Random-25,0,0,0,0.0,0.0
337,10000,VeraDM-prior,1,1,0,0.3333333333333333,0.0
338,10000,Exhaustive-Expanded,3,3,0,1.0,0.0
338,10000,Random-25,0,0,0,0.0,0.0
338,10000,VeraDM-prior,4,3,1,1.0,0.25
339,10000,Exhaustive-Expanded,0,0,0,0.0,0.0
339,10000,Random-25,0,0,0,0.0,0.0
339,10000,VeraDM-prior,5,3,2,1.0,0.4
340,10000,Exhaustive-Expanded,1,1,0,0.3333333333333333,0.0
340,10000,Random-25,0,0,0,0.0,0.0
340,10000,VeraDM-prior,4,3,1,1.0,0.25
341,10000,Exhaustive-Expanded,2,2,0,0.6666666666666666,0.0
341,10000,Random-25,0,0,0,0.0,0.0
341,10000,VeraDM-prior,3,3,0,1.0,0.0
342,10000,Exhaustive-Expanded,1,1,0,0.3333333333333333,0.0
342,10000,Random-25,0,0,0,0.0,0.0
342,10000,VeraDM-prior,3,3,0,1.0,0.0
343,10000,Exhaustive-Expanded,3,2,1,0.6666666666666666,0.3333333333333333
343,10000,Random-25,0,0,0,0.0,0.0
343,10000,VeraDM-prior,4,3,1,1.0,0.25
344,10000,Exhaustive-Expanded,3,2,1,0.6666666666666666,0.3333333333333333
344,10000,Random-25,0,0,0,0.0,0.0
344,10000,VeraDM-prior,5,3,2,1.0,0.4
345,10000,Exhaustive-Expanded,0,0,0,0.0,0.0
345,10000,Random-25,1,0,1,0.0,1.0
345,10000,VeraDM-prior,3,3,0,1.0,0.0
346,10000,Exhaustive-Expanded,4,3,1,1.0,0.25
346,10000,Random-25,0,0,0,0.0,0.0
346,10000,VeraDM-prior,2,2,0,0.6666666666666666,0.0
347,10000,Exhaustive-Expanded,4,3,1,1.0,0.25
347,10000,Random-25,0,0,0,0.0,0.0
347,10000,VeraDM-prior,3,3,0,1.0,0.0
348,10000,Exhaustive-Expanded,2,2,0,0.6666666666666666,0.0
348,10000,Random-25,0,0,0,0.0,0.0
348,10000,VeraDM-prior,3,3,0,1.0,0.0
349,10000,Exhaustive-Expanded,3,3,0,1.0,0.0
349,10000,Random-25,0,0,0,0.0,0.0
349,10000,VeraDM-prior,3,3,0,1.0,0.0
350,10000,Exhaustive-Expanded,5,1,4,0.3333333333333333,0.8
350,10000,Random-25,0,0,0,0.0,0.0
350,10000,VeraDM-prior,3,3,0,1.0,0.0
351,10000,Exhaustive-Expanded,3,2,1,0.6666666666666666,0.3333333333333333
351,10000,Random-25,0,0,0,0.0,0.0
351,10000,VeraDM-prior,2,1,1,0.3333333333333333,0.5
352,10000,Exhaustive-Expanded,3,2,1,0.6666666666666666,0.3333333333333333
352,10000,Random-25,0,0,0,0.0,0.0
352,10000,VeraDM-prior,3,3,0,1.0,0.0
353,10000,Exhaustive-Expanded,0,0,0,0.0,0.0
353,10000,Random-25,0,0,0,0.0,0.0
353,10000,VeraDM-prior,2,2,0,0.6666666666666666,0.0
354,10000,Exhaustive-Expanded,3,2,1,0.6666666666666666,0.3333333333333333
354,10000,Random-25,0,0,0,0.0,0.0
354,10000,VeraDM-prior,1,1,0,0.3333333333333333,0.0
355,10000,Exhaustive-Expanded,1,1,0,0.3333333333333333,0.0
355,10000,Random-25,0,0,0,0.0,0.0
355,10000,VeraDM-prior,3,3,0,1.0,0.0
356,10000,Exhaustive-Expanded,3,3,0,1.0,0.0
356,10000,Random-25,0,0,0,0.0,0.0
356,10000,VeraDM-prior,1,1,0,0.3333333333333333,0.0
357,10000,Exhaustive-Expanded,4,3,1,1.0,0.25
357,10000,Random-25,0,0,0,0.0,0.0
357,10000,VeraDM-prior,2,2,0,0.6666666666666666,0.0
358,10000,Exhaustive-Expanded,3,3,0,1.0,0.0
358,10000,Random-25,0,0,0,0.0,0.0
358,10000,VeraDM-prior,3,3,0,1.0,0.0
359,10000,Exhaustive-Expanded,2,2,0,0.6666666666666666,0.0
359,10000,Random-25,0,0,0,0.0,0.0
359,10000,VeraDM-prior,3,3,0,1.0,0.0
360,10000,Exhaustive-Expanded,1,1,0,0.3333333333333333,0.0
360,10000,Random-25,0,0,0,0.0,0.0
360,10000,VeraDM-prior,3,3,0,1.0,0.0
361,10000,Exhaustive-Expanded,3,3,0,1.0,0.0
361,10000,Random-25,0,0,0,0.0,0.0
361,10000,VeraDM-prior,1,1,0,0.3333333333333333,0.0
362,10000,Exhaustive-Expanded,5,3,2,1.0,0.4
362,10000,Random-25,0,0,0,0.0,0.0
362,10000,VeraDM-prior,2,2,0,0.6666666666666666,0.0
363,10000,Exhaustive-Expanded,4,2,2,0.6666666666666666,0.5
363,10000,Random-25,0,0,0,0.0,0.0
363,10000,VeraDM-prior,3,3,0,1.0,0.0
364,10000,Exhaustive-Expanded,1,1,0,0.3333333333333333,0.0
364,10000,Random-25,0,0,0,0.0,0.0
364,10000,VeraDM-prior,3,3,0,1.0,0.0
365,10000,Exhaustive-Expanded,4,3,1,1.0,0.25
365,10000,Random-25,0,0,0,0.0,0.0
365,10000,VeraDM-prior,4,3,1,1.0,0.25
366,10000,Exhaustive-Expanded,3,3,0,1.0,0.0
366,10000,Random-25,0,0,0,0.0,0.0
366,10000,VeraDM-prior,1,1,0,0.3333333333333333,0.0
367,10000,Exhaustive-Expanded,1,1,0,0.3333333333333333,0.0
367,10000,Random-25,0,0,0,0.0,0.0
367,10000,VeraDM-prior,3,3,0,1.0,0.0
368,10000,Exhaustive-Expanded,2,2,0,0.6666666666666666,0.0
368,10000,Random-25,0,0,0,0.0,0.0
368,10000,VeraDM-prior,2,2,0,0.6666666666666666,0.0
369,10000,Exhaustive-Expanded,1,1,0,0.3333333333333333,0.0
369,10000,Random-25,0,0,0,0.0,0.0
369,10000,VeraDM-prior,4,3,1,1.0,0.25
370,10000,Exhaustive-Expanded,2,2,0,0.6666666666666666,0.0
370,10000,Random-25,0,0,0,0.0,0.0
370,10000,VeraDM-prior,3,3,0,1.0,0.0
371,10000,Exhaustive-Expanded,2,2,0,0.6666666666666666,0.0
371,10000,Random-25,0,0,0,0.0,0.0
371,10000,VeraDM-prior,1,1,0,0.3333333333333333,0.0
372,10000,Exhaustive-Expanded,3,2,1,0.6666666666666666,0.3333333333333333
372,10000,Random-25,0,0,0,0.0,0.0
372,10000,VeraDM-prior,2,2,0,0.6666666666666666,0.0
373,10000,Exhaustive-Expanded,2,1,1,0.3333333333333333,0.5
373,10000,Random-25,0,0,0,0.0,0.0
373,10000,VeraDM-prior,5,3,2,1.0,0.4
374,10000,Exhaustive-Expanded,3,3,0,1.0,0.0
374,10000,Random-25,0,0,0,0.0,0.0
374,10000,VeraDM-prior,3,3,0,1.0,0.0
375,10000,Exhaustive-Expanded,6,3,3,1.0,0.5
375,10000,Random-25,0,0,0,0.0,0.0
375,10000,VeraDM-prior,3,3,0,1.0,0.0
376,10000,Exhaustive-Expanded,2,2,0,0.6666666666666666,0.0
376,10000,Random-25,0,0,0,0.0,0.0
376,10000,VeraDM-prior,3,3,0,1.0,0.0
377,10000,Exhaustive-Expanded,1,1,0,0.3333333333333333,0.0
377,10000,Random-25,1,0,1,0.0,1.0
377,10000,VeraDM-prior,3,3,0,1.0,0.0
378,10000,Exhaustive-Expanded,1,1,0,0.3333333333333333,0.0
378,10000,Random-25,0,0,0,0.0,0.0
378,10000,VeraDM-prior,4,3,1,1.0,0.25
379,10000,Exhaustive-Expanded,3,3,0,1.0,0.0
379,10000,Random-25,1,0,1,0.0,1.0
379,10000,VeraDM-prior,2,2,0,0.6666666666666666,0.0
380,10000,Exhaustive-Expanded,2,2,0,0.6666666666666666,0.0
380,10000,Random-25,0,0,0,0.0,0.0
380,10000,VeraDM-prior,3,3,0,1.0,0.0
381,10000,Exhaustive-Expanded,0,0,0,0.0,0.0
381,10000,Random-25,0,0,0,0.0,0.0
381,10000,VeraDM-prior,3,3,0,1.0,0.0
382,10000,Exhaustive-Expanded,1,1,0,0.3333333333333333,0.0
382,10000,Random-25,0,0,0,0.0,0.0
382,10000,VeraDM-prior,2,1,1,0.3333333333333333,0.5
383,10000,Exhaustive-Expanded,5,3,2,1.0,0.4
383,10000,Random-25,3,0,3,0.0,1.0
383,10000,VeraDM-prior,3,3,0,1.0,0.0
384,10000,Exhaustive-Expanded,2,1,1,0.3333333333333333,0.5
384,10000,Random-25,0,0,0,0.0,0.0
384,10000,VeraDM-prior,3,2,1,0.6666666666666666,0.3333333333333333
385,10000,Exhaustive-Expanded,3,3,0,1.0,0.0
385,10000,Random-25,0,0,0,0.0,0.0
385,10000,VeraDM-prior,4,3,1,1.0,0.25
386,10000,Exhaustive-Expanded,2,2,0,0.6666666666666666,0.0
386,10000,Random-25,0,0,0,0.0,0.0
386,10000,VeraDM-prior,3,3,0,1.0,0.0
387,10000,Exhaustive-Expanded,0,0,0,0.0,0.0
387,10000,Random-25,0,0,0,0.0,0.0
387,10000,VeraDM-prior,3,3,0,1.0,0.0
388,10000,Exhaustive-Expanded,3,3,0,1.0,0.0
388,10000,Random-25,0,0,0,0.0,0.0
388,10000,VeraDM-prior,3,3,0,1.0,0.0
389,10000,Exhaustive-Expanded,2,2,0,0.6666666666666666,0.0
389,10000,Random-25,0,0,0,0.0,0.0
389,10000,VeraDM-prior,3,2,1,0.6666666666666666,0.3333333333333333
390,10000,Exhaustive-Expanded,4,3,1,1.0,0.25
390,10000,Random-25,0,0,0,0.0,0.0
390,10000,VeraDM-prior,3,3,0,1.0,0.0
391,10000,Exhaustive-Expanded,4,3,1,1.0,0.25
391,10000,Random-25,0,0,0,0.0,0.0
391,10000,VeraDM-prior,3,3,0,1.0,0.0
392,10000,Exhaustive-Expanded,0,0,0,0.0,0.0
392,10000,Random-25,2,0,2,0.0,1.0
392,10000,VeraDM-prior,3,3,0,1.0,0.0
393,10000,Exhaustive-Expanded,2,2,0,0.6666666666666666,0.0
393,10000,Random-25,0,0,0,0.0,0.0
393,10000,VeraDM-prior,2,2,0,0.6666666666666666,0.0
394,10000,Exhaustive-Expanded,2,2,0,0.6666666666666666,0.0
394,10000,Random-25,0,0,0,0.0,0.0
394,10000,VeraDM-prior,3,2,1,0.6666666666666666,0.3333333333333333
395,10000,Exhaustive-Expanded,4,3,1,1.0,0.25
395,10000,Random-25,0,0,0,0.0,0.0
395,10000,VeraDM-prior,3,3,0,1.0,0.0
396,10000,Exhaustive-Expanded,2,2,0,0.6666666666666666,0.0
396,10000,Random-25,2,0,2,0.0,1.0
396,10000,VeraDM-prior,3,3,0,1.0,0.0
397,10000,Exhaustive-Expanded,1,1,0,0.3333333333333333,0.0
397,10000,Random-25,1,0,1,0.0,1.0
397,10000,VeraDM-prior,3,3,0,1.0,0.0
398,10000,Exhaustive-Expanded,1,1,0,0.3333333333333333,0.0
398,10000,Random-25,0,0,0,0.0,0.0
398,10000,VeraDM-prior,3,3,0,1.0,0.0
399,10000,Exhaustive-Expanded,3,3,0,1.0,0.0
399,10000,Random-25,1,0,1,0.0,1.0
399,10000,VeraDM-prior,3,2,1,0.6666666666666666,0.3333333333333333
400,10000,Exhaustive-Expanded,1,1,0,0.3333333333333333,0.0
400,10000,Random-25,0,0,0,0.0,0.0
400,10000,VeraDM-prior,3,3,0,1.0,0.0
401,10000,Exhaustive-Expanded,2,2,0,0.6666666666666666,0.0
401,10000,Random-25,0,0,0,0.0,0.0
401,10000,VeraDM-prior,1,1,0,0.3333333333333333,0.0
402,10000,Exhaustive-Expanded,2,2,0,0.6666666666666666,0.0
402,10000,Random-25,2,0,2,0.0,1.0
402,10000,VeraDM-prior,4,3,1,1.0,0.25
403,10000,Exhaustive-Expanded,2,2,0,0.6666666666666666,0.0
403,10000,Random-25,0,0,0,0.0,0.0
403,10000,VeraDM-prior,3,3,0,1.0,0.0
404,10000,Exhaustive-Expanded,0,0,0,0.0,0.0
404,10000,Random-25,1,0,1,0.0,1.0
404,10000,VeraDM-prior,4,3,1,1.0,0.25
405,10000,Exhaustive-Expanded,3,3,0,1.0,0.0
405,10000,Random-25,0,0,0,0.0,0.0
405,10000,VeraDM-prior,3,3,0,1.0,0.0
406,10000,Exhaustive-Expanded,3,3,0,1.0,0.0
406,10000,Random-25,0,0,0,0.0,0.0
406,10000,VeraDM-prior,3,3,0,1.0,0.0
407,10000,Exhaustive-Expanded,2,2,0,0.6666666666666666,0.0
407,10000,Random-25,0,0,0,0.0,0.0
407,10000,VeraDM-prior,3,3,0,1.0,0.0
408,10000,Exhaustive-Expanded,2,2,0,0.6666666666666666,0.0
408,10000,Random-25,1,0,1,0.0,1.0
408,10000,VeraDM-prior,2,2,0,0.6666666666666666,0.0
409,10000,Exhaustive-Expanded,0,0,0,0.0,0.0
409,10000,Random-25,1,0,1,0.0,1.0
409,10000,VeraDM-prior,3,3,0,1.0,0.0
410,10000,Exhaustive-Expanded,3,3,0,1.0,0.0
410,10000,Random-25,0,0,0,0.0,0.0
410,10000,VeraDM-prior,3,3,0,1.0,0.0
411,10000,Exhaustive-Expanded,2,2,0,0.6666666666666666,0.0
411,10000,Random-25,0,0,0,0.0,0.0
411,10000,VeraDM-prior,3,2,1,0.6666666666666666,0.3333333333333333
412,10000,Exhaustive-Expanded,1,1,0,0.3333333333333333,0.0
412,10000,Random-25,0,0,0,0.0,0.0
412,10000,VeraDM-prior,3,3,0,1.0,0.0
413,10000,Exhaustive-Expanded,4,3,1,1.0,0.25
413,10000,Random-25,2,0,2,0.0,1.0
413,10000,VeraDM-prior,3,3,0,1.0,0.0
414,10000,Exhaustive-Expanded,4,2,2,0.6666666666666666,0.5
414,10000,Random-25,0,0,0,0.0,0.0
414,10000,VeraDM-prior,2,2,0,0.6666666666666666,0.0
415,10000,Exhaustive-Expanded,2,2,0,0.6666666666666666,0.0
415,10000,Random-25,0,0,0,0.0,0.0
415,10000,VeraDM-prior,3,3,0,1.0,0.0
416,10000,Exhaustive-Expanded,1,1,0,0.3333333333333333,0.0
416,10000,Random-25,1,0,1,0.0,1.0
416,10000,VeraDM-prior,3,3,0,1.0,0.0
417,10000,Exhaustive-Expanded,1,1,0,0.3333333333333333,0.0
417,10000,Random-25,0,0,0,0.0,0.0
417,10000,VeraDM-prior,1,1,0,0.3333333333333333,0.0
418,10000,Exhaustive-Expanded,2,2,0,0.6666666666666666,0.0
418,10000,Random-25,1,0,1,0.0,1.0
418,10000,VeraDM-prior,4,3,1,1.0,0.25
419,10000,Exhaustive-Expanded,6,3,3,1.0,0.5
419,10000,Random-25,0,0,0,0.0,0.0
419,10000,VeraDM-prior,2,2,0,0.6666666666666666,0.0
420,10000,Exhaustive-Expanded,0,0,0,0.0,0.0
420,10000,Random-25,0,0,0,0.0,0.0
420,10000,VeraDM-prior,3,3,0,1.0,0.0
421,10000,Exhaustive-Expanded,3,3,0,1.0,0.0
421,10000,Random-25,0,0,0,0.0,0.0
421,10000,VeraDM-prior,4,3,1,1.0,0.25
422,10000,Exhaustive-Expanded,2,2,0,0.6666666666666666,0.0
422,10000,Random-25,0,0,0,0.0,0.0
422,10000,VeraDM-prior,3,3,0,1.0,0.0
423,10000,Exhaustive-Expanded,3,3,0,1.0,0.0
423,10000,Random-25,0,0,0,0.0,0.0
423,10000,VeraDM-prior,3,2,1,0.6666666666666666,0.3333333333333333
424,10000,Exhaustive-Expanded,3,3,0,1.0,0.0
424,10000,Random-25,2,0,2,0.0,1.0
424,10000,VeraDM-prior,4,3,1,1.0,0.25
425,10000,Exhaustive-Expanded,3,3,0,1.0,0.0
425,10000,Random-25,0,0,0,0.0,0.0
425,10000,VeraDM-prior,3,3,0,1.0,0.0
426,10000,Exhaustive-Expanded,3,3,0,1.0,0.0
426,10000,Random-25,0,0,0,0.0,0.0
426,10000,VeraDM-prior,5,3,2,1.0,0.4
427,10000,Exhaustive-Expanded,2,1,1,0.3333333333333333,0.5
427,10000,Random-25,0,0,0,0.0,0.0
427,10000,VeraDM-prior,4,3,1,1.0,0.25
428,10000,Exhaustive-Expanded,3,3,0,1.0,0.0
428,10000,Random-25,0,0,0,0.0,0.0
428,10000,VeraDM-prior,4,3,1,1.0,0.25
429,10000,Exhaustive-Expanded,3,2,1,0.6666666666666666,0.3333333333333333
429,10000,Random-25,1,0,1,0.0,1.0
429,10000,VeraDM-prior,2,2,0,0.6666666666666666,0.0
430,10000,Exhaustive-Expanded,3,2,1,0.6666666666666666,0.3333333333333333
430,10000,Random-25,0,0,0,0.0,0.0
430,10000,VeraDM-prior,4,3,1,1.0,0.25
431,10000,Exhaustive-Expanded,0,0,0,0.0,0.0
431,10000,Random-25,0,0,0,0.0,0.0
431,10000,VeraDM-prior,1,1,0,0.3333333333333333,0.0
432,10000,Exhaustive-Expanded,3,2,1,0.6666666666666666,0.3333333333333333
432,10000,Random-25,0,0,0,0.0,0.0
432,10000,VeraDM-prior,3,3,0,1.0,0.0
433,10000,Exhaustive-Expanded,2,1,1,0.3333333333333333,0.5
433,10000,Random-25,0,0,0,0.0,0.0
433,10000,VeraDM-prior,3,2,1,0.6666666666666666,0.3333333333333333
434,10000,Exhaustive-Expanded,2,2,0,0.6666666666666666,0.0
434,10000,Random-25,0,0,0,0.0,0.0
434,10000,VeraDM-prior,2,2,0,0.6666666666666666,0.0
435,10000,Exhaustive-Expanded,3,2,1,0.6666666666666666,0.3333333333333333
435,10000,Random-25,0,0,0,0.0,0.0
435,10000,VeraDM-prior,2,2,0,0.6666666666666666,0.0
436,10000,Exhaustive-Expanded,2,2,0,0.6666666666666666,0.0
436,10000,Random-25,2,0,2,0.0,1.0
436,10000,VeraDM-prior,3,3,0,1.0,0.0
437,10000,Exhaustive-Expanded,2,1,1,0.3333333333333333,0.5
437,10000,Random-25,0,0,0,0.0,0.0
437,10000,VeraDM-prior,5,3,2,1.0,0.4
438,10000,Exhaustive-Expanded,5,3,2,1.0,0.4
438,10000,Random-25,0,0,0,0.0,0.0
438,10000,VeraDM-prior,3,3,0,1.0,0.0
439,10000,Exhaustive-Expanded,2,2,0,0.6666666666666666,0.0
439,10000,Random-25,0,0,0,0.0,0.0
439,10000,VeraDM-prior,3,3,0,1.0,0.0
440,10000,Exhaustive-Expanded,1,1,0,0.3333333333333333,0.0
440,10000,Random-25,0,0,0,0.0,0.0
440,10000,VeraDM-prior,2,2,0,0.6666666666666666,0.0
441,10000,Exhaustive-Expanded,1,1,0,0.3333333333333333,0.0
441,10000,Random-25,0,0,0,0.0,0.0
441,10000,VeraDM-prior,3,3,0,1.0,0.0
442,10000,Exhaustive-Expanded,3,3,0,1.0,0.0
442,10000,Random-25,0,0,0,0.0,0.0
442,10000,VeraDM-prior,3,3,0,1.0,0.0
443,10000,Exhaustive-Expanded,3,2,1,0.6666666666666666,0.3333333333333333
443,10000,Random-25,0,0,0,0.0,0.0
443,10000,VeraDM-prior,3,2,1,0.6666666666666666,0.3333333333333333
444,10000,Exhaustive-Expanded,3,3,0,1.0,0.0
444,10000,Random-25,0,0,0,0.0,0.0
444,10000,VeraDM-prior,3,3,0,1.0,0.0
445,10000,Exhaustive-Expanded,5,1,4,0.3333333333333333,0.8
445,10000,Random-25,0,0,0,0.0,0.0
445,10000,VeraDM-prior,3,3,0,1.0,0.0
446,10000,Exhaustive-Expanded,2,2,0,0.6666666666666666,0.0
446,10000,Random-25,0,0,0,0.0,0.0
446,10000,VeraDM-prior,4,3,1,1.0,0.25
447,10000,Exhaustive-Expanded,5,3,2,1.0,0.4
447,10000,Random-25,0,0,0,0.0,0.0
447,10000,VeraDM-prior,4,3,1,1.0,0.25
448,10000,Exhaustive-Expanded,2,2,0,0.6666666666666666,0.0
448,10000,Random-25,0,0,0,0.0,0.0
448,10000,VeraDM-prior,4,2,2,0.6666666666666666,0.5
449,10000,Exhaustive-Expanded,2,2,0,0.6666666666666666,0.0
449,10000,Random-25,0,0,0,0.0,0.0
449,10000,VeraDM-prior,3,3,0,1.0,0.0
450,10000,Exhaustive-Expanded,2,2,0,0.6666666666666666,0.0
450,10000,Random-25,0,0,0,0.0,0.0
450,10000,VeraDM-prior,2,2,0,0.6666666666666666,0.0
451,10000,Exhaustive-Expanded,4,2,2,0.6666666666666666,0.5
451,10000,Random-25,0,0,0,0.0,0.0
451,10000,VeraDM-prior,2,2,0,0.6666666666666666,0.0
452,10000,Exhaustive-Expanded,3,2,1,0.6666666666666666,0.3333333333333333
452,10000,Random-25,0,0,0,0.0,0.0
452,10000,VeraDM-prior,3,3,0,1.0,0.0
453,10000,Exhaustive-Expanded,1,1,0,0.3333333333333333,0.0
453,10000,Random-25,0,0,0,0.0,0.0
453,10000,VeraDM-prior,3,2,1,0.6666666666666666,0.3333333333333333
454,10000,Exhaustive-Expanded,1,1,0,0.3333333333333333,0.0
454,10000,Random-25,1,0,1,0.0,1.0
454,10000,VeraDM-prior,2,2,0,0.6666666666666666,0.0
455,10000,Exhaustive-Expanded,2,2,0,0.6666666666666666,0.0
455,10000,Random-25,0,0,0,0.0,0.0
455,10000,VeraDM-prior,3,3,0,1.0,0.0
456,10000,Exhaustive-Expanded,4,3,1,1.0,0.25
456,10000,Random-25,0,0,0,0.0,0.0
456,10000,VeraDM-prior,2,2,0,0.6666666666666666,0.0
457,10000,Exhaustive-Expanded,2,2,0,0.6666666666666666,0.0
457,10000,Random-25,0,0,0,0.0,0.0
457,10000,VeraDM-prior,3,3,0,1.0,0.0
458,10000,Exhaustive-Expanded,3,3,0,1.0,0.0
458,10000,Random-25,3,0,3,0.0,1.0
458,10000,VeraDM-prior,3,3,0,1.0,0.0
459,10000,Exhaustive-Expanded,3,2,1,0.6666666666666666,0.3333333333333333
459,10000,Random-25,0,0,0,0.0,0.0
459,10000,VeraDM-prior,3,3,0,1.0,0.0
460,10000,Exhaustive-Expanded,0,0,0,0.0,0.0
460,10000,Random-25,0,0,0,0.0,0.0
460,10000,VeraDM-prior,3,3,0,1.0,0.0
461,10000,Exhaustive-Expanded,1,1,0,0.3333333333333333,0.0
461,10000,Random-25,0,0,0,0.0,0.0
461,10000,VeraDM-prior,2,2,0,0.6666666666666666,0.0
462,10000,Exhaustive-Expanded,0,0,0,0.0,0.0
462,10000,Random-25,0,0,0,0.0,0.0
462,10000,VeraDM-prior,2,2,0,0.6666666666666666,0.0
463,10000,Exhaustive-Expanded,1,1,0,0.3333333333333333,0.0
463,10000,Random-25,0,0,0,0.0,0.0
463,10000,VeraDM-prior,3,3,0,1.0,0.0
464,10000,Exhaustive-Expanded,2,1,1,0.3333333333333333,0.5
464,10000,Random-25,0,0,0,0.0,0.0
464,10000,VeraDM-prior,4,3,1,1.0,0.25
465,10000,Exhaustive-Expanded,1,1,0,0.3333333333333333,0.0
465,10000,Random-25,0,0,0,0.0,0.0
465,10000,VeraDM-prior,3,3,0,1.0,0.0
466,10000,Exhaustive-Expanded,2,2,0,0.6666666666666666,0.0
466,10000,Random-25,0,0,0,0.0,0.0
466,10000,VeraDM-prior,3,3,0,1.0,0.0
467,10000,Exhaustive-Expanded,2,1,1,0.3333333333333333,0.5
467,10000,Random-25,1,0,1,0.0,1.0
467,10000,VeraDM-prior,3,2,1,0.6666666666666666,0.3333333333333333
468,10000,Exhaustive-Expanded,3,3,0,1.0,0.0
468,10000,Random-25,0,0,0,0.0,0.0
468,10000,VeraDM-prior,3,3,0,1.0,0.0
469,10000,Exhaustive-Expanded,2,2,0,0.6666666666666666,0.0
469,10000,Random-25,1,1,0,0.3333333333333333,0.0
469,10000,VeraDM-prior,3,3,0,1.0,0.0
470,10000,Exhaustive-Expanded,1,1,0,0.3333333333333333,0.0
470,10000,Random-25,0,0,0,0.0,0.0
470,10000,VeraDM-prior,3,3,0,1.0,0.0
471,10000,Exhaustive-Expanded,2,1,1,0.3333333333333333,0.5
471,10000,Random-25,0,0,0,0.0,0.0
471,10000,VeraDM-prior,4,3,1,1.0,0.25
472,10000,Exhaustive-Expanded,2,2,0,0.6666666666666666,0.0
472,10000,Random-25,0,0,0,0.0,0.0
472,10000,VeraDM-prior,2,2,0,0.6666666666666666,0.0
473,10000,Exhaustive-Expanded,3,2,1,0.6666666666666666,0.3333333333333333
473,10000,Random-25,0,0,0,0.0,0.0
473,10000,VeraDM-prior,3,3,0,1.0,0.0
474,10000,Exhaustive-Expanded,1,1,0,0.3333333333333333,0.0
474,10000,Random-25,0,0,0,0.0,0.0
474,10000,VeraDM-prior,3,3,0,1.0,0.0
475,10000,Exhaustive-Expanded,0,0,0,0.0,0.0
475,10000,Random-25,0,0,0,0.0,0.0
475,10000,VeraDM-prior,2,2,0,0.6666666666666666,0.0
476,10000,Exhaustive-Expanded,2,2,0,0.6666666666666666,0.0
476,10000,Random-25,0,0,0,0.0,0.0
476,10000,VeraDM-prior,3,3,0,1.0,0.0
477,10000,Exhaustive-Expanded,1,1,0,0.3333333333333333,0.0
477,10000,Random-25,0,0,0,0.0,0.0
477,10000,VeraDM-prior,5,3,2,1.0,0.4
478,10000,Exhaustive-Expanded,1,1,0,0.3333333333333333,0.0
478,10000,Random-25,0,0,0,0.0,0.0
478,10000,VeraDM-prior,3,3,0,1.0,0.0
479,10000,Exhaustive-Expanded,1,0,1,0.0,1.0
479,10000,Random-25,0,0,0,0.0,0.0
479,10000,VeraDM-prior,4,3,1,1.0,0.25
480,10000,Exhaustive-Expanded,5,3,2,1.0,0.4
480,10000,Random-25,0,0,0,0.0,0.0
480,10000,VeraDM-prior,3,3,0,1.0,0.0
481,10000,Exhaustive-Expanded,2,2,0,0.6666666666666666,0.0
481,10000,Random-25,0,0,0,0.0,0.0
481,10000,VeraDM-prior,3,3,0,1.0,0.0
482,10000,Exhaustive-Expanded,3,3,0,1.0,0.0
482,10000,Random-25,0,0,0,0.0,0.0
482,10000,VeraDM-prior,3,3,0,1.0,0.0
483,10000,Exhaustive-Expanded,1,1,0,0.3333333333333333,0.0
483,10000,Random-25,0,0,0,0.0,0.0
483,10000,VeraDM-prior,5,3,2,1.0,0.4
484,10000,Exhaustive-Expanded,1,1,0,0.3333333333333333,0.0
484,10000,Random-25,0,0,0,0.0,0.0
484,10000,VeraDM-prior,3,3,0,1.0,0.0
485,10000,Exhaustive-Expanded,2,2,0,0.6666666666666666,0.0
485,10000,Random-25,0,0,0,0.0,0.0
485,10000,VeraDM-prior,2,2,0,0.6666666666666666,0.0
486,10000,Exhaustive-Expanded,0,0,0,0.0,0.0
486,10000,Random-25,0,0,0,0.0,0.0
486,10000,VeraDM-prior,3,3,0,1.0,0.0
487,10000,Exhaustive-Expanded,4,3,1,1.0,0.25
487,10000,Random-25,0,0,0,0.0,0.0
487,10000,VeraDM-prior,4,3,1,1.0,0.25
488,10000,Exhaustive-Expanded,2,2,0,0.6666666666666666,0.0
488,10000,Random-25,0,0,0,0.0,0.0
488,10000,VeraDM-prior,2,2,0,0.6666666666666666,0.0
489,10000,Exhaustive-Expanded,1,1,0,0.3333333333333333,0.0
489,10000,Random-25,0,0,0,0.0,0.0
489,10000,VeraDM-prior,2,2,0,0.6666666666666666,0.0
490,10000,Exhaustive-Expanded,1,1,0,0.3333333333333333,0.0
490,10000,Random-25,0,0,0,0.0,0.0
490,10000,VeraDM-prior,4,2,2,0.6666666666666666,0.5
491,10000,Exhaustive-Expanded,3,2,1,0.6666666666666666,0.3333333333333333
491,10000,Random-25,0,0,0,0.0,0.0
491,10000,VeraDM-prior,2,2,0,0.6666666666666666,0.0
492,10000,Exhaustive-Expanded,3,2,1,0.6666666666666666,0.3333333333333333
492,10000,Random-25,0,0,0,0.0,0.0
492,10000,VeraDM-prior,3,3,0,1.0,0.0
493,10000,Exhaustive-Expanded,1,1,0,0.3333333333333333,0.0
493,10000,Random-25,0,0,0,0.0,0.0
493,10000,VeraDM-prior,4,3,1,1.0,0.25
494,10000,Exhaustive-Expanded,2,2,0,0.6666666666666666,0.0
494,10000,Random-25,0,0,0,0.0,0.0
494,10000,VeraDM-prior,3,3,0,1.0,0.0
495,10000,Exhaustive-Expanded,0,0,0,0.0,0.0
495,10000,Random-25,0,0,0,0.0,0.0
495,10000,VeraDM-prior,3,3,0,1.0,0.0
496,10000,Exhaustive-Expanded,4,3,1,1.0,0.25
496,10000,Random-25,1,0,1,0.0,1.0
496,10000,VeraDM-prior,1,1,0,0.3333333333333333,0.0
497,10000,Exhaustive-Expanded,0,0,0,0.0,0.0
497,10000,Random-25,0,0,0,0.0,0.0
497,10000,VeraDM-prior,3,3,0,1.0,0.0
498,10000,Exhaustive-Expanded,2,2,0,0.6666666666666666,0.0
498,10000,Random-25,0,0,0,0.0,0.0
498,10000,VeraDM-prior,3,3,0,1.0,0.0
499,10000,Exhaustive-Expanded,2,2,0,0.6666666666666666,0.0
499,10000,Random-25,0,0,0,0.0,0.0
499,10000,VeraDM-prior,3,3,0,1.0,0.0
0,30000,Exhaustive-Expanded,3,2,1,0.6666666666666666,0.3333333333333333
0,30000,Random-25,0,0,0,0.0,0.0
0,30000,VeraDM-prior,2,2,0,0.6666666666666666,0.0
1,30000,Exhaustive-Expanded,3,3,0,1.0,0.0
1,30000,Random-25,0,0,0,0.0,0.0
1,30000,VeraDM-prior,3,3,0,1.0,0.0
2,30000,Exhaustive-Expanded,1,1,0,0.3333333333333333,0.0
2,30000,Random-25,0,0,0,0.0,0.0
2,30000,VeraDM-prior,3,3,0,1.0,0.0
3,30000,Exhaustive-Expanded,2,1,1,0.3333333333333333,0.5
3,30000,Random-25,0,0,0,0.0,0.0
3,30000,VeraDM-prior,3,3,0,1.0,0.0
4,30000,Exhaustive-Expanded,1,1,0,0.3333333333333333,0.0
4,30000,Random-25,0,0,0,0.0,0.0
4,30000,VeraDM-prior,3,3,0,1.0,0.0
5,30000,Exhaustive-Expanded,2,2,0,0.6666666666666666,0.0
5,30000,Random-25,0,0,0,0.0,0.0
5,30000,VeraDM-prior,2,2,0,0.6666666666666666,0.0
6,30000,Exhaustive-Expanded,2,2,0,0.6666666666666666,0.0
6,30000,Random-25,0,0,0,0.0,0.0
6,30000,VeraDM-prior,5,3,2,1.0,0.4
7,30000,Exhaustive-Expanded,0,0,0,0.0,0.0
7,30000,Random-25,0,0,0,0.0,0.0
7,30000,VeraDM-prior,2,2,0,0.6666666666666666,0.0
8,30000,Exhaustive-Expanded,2,2,0,0.6666666666666666,0.0
8,30000,Random-25,0,0,0,0.0,0.0
8,30000,VeraDM-prior,2,2,0,0.6666666666666666,0.0
9,30000,Exhaustive-Expanded,4,3,1,1.0,0.25
9,30000,Random-25,0,0,0,0.0,0.0
9,30000,VeraDM-prior,3,3,0,1.0,0.0
10,30000,Exhaustive-Expanded,2,2,0,0.6666666666666666,0.0
10,30000,Random-25,0,0,0,0.0,0.0
10,30000,VeraDM-prior,4,2,2,0.6666666666666666,0.5
11,30000,Exhaustive-Expanded,1,1,0,0.3333333333333333,0.0
11,30000,Random-25,2,0,2,0.0,1.0
11,30000,VeraDM-prior,3,3,0,1.0,0.0
12,30000,Exhaustive-Expanded,1,1,0,0.3333333333333333,0.0
12,30000,Random-25,0,0,0,0.0,0.0
12,30000,VeraDM-prior,2,2,0,0.6666666666666666,0.0
13,30000,Exhaustive-Expanded,2,1,1,0.3333333333333333,0.5
13,30000,Random-25,0,0,0,0.0,0.0
13,30000,VeraDM-prior,3,3,0,1.0,0.0
14,30000,Exhaustive-Expanded,2,2,0,0.6666666666666666,0.0
14,30000,Random-25,0,0,0,0.0,0.0
14,30000,VeraDM-prior,4,3,1,1.0,0.25
15,30000,Exhaustive-Expanded,0,0,0,0.0,0.0
15,30000,Random-25,0,0,0,0.0,0.0
15,30000,VeraDM-prior,3,3,0,1.0,0.0
16,30000,Exhaustive-Expanded,3,3,0,1.0,0.0
16,30000,Random-25,0,0,0,0.0,0.0
16,30000,VeraDM-prior,3,3,0,1.0,0.0
17,30000,Exhaustive-Expanded,2,2,0,0.6666666666666666,0.0
17,30000,Random-25,0,0,0,0.0,0.0
17,30000,VeraDM-prior,3,3,0,1.0,0.0
18,30000,Exhaustive-Expanded,1,1,0,0.3333333333333333,0.0
18,30000,Random-25,0,0,0,0.0,0.0
18,30000,VeraDM-prior,2,2,0,0.6666666666666666,0.0
19,30000,Exhaustive-Expanded,3,3,0,1.0,0.0
19,30000,Random-25,0,0,0,0.0,0.0
19,30000,VeraDM-prior,3,3,0,1.0,0.0
20,30000,Exhaustive-Expanded,2,2,0,0.6666666666666666,0.0
20,30000,Random-25,3,0,3,0.0,1.0
20,30000,VeraDM-prior,3,3,0,1.0,0.0
21,30000,Exhaustive-Expanded,0,0,0,0.0,0.0
21,30000,Random-25,0,0,0,0.0,0.0
21,30000,VeraDM-prior,3,2,1,0.6666666666666666,0.3333333333333333
22,30000,Exhaustive-Expanded,1,1,0,0.3333333333333333,0.0
22,30000,Random-25,0,0,0,0.0,0.0
22,30000,VeraDM-prior,3,3,0,1.0,0.0
23,30000,Exhaustive-Expanded,4,3,1,1.0,0.25
23,30000,Random-25,1,0,1,0.0,1.0
23,30000,VeraDM-prior,1,1,0,0.3333333333333333,0.0
24,30000,Exhaustive-Expanded,0,0,0,0.0,0.0
24,30000,Random-25,0,0,0,0.0,0.0
24,30000,VeraDM-prior,2,2,0,0.6666666666666666,0.0
25,30000,Exhaustive-Expanded,0,0,0,0.0,0.0
25,30000,Random-25,2,0,2,0.0,1.0
25,30000,VeraDM-prior,4,3,1,1.0,0.25
26,30000,Exhaustive-Expanded,1,1,0,0.3333333333333333,0.0
26,30000,Random-25,1,0,1,0.0,1.0
26,30000,VeraDM-prior,3,3,0,1.0,0.0
27,30000,Exhaustive-Expanded,1,1,0,0.3333333333333333,0.0
27,30000,Random-25,0,0,0,0.0,0.0
27,30000,VeraDM-prior,2,2,0,0.6666666666666666,0.0
28,30000,Exhaustive-Expanded,0,0,0,0.0,0.0
28,30000,Random-25,0,0,0,0.0,0.0
28,30000,VeraDM-prior,4,3,1,1.0,0.25
29,30000,Exhaustive-Expanded,1,1,0,0.3333333333333333,0.0
29,30000,Random-25,0,0,0,0.0,0.0
29,30000,VeraDM-prior,3,2,1,0.6666666666666666,0.3333333333333333
30,30000,Exhaustive-Expanded,2,2,0,0.6666666666666666,0.0
30,30000,Random-25,0,0,0,0.0,0.0
30,30000,VeraDM-prior,4,3,1,1.0,0.25
31,30000,Exhaustive-Expanded,1,1,0,0.3333333333333333,0.0
31,30000,Random-25,0,0,0,0.0,0.0
31,30000,VeraDM-prior,3,3,0,1.0,0.0
32,30000,Exhaustive-Expanded,2,1,1,0.3333333333333333,0.5
32,30000,Random-25,0,0,0,0.0,0.0
32,30000,VeraDM-prior,3,3,0,1.0,0.0
33,30000,Exhaustive-Expanded,1,1,0,0.3333333333333333,0.0
33,30000,Random-25,0,0,0,0.0,0.0
33,30000,VeraDM-prior,4,3,1,1.0,0.25
34,30000,Exhaustive-Expanded,3,2,1,0.6666666666666666,0.3333333333333333
34,30000,Random-25,0,0,0,0.0,0.0
34,30000,VeraDM-prior,2,2,0,0.6666666666666666,0.0
35,30000,Exhaustive-Expanded,2,2,0,0.6666666666666666,0.0
35,30000,Random-25,0,0,0,0.0,0.0
35,30000,VeraDM-prior,3,3,0,1.0,0.0
36,30000,Exhaustive-Expanded,2,2,0,0.6666666666666666,0.0
36,30000,Random-25,0,0,0,0.0,0.0
36,30000,VeraDM-prior,3,3,0,1.0,0.0
37,30000,Exhaustive-Expanded,1,1,0,0.3333333333333333,0.0
37,30000,Random-25,0,0,0,0.0,0.0
37,30000,VeraDM-prior,1,1,0,0.3333333333333333,0.0
38,30000,Exhaustive-Expanded,0,0,0,0.0,0.0
38,30000,Random-25,0,0,0,0.0,0.0
38,30000,VeraDM-prior,2,2,0,0.6666666666666666,0.0
39,30000,Exhaustive-Expanded,3,3,0,1.0,0.0
39,30000,Random-25,0,0,0,0.0,0.0
39,30000,VeraDM-prior,3,3,0,1.0,0.0
40,30000,Exhaustive-Expanded,2,2,0,0.6666666666666666,0.0
40,30000,Random-25,2,0,2,0.0,1.0
40,30000,VeraDM-prior,2,2,0,0.6666666666666666,0.0
41,30000,Exhaustive-Expanded,2,2,0,0.6666666666666666,0.0
41,30000,Random-25,0,0,0,0.0,0.0
41,30000,VeraDM-prior,2,2,0,0.6666666666666666,0.0
42,30000,Exhaustive-Expanded,0,0,0,0.0,0.0
42,30000,Random-25,0,0,0,0.0,0.0
42,30000,VeraDM-prior,3,3,0,1.0,0.0
43,30000,Exhaustive-Expanded,2,2,0,0.6666666666666666,0.0
43,30000,Random-25,0,0,0,0.0,0.0
43,30000,VeraDM-prior,3,3,0,1.0,0.0
44,30000,Exhaustive-Expanded,0,0,0,0.0,0.0
44,30000,Random-25,1,0,1,0.0,1.0
44,30000,VeraDM-prior,4,3,1,1.0,0.25
45,30000,Exhaustive-Expanded,1,1,0,0.3333333333333333,0.0
45,30000,Random-25,0,0,0,0.0,0.0
45,30000,VeraDM-prior,3,3,0,1.0,0.0
46,30000,Exhaustive-Expanded,0,0,0,0.0,0.0
46,30000,Random-25,0,0,0,0.0,0.0
46,30000,VeraDM-prior,2,2,0,0.6666666666666666,0.0
47,30000,Exhaustive-Expanded,1,1,0,0.3333333333333333,0.0
47,30000,Random-25,0,0,0,0.0,0.0
47,30000,VeraDM-prior,3,3,0,1.0,0.0
48,30000,Exhaustive-Expanded,2,2,0,0.6666666666666666,0.0
48,30000,Random-25,0,0,0,0.0,0.0
48,30000,VeraDM-prior,2,2,0,0.6666666666666666,0.0
49,30000,Exhaustive-Expanded,3,3,0,1.0,0.0
49,30000,Random-25,0,0,0,0.0,0.0
49,30000,VeraDM-prior,2,2,0,0.6666666666666666,0.0
50,30000,Exhaustive-Expanded,3,2,1,0.6666666666666666,0.3333333333333333
50,30000,Random-25,0,0,0,0.0,0.0
50,30000,VeraDM-prior,4,3,1,1.0,0.25
51,30000,Exhaustive-Expanded,3,3,0,1.0,0.0
51,30000,Random-25,0,0,0,0.0,0.0
51,30000,VeraDM-prior,5,3,2,1.0,0.4
52,30000,Exhaustive-Expanded,1,1,0,0.3333333333333333,0.0
52,30000,Random-25,0,0,0,0.0,0.0
52,30000,VeraDM-prior,3,3,0,1.0,0.0
53,30000,Exhaustive-Expanded,1,1,0,0.3333333333333333,0.0
53,30000,Random-25,0,0,0,0.0,0.0
53,30000,VeraDM-prior,4,3,1,1.0,0.25
54,30000,Exhaustive-Expanded,2,2,0,0.6666666666666666,0.0
54,30000,Random-25,0,0,0,0.0,0.0
54,30000,VeraDM-prior,2,2,0,0.6666666666666666,0.0
55,30000,Exhaustive-Expanded,3,2,1,0.6666666666666666,0.3333333333333333
55,30000,Random-25,0,0,0,0.0,0.0
55,30000,VeraDM-prior,2,2,0,0.6666666666666666,0.0
56,30000,Exhaustive-Expanded,3,2,1,0.6666666666666666,0.3333333333333333
56,30000,Random-25,0,0,0,0.0,0.0
56,30000,VeraDM-prior,3,3,0,1.0,0.0
57,30000,Exhaustive-Expanded,0,0,0,0.0,0.0
57,30000,Random-25,0,0,0,0.0,0.0
57,30000,VeraDM-prior,3,3,0,1.0,0.0
58,30000,Exhaustive-Expanded,5,3,2,1.0,0.4
58,30000,Random-25,0,0,0,0.0,0.0
58,30000,VeraDM-prior,3,2,1,0.6666666666666666,0.3333333333333333
59,30000,Exhaustive-Expanded,3,3,0,1.0,0.0
59,30000,Random-25,0,0,0,0.0,0.0
59,30000,VeraDM-prior,3,3,0,1.0,0.0
60,30000,Exhaustive-Expanded,1,1,0,0.3333333333333333,0.0
60,30000,Random-25,0,0,0,0.0,0.0
60,30000,VeraDM-prior,3,3,0,1.0,0.0
61,30000,Exhaustive-Expanded,3,2,1,0.6666666666666666,0.3333333333333333
61,30000,Random-25,0,0,0,0.0,0.0
61,30000,VeraDM-prior,3,3,0,1.0,0.0
62,30000,Exhaustive-Expanded,3,3,0,1.0,0.0
62,30000,Random-25,0,0,0,0.0,0.0
62,30000,VeraDM-prior,3,3,0,1.0,0.0
63,30000,Exhaustive-Expanded,3,3,0,1.0,0.0
63,30000,Random-25,1,0,1,0.0,1.0
63,30000,VeraDM-prior,3,3,0,1.0,0.0
64,30000,Exhaustive-Expanded,2,2,0,0.6666666666666666,0.0
64,30000,Random-25,0,0,0,0.0,0.0
64,30000,VeraDM-prior,1,1,0,0.3333333333333333,0.0
65,30000,Exhaustive-Expanded,3,2,1,0.6666666666666666,0.3333333333333333
65,30000,Random-25,0,0,0,0.0,0.0
65,30000,VeraDM-prior,3,3,0,1.0,0.0
66,30000,Exhaustive-Expanded,2,1,1,0.3333333333333333,0.5
66,30000,Random-25,0,0,0,0.0,0.0
66,30000,VeraDM-prior,3,3,0,1.0,0.0
67,30000,Exhaustive-Expanded,2,2,0,0.6666666666666666,0.0
67,30000,Random-25,0,0,0,0.0,0.0
67,30000,VeraDM-prior,4,2,2,0.6666666666666666,0.5
68,30000,Exhaustive-Expanded,2,1,1,0.3333333333333333,0.5
68,30000,Random-25,1,0,1,0.0,1.0
68,30000,VeraDM-prior,2,2,0,0.6666666666666666,0.0
69,30000,Exhaustive-Expanded,3,2,1,0.6666666666666666,0.3333333333333333
69,30000,Random-25,0,0,0,0.0,0.0
69,30000,VeraDM-prior,3,3,0,1.0,0.0
70,30000,Exhaustive-Expanded,1,1,0,0.3333333333333333,0.0
70,30000,Random-25,0,0,0,0.0,0.0
70,30000,VeraDM-prior,4,3,1,1.0,0.25
71,30000,Exhaustive-Expanded,3,3,0,1.0,0.0
71,30000,Random-25,0,0,0,0.0,0.0
71,30000,VeraDM-prior,4,3,1,1.0,0.25
72,30000,Exhaustive-Expanded,0,0,0,0.0,0.0
72,30000,Random-25,0,0,0,0.0,0.0
72,30000,VeraDM-prior,2,2,0,0.6666666666666666,0.0
73,30000,Exhaustive-Expanded,0,0,0,0.0,0.0
73,30000,Random-25,0,0,0,0.0,0.0
73,30000,VeraDM-prior,2,2,0,0.6666666666666666,0.0
74,30000,Exhaustive-Expanded,1,1,0,0.3333333333333333,0.0
74,30000,Random-25,0,0,0,0.0,0.0
74,30000,VeraDM-prior,4,3,1,1.0,0.25
75,30000,Exhaustive-Expanded,6,3,3,1.0,0.5
75,30000,Random-25,0,0,0,0.0,0.0
75,30000,VeraDM-prior,4,3,1,1.0,0.25
76,30000,Exhaustive-Expanded,2,2,0,0.6666666666666666,0.0
76,30000,Random-25,0,0,0,0.0,0.0
76,30000,VeraDM-prior,3,3,0,1.0,0.0
77,30000,Exhaustive-Expanded,0,0,0,0.0,0.0
77,30000,Random-25,0,0,0,0.0,0.0
77,30000,VeraDM-prior,3,3,0,1.0,0.0
78,30000,Exhaustive-Expanded,2,1,1,0.3333333333333333,0.5
78,30000,Random-25,1,0,1,0.0,1.0
78,30000,VeraDM-prior,3,3,0,1.0,0.0
79,30000,Exhaustive-Expanded,3,3,0,1.0,0.0
79,30000,Random-25,0,0,0,0.0,0.0
79,30000,VeraDM-prior,4,3,1,1.0,0.25
80,30000,Exhaustive-Expanded,2,2,0,0.6666666666666666,0.0
80,30000,Random-25,0,0,0,0.0,0.0
80,30000,VeraDM-prior,3,3,0,1.0,0.0
81,30000,Exhaustive-Expanded,2,2,0,0.6666666666666666,0.0
81,30000,Random-25,0,0,0,0.0,0.0
81,30000,VeraDM-prior,3,2,1,0.6666666666666666,0.3333333333333333
82,30000,Exhaustive-Expanded,0,0,0,0.0,0.0
82,30000,Random-25,0,0,0,0.0,0.0
82,30000,VeraDM-prior,2,2,0,0.6666666666666666,0.0
83,30000,Exhaustive-Expanded,5,2,3,0.6666666666666666,0.6
83,30000,Random-25,2,0,2,0.0,1.0
83,30000,VeraDM-prior,3,1,2,0.3333333333333333,0.6666666666666666
84,30000,Exhaustive-Expanded,3,1,2,0.3333333333333333,0.6666666666666666
84,30000,Random-25,0,0,0,0.0,0.0
84,30000,VeraDM-prior,2,2,0,0.6666666666666666,0.0
85,30000,Exhaustive-Expanded,0,0,0,0.0,0.0
85,30000,Random-25,0,0,0,0.0,0.0
85,30000,VeraDM-prior,3,3,0,1.0,0.0
86,30000,Exhaustive-Expanded,5,2,3,0.6666666666666666,0.6
86,30000,Random-25,0,0,0,0.0,0.0
86,30000,VeraDM-prior,5,3,2,1.0,0.4
87,30000,Exhaustive-Expanded,2,2,0,0.6666666666666666,0.0
87,30000,Random-25,0,0,0,0.0,0.0
87,30000,VeraDM-prior,3,3,0,1.0,0.0
88,30000,Exhaustive-Expanded,4,2,2,0.6666666666666666,0.5
88,30000,Random-25,0,0,0,0.0,0.0
88,30000,VeraDM-prior,2,2,0,0.6666666666666666,0.0
89,30000,Exhaustive-Expanded,2,2,0,0.6666666666666666,0.0
89,30000,Random-25,0,0,0,0.0,0.0
89,30000,VeraDM-prior,3,3,0,1.0,0.0
90,30000,Exhaustive-Expanded,1,1,0,0.3333333333333333,0.0
90,30000,Random-25,0,0,0,0.0,0.0
90,30000,VeraDM-prior,4,3,1,1.0,0.25
91,30000,Exhaustive-Expanded,4,3,1,1.0,0.25
91,30000,Random-25,0,0,0,0.0,0.0
91,30000,VeraDM-prior,2,2,0,0.6666666666666666,0.0
92,30000,Exhaustive-Expanded,5,2,3,0.6666666666666666,0.6
92,30000,Random-25,0,0,0,0.0,0.0
92,30000,VeraDM-prior,2,2,0,0.6666666666666666,0.0
93,30000,Exhaustive-Expanded,2,2,0,0.6666666666666666,0.0
93,30000,Random-25,0,0,0,0.0,0.0
93,30000,VeraDM-prior,1,1,0,0.3333333333333333,0.0
94,30000,Exhaustive-Expanded,2,2,0,0.6666666666666666,0.0
94,30000,Random-25,1,0,1,0.0,1.0
94,30000,VeraDM-prior,3,3,0,1.0,0.0
95,30000,Exhaustive-Expanded,1,1,0,0.3333333333333333,0.0
95,30000,Random-25,0,0,0,0.0,0.0
95,30000,VeraDM-prior,2,2,0,0.6666666666666666,0.0
96,30000,Exhaustive-Expanded,3,2,1,0.6666666666666666,0.3333333333333333
96,30000,Random-25,0,0,0,0.0,0.0
96,30000,VeraDM-prior,3,3,0,1.0,0.0
97,30000,Exhaustive-Expanded,0,0,0,0.0,0.0
97,30000,Random-25,0,0,0,0.0,0.0
97,30000,VeraDM-prior,2,2,0,0.6666666666666666,0.0
98,30000,Exhaustive-Expanded,1,1,0,0.3333333333333333,0.0
98,30000,Random-25,0,0,0,0.0,0.0
98,30000,VeraDM-prior,3,3,0,1.0,0.0
99,30000,Exhaustive-Expanded,3,3,0,1.0,0.0
99,30000,Random-25,0,0,0,0.0,0.0
99,30000,VeraDM-prior,4,3,1,1.0,0.25
100,30000,Exhaustive-Expanded,0,0,0,0.0,0.0
100,30000,Random-25,1,0,1,0.0,1.0
100,30000,VeraDM-prior,3,3,0,1.0,0.0
101,30000,Exhaustive-Expanded,2,1,1,0.3333333333333333,0.5
101,30000,Random-25,0,0,0,0.0,0.0
101,30000,VeraDM-prior,3,3,0,1.0,0.0
102,30000,Exhaustive-Expanded,2,2,0,0.6666666666666666,0.0
102,30000,Random-25,0,0,0,0.0,0.0
102,30000,VeraDM-prior,1,1,0,0.3333333333333333,0.0
103,30000,Exhaustive-Expanded,1,1,0,0.3333333333333333,0.0
103,30000,Random-25,0,0,0,0.0,0.0
103,30000,VeraDM-prior,2,2,0,0.6666666666666666,0.0
104,30000,Exhaustive-Expanded,3,3,0,1.0,0.0
104,30000,Random-25,0,0,0,0.0,0.0
104,30000,VeraDM-prior,4,3,1,1.0,0.25
105,30000,Exhaustive-Expanded,1,1,0,0.3333333333333333,0.0
105,30000,Random-25,0,0,0,0.0,0.0
105,30000,VeraDM-prior,1,1,0,0.3333333333333333,0.0
106,30000,Exhaustive-Expanded,0,0,0,0.0,0.0
106,30000,Random-25,0,0,0,0.0,0.0
106,30000,VeraDM-prior,2,2,0,0.6666666666666666,0.0
107,30000,Exhaustive-Expanded,1,1,0,0.3333333333333333,0.0
107,30000,Random-25,0,0,0,0.0,0.0
107,30000,VeraDM-prior,3,3,0,1.0,0.0
108,30000,Exhaustive-Expanded,0,0,0,0.0,0.0
108,30000,Random-25,0,0,0,0.0,0.0
108,30000,VeraDM-prior,4,3,1,1.0,0.25
109,30000,Exhaustive-Expanded,1,1,0,0.3333333333333333,0.0
109,30000,Random-25,2,0,2,0.0,1.0
109,30000,VeraDM-prior,3,3,0,1.0,0.0
110,30000,Exhaustive-Expanded,0,0,0,0.0,0.0
110,30000,Random-25,0,0,0,0.0,0.0
110,30000,VeraDM-prior,2,2,0,0.6666666666666666,0.0
111,30000,Exhaustive-Expanded,1,1,0,0.3333333333333333,0.0
111,30000,Random-25,1,0,1,0.0,1.0
111,30000,VeraDM-prior,5,2,3,0.6666666666666666,0.6
112,30000,Exhaustive-Expanded,3,3,0,1.0,0.0
112,30000,Random-25,0,0,0,0.0,0.0
112,30000,VeraDM-prior,1,1,0,0.3333333333333333,0.0
113,30000,Exhaustive-Expanded,2,2,0,0.6666666666666666,0.0
113,30000,Random-25,1,0,1,0.0,1.0
113,30000,VeraDM-prior,4,3,1,1.0,0.25
114,30000,Exhaustive-Expanded,0,0,0,0.0,0.0
114,30000,Random-25,0,0,0,0.0,0.0
114,30000,VeraDM-prior,3,3,0,1.0,0.0
115,30000,Exhaustive-Expanded,2,2,0,0.6666666666666666,0.0
115,30000,Random-25,0,0,0,0.0,0.0
115,30000,VeraDM-prior,2,2,0,0.6666666666666666,0.0
116,30000,Exhaustive-Expanded,2,2,0,0.6666666666666666,0.0
116,30000,Random-25,1,0,1,0.0,1.0
116,30000,VeraDM-prior,5,3,2,1.0,0.4
117,30000,Exhaustive-Expanded,3,3,0,1.0,0.0
117,30000,Random-25,3,0,3,0.0,1.0
117,30000,VeraDM-prior,3,3,0,1.0,0.0
118,30000,Exhaustive-Expanded,2,2,0,0.6666666666666666,0.0
118,30000,Random-25,0,0,0,0.0,0.0
118,30000,VeraDM-prior,3,3,0,1.0,0.0
119,30000,Exhaustive-Expanded,1,1,0,0.3333333333333333,0.0
119,30000,Random-25,0,0,0,0.0,0.0
119,30000,VeraDM-prior,3,2,1,0.6666666666666666,0.3333333333333333
120,30000,Exhaustive-Expanded,0,0,0,0.0,0.0
120,30000,Random-25,0,0,0,0.0,0.0
120,30000,VeraDM-prior,3,3,0,1.0,0.0
121,30000,Exhaustive-Expanded,2,2,0,0.6666666666666666,0.0
121,30000,Random-25,0,0,0,0.0,0.0
121,30000,VeraDM-prior,3,3,0,1.0,0.0
122,30000,Exhaustive-Expanded,3,3,0,1.0,0.0
122,30000,Random-25,0,0,0,0.0,0.0
122,30000,VeraDM-prior,3,3,0,1.0,0.0
123,30000,Exhaustive-Expanded,2,2,0,0.6666666666666666,0.0
123,30000,Random-25,0,0,0,0.0,0.0
123,30000,VeraDM-prior,3,3,0,1.0,0.0
124,30000,Exhaustive-Expanded,2,2,0,0.6666666666666666,0.0
124,30000,Random-25,0,0,0,0.0,0.0
124,30000,VeraDM-prior,4,3,1,1.0,0.25
125,30000,Exhaustive-Expanded,0,0,0,0.0,0.0
125,30000,Random-25,0,0,0,0.0,0.0
125,30000,VeraDM-prior,3,3,0,1.0,0.0
126,30000,Exhaustive-Expanded,2,2,0,0.6666666666666666,0.0
126,30000,Random-25,0,0,0,0.0,0.0
126,30000,VeraDM-prior,4,3,1,1.0,0.25
127,30000,Exhaustive-Expanded,1,1,0,0.3333333333333333,0.0
127,30000,Random-25,0,0,0,0.0,0.0
127,30000,VeraDM-prior,4,3,1,1.0,0.25
128,30000,Exhaustive-Expanded,0,0,0,0.0,0.0
128,30000,Random-25,0,0,0,0.0,0.0
128,30000,VeraDM-prior,2,2,0,0.6666666666666666,0.0
129,30000,Exhaustive-Expanded,1,1,0,0.3333333333333333,0.0
129,30000,Random-25,0,0,0,0.0,0.0
129,30000,VeraDM-prior,5,3,2,1.0,0.4
130,30000,Exhaustive-Expanded,1,1,0,0.3333333333333333,0.0
130,30000,Random-25,0,0,0,0.0,0.0
130,30000,VeraDM-prior,4,3,1,1.0,0.25
131,30000,Exhaustive-Expanded,1,1,0,0.3333333333333333,0.0
131,30000,Random-25,0,0,0,0.0,0.0
131,30000,VeraDM-prior,3,3,0,1.0,0.0
132,30000,Exhaustive-Expanded,2,2,0,0.6666666666666666,0.0
132,30000,Random-25,0,0,0,0.0,0.0
132,30000,VeraDM-prior,3,3,0,1.0,0.0
133,30000,Exhaustive-Expanded,3,3,0,1.0,0.0
133,30000,Random-25,0,0,0,0.0,0.0
133,30000,VeraDM-prior,2,2,0,0.6666666666666666,0.0
134,30000,Exhaustive-Expanded,2,2,0,0.6666666666666666,0.0
134,30000,Random-25,0,0,0,0.0,0.0
134,30000,VeraDM-prior,3,2,1,0.6666666666666666,0.3333333333333333
135,30000,Exhaustive-Expanded,1,1,0,0.3333333333333333,0.0
135,30000,Random-25,1,0,1,0.0,1.0
135,30000,VeraDM-prior,1,1,0,0.3333333333333333,0.0
136,30000,Exhaustive-Expanded,3,2,1,0.6666666666666666,0.3333333333333333
136,30000,Random-25,0,0,0,0.0,0.0
136,30000,VeraDM-prior,5,3,2,1.0,0.4
137,30000,Exhaustive-Expanded,5,3,2,1.0,0.4
137,30000,Random-25,0,0,0,0.0,0.0
137,30000,VeraDM-prior,3,3,0,1.0,0.0
138,30000,Exhaustive-Expanded,1,1,0,0.3333333333333333,0.0
138,30000,Random-25,0,0,0,0.0,0.0
138,30000,VeraDM-prior,3,3,0,1.0,0.0
139,30000,Exhaustive-Expanded,3,3,0,1.0,0.0
139,30000,Random-25,0,0,0,0.0,0.0
139,30000,VeraDM-prior,3,3,0,1.0,0.0
140,30000,Exhaustive-Expanded,1,1,0,0.3333333333333333,0.0
140,30000,Random-25,1,0,1,0.0,1.0
140,30000,VeraDM-prior,3,3,0,1.0,0.0
141,30000,Exhaustive-Expanded,2,2,0,0.6666666666666666,0.0
141,30000,Random-25,0,0,0,0.0,0.0
141,30000,VeraDM-prior,2,2,0,0.6666666666666666,0.0
142,30000,Exhaustive-Expanded,0,0,0,0.0,0.0
142,30000,Random-25,0,0,0,0.0,0.0
142,30000,VeraDM-prior,2,2,0,0.6666666666666666,0.0
143,30000,Exhaustive-Expanded,0,0,0,0.0,0.0
143,30000,Random-25,0,0,0,0.0,0.0
143,30000,VeraDM-prior,3,3,0,1.0,0.0
144,30000,Exhaustive-Expanded,0,0,0,0.0,0.0
144,30000,Random-25,0,0,0,0.0,0.0
144,30000,VeraDM-prior,5,3,2,1.0,0.4
145,30000,Exhaustive-Expanded,1,1,0,0.3333333333333333,0.0
145,30000,Random-25,0,0,0,0.0,0.0
145,30000,VeraDM-prior,3,3,0,1.0,0.0
146,30000,Exhaustive-Expanded,6,3,3,1.0,0.5
146,30000,Random-25,0,0,0,0.0,0.0
146,30000,VeraDM-prior,5,3,2,1.0,0.4
147,30000,Exhaustive-Expanded,3,3,0,1.0,0.0
147,30000,Random-25,1,0,1,0.0,1.0
147,30000,VeraDM-prior,5,3,2,1.0,0.4
148,30000,Exhaustive-Expanded,0,0,0,0.0,0.0
148,30000,Random-25,0,0,0,0.0,0.0
148,30000,VeraDM-prior,3,3,0,1.0,0.0
149,30000,Exhaustive-Expanded,2,2,0,0.6666666666666666,0.0
149,30000,Random-25,0,0,0,0.0,0.0
149,30000,VeraDM-prior,2,2,0,0.6666666666666666,0.0
150,30000,Exhaustive-Expanded,0,0,0,0.0,0.0
150,30000,Random-25,0,0,0,0.0,0.0
150,30000,VeraDM-prior,3,3,0,1.0,0.0
151,30000,Exhaustive-Expanded,2,2,0,0.6666666666666666,0.0
151,30000,Random-25,0,0,0,0.0,0.0
151,30000,VeraDM-prior,3,3,0,1.0,0.0
152,30000,Exhaustive-Expanded,1,1,0,0.3333333333333333,0.0
152,30000,Random-25,0,0,0,0.0,0.0
152,30000,VeraDM-prior,4,3,1,1.0,0.25
153,30000,Exhaustive-Expanded,1,1,0,0.3333333333333333,0.0
153,30000,Random-25,0,0,0,0.0,0.0
153,30000,VeraDM-prior,3,3,0,1.0,0.0
154,30000,Exhaustive-Expanded,0,0,0,0.0,0.0
154,30000,Random-25,0,0,0,0.0,0.0
154,30000,VeraDM-prior,2,2,0,0.6666666666666666,0.0
155,30000,Exhaustive-Expanded,3,3,0,1.0,0.0
155,30000,Random-25,0,0,0,0.0,0.0
155,30000,VeraDM-prior,3,3,0,1.0,0.0
156,30000,Exhaustive-Expanded,2,2,0,0.6666666666666666,0.0
156,30000,Random-25,0,0,0,0.0,0.0
156,30000,VeraDM-prior,6,3,3,1.0,0.5
157,30000,Exhaustive-Expanded,3,3,0,1.0,0.0
157,30000,Random-25,0,0,0,0.0,0.0
157,30000,VeraDM-prior,3,3,0,1.0,0.0
158,30000,Exhaustive-Expanded,1,1,0,0.3333333333333333,0.0
158,30000,Random-25,0,0,0,0.0,0.0
158,30000,VeraDM-prior,4,3,1,1.0,0.25
159,30000,Exhaustive-Expanded,2,2,0,0.6666666666666666,0.0
159,30000,Random-25,1,0,1,0.0,1.0
159,30000,VeraDM-prior,2,2,0,0.6666666666666666,0.0
160,30000,Exhaustive-Expanded,1,1,0,0.3333333333333333,0.0
160,30000,Random-25,0,0,0,0.0,0.0
160,30000,VeraDM-prior,3,3,0,1.0,0.0
161,30000,Exhaustive-Expanded,1,1,0,0.3333333333333333,0.0
161,30000,Random-25,0,0,0,0.0,0.0
161,30000,VeraDM-prior,3,3,0,1.0,0.0
162,30000,Exhaustive-Expanded,1,1,0,0.3333333333333333,0.0
162,30000,Random-25,0,0,0,0.0,0.0
162,30000,VeraDM-prior,3,2,1,0.6666666666666666,0.3333333333333333
163,30000,Exhaustive-Expanded,3,2,1,0.6666666666666666,0.3333333333333333
163,30000,Random-25,0,0,0,0.0,0.0
163,30000,VeraDM-prior,4,3,1,1.0,0.25
164,30000,Exhaustive-Expanded,3,2,1,0.6666666666666666,0.3333333333333333
164,30000,Random-25,0,0,0,0.0,0.0
164,30000,VeraDM-prior,3,3,0,1.0,0.0
165,30000,Exhaustive-Expanded,3,2,1,0.6666666666666666,0.3333333333333333
165,30000,Random-25,0,0,0,0.0,0.0
165,30000,VeraDM-prior,3,3,0,1.0,0.0
166,30000,Exhaustive-Expanded,0,0,0,0.0,0.0
166,30000,Random-25,0,0,0,0.0,0.0
166,30000,VeraDM-prior,3,3,0,1.0,0.0
167,30000,Exhaustive-Expanded,1,1,0,0.3333333333333333,0.0
167,30000,Random-25,0,0,0,0.0,0.0
167,30000,VeraDM-prior,5,2,3,0.6666666666666666,0.6
168,30000,Exhaustive-Expanded,3,3,0,1.0,0.0
168,30000,Random-25,0,0,0,0.0,0.0
168,30000,VeraDM-prior,3,3,0,1.0,0.0
169,30000,Exhaustive-Expanded,2,1,1,0.3333333333333333,0.5
169,30000,Random-25,0,0,0,0.0,0.0
169,30000,VeraDM-prior,4,3,1,1.0,0.25
170,30000,Exhaustive-Expanded,3,2,1,0.6666666666666666,0.3333333333333333
170,30000,Random-25,0,0,0,0.0,0.0
170,30000,VeraDM-prior,3,3,0,1.0,0.0
171,30000,Exhaustive-Expanded,1,1,0,0.3333333333333333,0.0
171,30000,Random-25,0,0,0,0.0,0.0
171,30000,VeraDM-prior,4,3,1,1.0,0.25
172,30000,Exhaustive-Expanded,1,1,0,0.3333333333333333,0.0
172,30000,Random-25,0,0,0,0.0,0.0
172,30000,VeraDM-prior,3,3,0,1.0,0.0
173,30000,Exhaustive-Expanded,4,3,1,1.0,0.25
173,30000,Random-25,0,0,0,0.0,0.0
173,30000,VeraDM-prior,2,2,0,0.6666666666666666,0.0
174,30000,Exhaustive-Expanded,1,1,0,0.3333333333333333,0.0
174,30000,Random-25,0,0,0,0.0,0.0
174,30000,VeraDM-prior,3,3,0,1.0,0.0
175,30000,Exhaustive-Expanded,2,2,0,0.6666666666666666,0.0
175,30000,Random-25,0,0,0,0.0,0.0
175,30000,VeraDM-prior,2,2,0,0.6666666666666666,0.0
176,30000,Exhaustive-Expanded,0,0,0,0.0,0.0
176,30000,Random-25,0,0,0,0.0,0.0
176,30000,VeraDM-prior,3,3,0,1.0,0.0
177,30000,Exhaustive-Expanded,1,1,0,0.3333333333333333,0.0
177,30000,Random-25,0,0,0,0.0,0.0
177,30000,VeraDM-prior,3,3,0,1.0,0.0
178,30000,Exhaustive-Expanded,1,1,0,0.3333333333333333,0.0
178,30000,Random-25,0,0,0,0.0,0.0
178,30000,VeraDM-prior,2,2,0,0.6666666666666666,0.0
179,30000,Exhaustive-Expanded,1,1,0,0.3333333333333333,0.0
179,30000,Random-25,0,0,0,0.0,0.0
179,30000,VeraDM-prior,4,3,1,1.0,0.25
180,30000,Exhaustive-Expanded,3,1,2,0.3333333333333333,0.6666666666666666
180,30000,Random-25,0,0,0,0.0,0.0
180,30000,VeraDM-prior,3,3,0,1.0,0.0
181,30000,Exhaustive-Expanded,2,2,0,0.6666666666666666,0.0
181,30000,Random-25,0,0,0,0.0,0.0
181,30000,VeraDM-prior,2,2,0,0.6666666666666666,0.0
182,30000,Exhaustive-Expanded,1,1,0,0.3333333333333333,0.0
182,30000,Random-25,0,0,0,0.0,0.0
182,30000,VeraDM-prior,3,3,0,1.0,0.0
183,30000,Exhaustive-Expanded,2,1,1,0.3333333333333333,0.5
183,30000,Random-25,0,0,0,0.0,0.0
183,30000,VeraDM-prior,3,2,1,0.6666666666666666,0.3333333333333333
184,30000,Exhaustive-Expanded,1,1,0,0.3333333333333333,0.0
184,30000,Random-25,0,0,0,0.0,0.0
184,30000,VeraDM-prior,4,3,1,1.0,0.25
185,30000,Exhaustive-Expanded,1,1,0,0.3333333333333333,0.0
185,30000,Random-25,0,0,0,0.0,0.0
185,30000,VeraDM-prior,3,3,0,1.0,0.0
186,30000,Exhaustive-Expanded,2,2,0,0.6666666666666666,0.0
186,30000,Random-25,1,0,1,0.0,1.0
186,30000,VeraDM-prior,2,2,0,0.6666666666666666,0.0
187,30000,Exhaustive-Expanded,2,2,0,0.6666666666666666,0.0
187,30000,Random-25,0,0,0,0.0,0.0
187,30000,VeraDM-prior,4,2,2,0.6666666666666666,0.5
188,30000,Exhaustive-Expanded,1,1,0,0.3333333333333333,0.0
188,30000,Random-25,0,0,0,0.0,0.0
188,30000,VeraDM-prior,2,2,0,0.6666666666666666,0.0
189,30000,Exhaustive-Expanded,4,3,1,1.0,0.25
189,30000,Random-25,0,0,0,0.0,0.0
189,30000,VeraDM-prior,1,1,0,0.3333333333333333,0.0
190,30000,Exhaustive-Expanded,0,0,0,0.0,0.0
190,30000,Random-25,0,0,0,0.0,0.0
190,30000,VeraDM-prior,2,2,0,0.6666666666666666,0.0
191,30000,Exhaustive-Expanded,6,3,3,1.0,0.5
191,30000,Random-25,0,0,0,0.0,0.0
191,30000,VeraDM-prior,3,3,0,1.0,0.0
192,30000,Exhaustive-Expanded,2,2,0,0.6666666666666666,0.0
192,30000,Random-25,0,0,0,0.0,0.0
192,30000,VeraDM-prior,4,3,1,1.0,0.25
193,30000,Exhaustive-Expanded,1,1,0,0.3333333333333333,0.0
193,30000,Random-25,2,0,2,0.0,1.0
193,30000,VeraDM-prior,2,2,0,0.6666666666666666,0.0
194,30000,Exhaustive-Expanded,0,0,0,0.0,0.0
194,30000,Random-25,0,0,0,0.0,0.0
194,30000,VeraDM-prior,4,3,1,1.0,0.25
195,30000,Exhaustive-Expanded,0,0,0,0.0,0.0
195,30000,Random-25,1,0,1,0.0,1.0
195,30000,VeraDM-prior,3,3,0,1.0,0.0
196,30000,Exhaustive-Expanded,1,0,1,0.0,1.0
196,30000,Random-25,0,0,0,0.0,0.0
196,30000,VeraDM-prior,5,3,2,1.0,0.4
197,30000,Exhaustive-Expanded,2,2,0,0.6666666666666666,0.0
197,30000,Random-25,0,0,0,0.0,0.0
197,30000,VeraDM-prior,3,2,1,0.6666666666666666,0.3333333333333333
198,30000,Exhaustive-Expanded,0,0,0,0.0,0.0
198,30000,Random-25,0,0,0,0.0,0.0
198,30000,VeraDM-prior,2,2,0,0.6666666666666666,0.0
199,30000,Exhaustive-Expanded,1,1,0,0.3333333333333333,0.0
199,30000,Random-25,0,0,0,0.0,0.0
199,30000,VeraDM-prior,2,2,0,0.6666666666666666,0.0
200,30000,Exhaustive-Expanded,3,3,0,1.0,0.0
200,30000,Random-25,0,0,0,0.0,0.0
200,30000,VeraDM-prior,3,3,0,1.0,0.0
201,30000,Exhaustive-Expanded,3,2,1,0.6666666666666666,0.3333333333333333
201,30000,Random-25,0,0,0,0.0,0.0
201,30000,VeraDM-prior,3,3,0,1.0,0.0
202,30000,Exhaustive-Expanded,2,2,0,0.6666666666666666,0.0
202,30000,Random-25,0,0,0,0.0,0.0
202,30000,VeraDM-prior,3,3,0,1.0,0.0
203,30000,Exhaustive-Expanded,1,1,0,0.3333333333333333,0.0
203,30000,Random-25,0,0,0,0.0,0.0
203,30000,VeraDM-prior,2,2,0,0.6666666666666666,0.0
204,30000,Exhaustive-Expanded,2,2,0,0.6666666666666666,0.0
204,30000,Random-25,0,0,0,0.0,0.0
204,30000,VeraDM-prior,4,3,1,1.0,0.25
205,30000,Exhaustive-Expanded,1,1,0,0.3333333333333333,0.0
205,30000,Random-25,0,0,0,0.0,0.0
205,30000,VeraDM-prior,3,3,0,1.0,0.0
206,30000,Exhaustive-Expanded,0,0,0,0.0,0.0
206,30000,Random-25,0,0,0,0.0,0.0
206,30000,VeraDM-prior,2,2,0,0.6666666666666666,0.0
207,30000,Exhaustive-Expanded,1,1,0,0.3333333333333333,0.0
207,30000,Random-25,0,0,0,0.0,0.0
207,30000,VeraDM-prior,3,3,0,1.0,0.0
208,30000,Exhaustive-Expanded,2,2,0,0.6666666666666666,0.0
208,30000,Random-25,0,0,0,0.0,0.0
208,30000,VeraDM-prior,5,3,2,1.0,0.4
209,30000,Exhaustive-Expanded,0,0,0,0.0,0.0
209,30000,Random-25,0,0,0,0.0,0.0
209,30000,VeraDM-prior,2,2,0,0.6666666666666666,0.0
210,30000,Exhaustive-Expanded,2,2,0,0.6666666666666666,0.0
210,30000,Random-25,1,0,1,0.0,1.0
210,30000,VeraDM-prior,3,3,0,1.0,0.0
211,30000,Exhaustive-Expanded,2,2,0,0.6666666666666666,0.0
211,30000,Random-25,0,0,0,0.0,0.0
211,30000,VeraDM-prior,2,2,0,0.6666666666666666,0.0
212,30000,Exhaustive-Expanded,1,1,0,0.3333333333333333,0.0
212,30000,Random-25,0,0,0,0.0,0.0
212,30000,VeraDM-prior,4,3,1,1.0,0.25
213,30000,Exhaustive-Expanded,2,2,0,0.6666666666666666,0.0
213,30000,Random-25,0,0,0,0.0,0.0
213,30000,VeraDM-prior,3,3,0,1.0,0.0
214,30000,Exhaustive-Expanded,3,3,0,1.0,0.0
214,30000,Random-25,0,0,0,0.0,0.0
214,30000,VeraDM-prior,2,2,0,0.6666666666666666,0.0
215,30000,Exhaustive-Expanded,3,2,1,0.6666666666666666,0.3333333333333333
215,30000,Random-25,1,0,1,0.0,1.0
215,30000,VeraDM-prior,4,3,1,1.0,0.25
216,30000,Exhaustive-Expanded,1,1,0,0.3333333333333333,0.0
216,30000,Random-25,0,0,0,0.0,0.0
216,30000,VeraDM-prior,2,2,0,0.6666666666666666,0.0
217,30000,Exhaustive-Expanded,3,3,0,1.0,0.0
217,30000,Random-25,0,0,0,0.0,0.0
217,30000,VeraDM-prior,4,3,1,1.0,0.25
218,30000,Exhaustive-Expanded,2,1,1,0.3333333333333333,0.5
218,30000,Random-25,0,0,0,0.0,0.0
218,30000,VeraDM-prior,3,3,0,1.0,0.0
219,30000,Exhaustive-Expanded,2,2,0,0.6666666666666666,0.0
219,30000,Random-25,0,0,0,0.0,0.0
219,30000,VeraDM-prior,3,3,0,1.0,0.0
220,30000,Exhaustive-Expanded,2,1,1,0.3333333333333333,0.5
220,30000,Random-25,0,0,0,0.0,0.0
220,30000,VeraDM-prior,3,3,0,1.0,0.0
221,30000,Exhaustive-Expanded,1,1,0,0.3333333333333333,0.0
221,30000,Random-25,0,0,0,0.0,0.0
221,30000,VeraDM-prior,6,3,3,1.0,0.5
222,30000,Exhaustive-Expanded,2,2,0,0.6666666666666666,0.0
222,30000,Random-25,0,0,0,0.0,0.0
222,30000,VeraDM-prior,4,3,1,1.0,0.25
223,30000,Exhaustive-Expanded,1,1,0,0.3333333333333333,0.0
223,30000,Random-25,0,0,0,0.0,0.0
223,30000,VeraDM-prior,3,3,0,1.0,0.0
224,30000,Exhaustive-Expanded,2,2,0,0.6666666666666666,0.0
224,30000,Random-25,0,0,0,0.0,0.0
224,30000,VeraDM-prior,4,3,1,1.0,0.25
225,30000,Exhaustive-Expanded,4,2,2,0.6666666666666666,0.5
225,30000,Random-25,0,0,0,0.0,0.0
225,30000,VeraDM-prior,3,3,0,1.0,0.0
226,30000,Exhaustive-Expanded,1,1,0,0.3333333333333333,0.0
226,30000,Random-25,0,0,0,0.0,0.0
226,30000,VeraDM-prior,1,1,0,0.3333333333333333,0.0
227,30000,Exhaustive-Expanded,2,2,0,0.6666666666666666,0.0
227,30000,Random-25,0,0,0,0.0,0.0
227,30000,VeraDM-prior,2,2,0,0.6666666666666666,0.0
228,30000,Exhaustive-Expanded,2,2,0,0.6666666666666666,0.0
228,30000,Random-25,0,0,0,0.0,0.0
228,30000,VeraDM-prior,2,2,0,0.6666666666666666,0.0
229,30000,Exhaustive-Expanded,1,1,0,0.3333333333333333,0.0
229,30000,Random-25,0,0,0,0.0,0.0
229,30000,VeraDM-prior,2,2,0,0.6666666666666666,0.0
230,30000,Exhaustive-Expanded,1,1,0,0.3333333333333333,0.0
230,30000,Random-25,0,0,0,0.0,0.0
230,30000,VeraDM-prior,2,2,0,0.6666666666666666,0.0
231,30000,Exhaustive-Expanded,1,1,0,0.3333333333333333,0.0
231,30000,Random-25,0,0,0,0.0,0.0
231,30000,VeraDM-prior,3,3,0,1.0,0.0
232,30000,Exhaustive-Expanded,2,2,0,0.6666666666666666,0.0
232,30000,Random-25,0,0,0,0.0,0.0
232,30000,VeraDM-prior,3,3,0,1.0,0.0
233,30000,Exhaustive-Expanded,3,2,1,0.6666666666666666,0.3333333333333333
233,30000,Random-25,0,0,0,0.0,0.0
233,30000,VeraDM-prior,2,2,0,0.6666666666666666,0.0
234,30000,Exhaustive-Expanded,2,2,0,0.6666666666666666,0.0
234,30000,Random-25,0,0,0,0.0,0.0
234,30000,VeraDM-prior,3,2,1,0.6666666666666666,0.3333333333333333
235,30000,Exhaustive-Expanded,3,3,0,1.0,0.0
235,30000,Random-25,0,0,0,0.0,0.0
235,30000,VeraDM-prior,2,2,0,0.6666666666666666,0.0
236,30000,Exhaustive-Expanded,3,3,0,1.0,0.0
236,30000,Random-25,0,0,0,0.0,0.0
236,30000,VeraDM-prior,3,3,0,1.0,0.0
237,30000,Exhaustive-Expanded,2,2,0,0.6666666666666666,0.0
237,30000,Random-25,0,0,0,0.0,0.0
237,30000,VeraDM-prior,3,3,0,1.0,0.0
238,30000,Exhaustive-Expanded,2,2,0,0.6666666666666666,0.0
238,30000,Random-25,0,0,0,0.0,0.0
238,30000,VeraDM-prior,2,2,0,0.6666666666666666,0.0
239,30000,Exhaustive-Expanded,4,2,2,0.6666666666666666,0.5
239,30000,Random-25,0,0,0,0.0,0.0
239,30000,VeraDM-prior,3,3,0,1.0,0.0
240,30000,Exhaustive-Expanded,1,1,0,0.3333333333333333,0.0
240,30000,Random-25,0,0,0,0.0,0.0
240,30000,VeraDM-prior,4,3,1,1.0,0.25
241,30000,Exhaustive-Expanded,1,1,0,0.3333333333333333,0.0
241,30000,Random-25,0,0,0,0.0,0.0
241,30000,VeraDM-prior,2,2,0,0.6666666666666666,0.0
242,30000,Exhaustive-Expanded,3,3,0,1.0,0.0
242,30000,Random-25,1,0,1,0.0,1.0
242,30000,VeraDM-prior,0,0,0,0.0,0.0
243,30000,Exhaustive-Expanded,1,1,0,0.3333333333333333,0.0
243,30000,Random-25,0,0,0,0.0,0.0
243,30000,VeraDM-prior,2,2,0,0.6666666666666666,0.0
244,30000,Exhaustive-Expanded,1,1,0,0.3333333333333333,0.0
244,30000,Random-25,0,0,0,0.0,0.0
244,30000,VeraDM-prior,3,3,0,1.0,0.0
245,30000,Exhaustive-Expanded,1,1,0,0.3333333333333333,0.0
245,30000,Random-25,0,0,0,0.0,0.0
245,30000,VeraDM-prior,1,1,0,0.3333333333333333,0.0
246,30000,Exhaustive-Expanded,1,1,0,0.3333333333333333,0.0
246,30000,Random-25,0,0,0,0.0,0.0
246,30000,VeraDM-prior,3,3,0,1.0,0.0
247,30000,Exhaustive-Expanded,2,2,0,0.6666666666666666,0.0
247,30000,Random-25,0,0,0,0.0,0.0
247,30000,VeraDM-prior,3,3,0,1.0,0.0
248,30000,Exhaustive-Expanded,3,2,1,0.6666666666666666,0.3333333333333333
248,30000,Random-25,0,0,0,0.0,0.0
248,30000,VeraDM-prior,4,3,1,1.0,0.25
249,30000,Exhaustive-Expanded,0,0,0,0.0,0.0
249,30000,Random-25,0,0,0,0.0,0.0
249,30000,VeraDM-prior,2,2,0,0.6666666666666666,0.0
250,30000,Exhaustive-Expanded,0,0,0,0.0,0.0
250,30000,Random-25,0,0,0,0.0,0.0
250,30000,VeraDM-prior,3,3,0,1.0,0.0
251,30000,Exhaustive-Expanded,0,0,0,0.0,0.0
251,30000,Random-25,0,0,0,0.0,0.0
251,30000,VeraDM-prior,4,3,1,1.0,0.25
252,30000,Exhaustive-Expanded,4,3,1,1.0,0.25
252,30000,Random-25,0,0,0,0.0,0.0
252,30000,VeraDM-prior,4,3,1,1.0,0.25
253,30000,Exhaustive-Expanded,2,2,0,0.6666666666666666,0.0
253,30000,Random-25,0,0,0,0.0,0.0
253,30000,VeraDM-prior,3,3,0,1.0,0.0
254,30000,Exhaustive-Expanded,1,1,0,0.3333333333333333,0.0
254,30000,Random-25,0,0,0,0.0,0.0
254,30000,VeraDM-prior,2,2,0,0.6666666666666666,0.0
255,30000,Exhaustive-Expanded,1,1,0,0.3333333333333333,0.0
255,30000,Random-25,0,0,0,0.0,0.0
255,30000,VeraDM-prior,2,2,0,0.6666666666666666,0.0
256,30000,Exhaustive-Expanded,2,2,0,0.6666666666666666,0.0
256,30000,Random-25,0,0,0,0.0,0.0
256,30000,VeraDM-prior,4,3,1,1.0,0.25
257,30000,Exhaustive-Expanded,2,2,0,0.6666666666666666,0.0
257,30000,Random-25,0,0,0,0.0,0.0
257,30000,VeraDM-prior,2,2,0,0.6666666666666666,0.0
258,30000,Exhaustive-Expanded,1,1,0,0.3333333333333333,0.0
258,30000,Random-25,0,0,0,0.0,0.0
258,30000,VeraDM-prior,3,3,0,1.0,0.0
259,30000,Exhaustive-Expanded,4,3,1,1.0,0.25
259,30000,Random-25,0,0,0,0.0,0.0
259,30000,VeraDM-prior,3,2,1,0.6666666666666666,0.3333333333333333
260,30000,Exhaustive-Expanded,2,2,0,0.6666666666666666,0.0
260,30000,Random-25,0,0,0,0.0,0.0
260,30000,VeraDM-prior,4,3,1,1.0,0.25
261,30000,Exhaustive-Expanded,1,1,0,0.3333333333333333,0.0
261,30000,Random-25,1,0,1,0.0,1.0
261,30000,VeraDM-prior,4,3,1,1.0,0.25
262,30000,Exhaustive-Expanded,1,1,0,0.3333333333333333,0.0
262,30000,Random-25,0,0,0,0.0,0.0
262,30000,VeraDM-prior,2,2,0,0.6666666666666666,0.0
263,30000,Exhaustive-Expanded,4,2,2,0.6666666666666666,0.5
263,30000,Random-25,0,0,0,0.0,0.0
263,30000,VeraDM-prior,2,2,0,0.6666666666666666,0.0
264,30000,Exhaustive-Expanded,2,2,0,0.6666666666666666,0.0
264,30000,Random-25,0,0,0,0.0,0.0
264,30000,VeraDM-prior,3,3,0,1.0,0.0
265,30000,Exhaustive-Expanded,3,2,1,0.6666666666666666,0.3333333333333333
265,30000,Random-25,2,0,2,0.0,1.0
265,30000,VeraDM-prior,3,2,1,0.6666666666666666,0.3333333333333333
266,30000,Exhaustive-Expanded,1,1,0,0.3333333333333333,0.0
266,30000,Random-25,0,0,0,0.0,0.0
266,30000,VeraDM-prior,3,3,0,1.0,0.0
267,30000,Exhaustive-Expanded,1,0,1,0.0,1.0
267,30000,Random-25,2,0,2,0.0,1.0
267,30000,VeraDM-prior,3,3,0,1.0,0.0
268,30000,Exhaustive-Expanded,1,1,0,0.3333333333333333,0.0
268,30000,Random-25,0,0,0,0.0,0.0
268,30000,VeraDM-prior,2,2,0,0.6666666666666666,0.0
269,30000,Exhaustive-Expanded,3,2,1,0.6666666666666666,0.3333333333333333
269,30000,Random-25,0,0,0,0.0,0.0
269,30000,VeraDM-prior,3,3,0,1.0,0.0
270,30000,Exhaustive-Expanded,4,2,2,0.6666666666666666,0.5
270,30000,Random-25,0,0,0,0.0,0.0
270,30000,VeraDM-prior,3,3,0,1.0,0.0
271,30000,Exhaustive-Expanded,3,2,1,0.6666666666666666,0.3333333333333333
271,30000,Random-25,0,0,0,0.0,0.0
271,30000,VeraDM-prior,3,3,0,1.0,0.0
272,30000,Exhaustive-Expanded,3,2,1,0.6666666666666666,0.3333333333333333
272,30000,Random-25,0,0,0,0.0,0.0
272,30000,VeraDM-prior,5,3,2,1.0,0.4
273,30000,Exhaustive-Expanded,2,1,1,0.3333333333333333,0.5
273,30000,Random-25,0,0,0,0.0,0.0
273,30000,VeraDM-prior,4,3,1,1.0,0.25
274,30000,Exhaustive-Expanded,1,1,0,0.3333333333333333,0.0
274,30000,Random-25,0,0,0,0.0,0.0
274,30000,VeraDM-prior,3,3,0,1.0,0.0
275,30000,Exhaustive-Expanded,2,2,0,0.6666666666666666,0.0
275,30000,Random-25,0,0,0,0.0,0.0
275,30000,VeraDM-prior,1,1,0,0.3333333333333333,0.0
276,30000,Exhaustive-Expanded,2,2,0,0.6666666666666666,0.0
276,30000,Random-25,0,0,0,0.0,0.0
276,30000,VeraDM-prior,3,3,0,1.0,0.0
277,30000,Exhaustive-Expanded,3,2,1,0.6666666666666666,0.3333333333333333
277,30000,Random-25,0,0,0,0.0,0.0
277,30000,VeraDM-prior,3,3,0,1.0,0.0
278,30000,Exhaustive-Expanded,3,2,1,0.6666666666666666,0.3333333333333333
278,30000,Random-25,0,0,0,0.0,0.0
278,30000,VeraDM-prior,3,3,0,1.0,0.0
279,30000,Exhaustive-Expanded,2,2,0,0.6666666666666666,0.0
279,30000,Random-25,1,0,1,0.0,1.0
279,30000,VeraDM-prior,3,3,0,1.0,0.0
280,30000,Exhaustive-Expanded,0,0,0,0.0,0.0
280,30000,Random-25,0,0,0,0.0,0.0
280,30000,VeraDM-prior,3,3,0,1.0,0.0
281,30000,Exhaustive-Expanded,6,2,4,0.6666666666666666,0.6666666666666666
281,30000,Random-25,0,0,0,0.0,0.0
281,30000,VeraDM-prior,4,3,1,1.0,0.25
282,30000,Exhaustive-Expanded,2,2,0,0.6666666666666666,0.0
282,30000,Random-25,0,0,0,0.0,0.0
282,30000,VeraDM-prior,2,2,0,0.6666666666666666,0.0
283,30000,Exhaustive-Expanded,1,1,0,0.3333333333333333,0.0
283,30000,Random-25,0,0,0,0.0,0.0
283,30000,VeraDM-prior,3,3,0,1.0,0.0
284,30000,Exhaustive-Expanded,1,0,1,0.0,1.0
284,30000,Random-25,0,0,0,0.0,0.0
284,30000,VeraDM-prior,1,1,0,0.3333333333333333,0.0
285,30000,Exhaustive-Expanded,3,2,1,0.6666666666666666,0.3333333333333333
285,30000,Random-25,0,0,0,0.0,0.0
285,30000,VeraDM-prior,1,1,0,0.3333333333333333,0.0
286,30000,Exhaustive-Expanded,2,1,1,0.3333333333333333,0.5
286,30000,Random-25,0,0,0,0.0,0.0
286,30000,VeraDM-prior,3,2,1,0.6666666666666666,0.3333333333333333
287,30000,Exhaustive-Expanded,2,2,0,0.6666666666666666,0.0
287,30000,Random-25,0,0,0,0.0,0.0
287,30000,VeraDM-prior,3,3,0,1.0,0.0
288,30000,Exhaustive-Expanded,2,2,0,0.6666666666666666,0.0
288,30000,Random-25,0,0,0,0.0,0.0
288,30000,VeraDM-prior,3,2,1,0.6666666666666666,0.3333333333333333
289,30000,Exhaustive-Expanded,2,2,0,0.6666666666666666,0.0
289,30000,Random-25,0,0,0,0.0,0.0
289,30000,VeraDM-prior,3,3,0,1.0,0.0
290,30000,Exhaustive-Expanded,3,2,1,0.6666666666666666,0.3333333333333333
290,30000,Random-25,0,0,0,0.0,0.0
290,30000,VeraDM-prior,3,3,0,1.0,0.0
291,30000,Exhaustive-Expanded,1,1,0,0.3333333333333333,0.0
291,30000,Random-25,1,0,1,0.0,1.0
291,30000,VeraDM-prior,3,3,0,1.0,0.0
292,30000,Exhaustive-Expanded,3,2,1,0.6666666666666666,0.3333333333333333
292,30000,Random-25,0,0,0,0.0,0.0
292,30000,VeraDM-prior,3,3,0,1.0,0.0
293,30000,Exhaustive-Expanded,3,2,1,0.6666666666666666,0.3333333333333333
293,30000,Random-25,0,0,0,0.0,0.0
293,30000,VeraDM-prior,5,3,2,1.0,0.4
294,30000,Exhaustive-Expanded,3,2,1,0.6666666666666666,0.3333333333333333
294,30000,Random-25,0,0,0,0.0,0.0
294,30000,VeraDM-prior,2,2,0,0.6666666666666666,0.0
295,30000,Exhaustive-Expanded,3,3,0,1.0,0.0
295,30000,Random-25,0,0,0,0.0,0.0
295,30000,VeraDM-prior,3,3,0,1.0,0.0
296,30000,Exhaustive-Expanded,4,2,2,0.6666666666666666,0.5
296,30000,Random-25,1,0,1,0.0,1.0
296,30000,VeraDM-prior,3,3,0,1.0,0.0
297,30000,Exhaustive-Expanded,2,2,0,0.6666666666666666,0.0
297,30000,Random-25,0,0,0,0.0,0.0
297,30000,VeraDM-prior,3,3,0,1.0,0.0
298,30000,Exhaustive-Expanded,3,2,1,0.6666666666666666,0.3333333333333333
298,30000,Random-25,1,0,1,0.0,1.0
298,30000,VeraDM-prior,2,2,0,0.6666666666666666,0.0
299,30000,Exhaustive-Expanded,3,3,0,1.0,0.0
299,30000,Random-25,0,0,0,0.0,0.0
299,30000,VeraDM-prior,3,3,0,1.0,0.0
300,30000,Exhaustive-Expanded,6,3,3,1.0,0.5
300,30000,Random-25,0,0,0,0.0,0.0
300,30000,VeraDM-prior,2,2,0,0.6666666666666666,0.0
301,30000,Exhaustive-Expanded,3,2,1,0.6666666666666666,0.3333333333333333
301,30000,Random-25,0,0,0,0.0,0.0
301,30000,VeraDM-prior,1,1,0,0.3333333333333333,0.0
302,30000,Exhaustive-Expanded,2,2,0,0.6666666666666666,0.0
302,30000,Random-25,0,0,0,0.0,0.0
302,30000,VeraDM-prior,2,2,0,0.6666666666666666,0.0
303,30000,Exhaustive-Expanded,0,0,0,0.0,0.0
303,30000,Random-25,0,0,0,0.0,0.0
303,30000,VeraDM-prior,2,2,0,0.6666666666666666,0.0
304,30000,Exhaustive-Expanded,2,2,0,0.6666666666666666,0.0
304,30000,Random-25,0,0,0,0.0,0.0
304,30000,VeraDM-prior,3,3,0,1.0,0.0
305,30000,Exhaustive-Expanded,0,0,0,0.0,0.0
305,30000,Random-25,0,0,0,0.0,0.0
305,30000,VeraDM-prior,3,3,0,1.0,0.0
306,30000,Exhaustive-Expanded,1,1,0,0.3333333333333333,0.0
306,30000,Random-25,0,0,0,0.0,0.0
306,30000,VeraDM-prior,3,3,0,1.0,0.0
307,30000,Exhaustive-Expanded,3,3,0,1.0,0.0
307,30000,Random-25,0,0,0,0.0,0.0
307,30000,VeraDM-prior,3,2,1,0.6666666666666666,0.3333333333333333
308,30000,Exhaustive-Expanded,3,3,0,1.0,0.0
308,30000,Random-25,0,0,0,0.0,0.0
308,30000,VeraDM-prior,3,3,0,1.0,0.0
309,30000,Exhaustive-Expanded,0,0,0,0.0,0.0
309,30000,Random-25,0,0,0,0.0,0.0
309,30000,VeraDM-prior,2,2,0,0.6666666666666666,0.0
310,30000,Exhaustive-Expanded,4,3,1,1.0,0.25
310,30000,Random-25,0,0,0,0.0,0.0
310,30000,VeraDM-prior,3,3,0,1.0,0.0
311,30000,Exhaustive-Expanded,2,2,0,0.6666666666666666,0.0
311,30000,Random-25,0,0,0,0.0,0.0
311,30000,VeraDM-prior,2,2,0,0.6666666666666666,0.0
312,30000,Exhaustive-Expanded,0,0,0,0.0,0.0
312,30000,Random-25,0,0,0,0.0,0.0
312,30000,VeraDM-prior,3,3,0,1.0,0.0
313,30000,Exhaustive-Expanded,1,1,0,0.3333333333333333,0.0
313,30000,Random-25,0,0,0,0.0,0.0
313,30000,VeraDM-prior,4,3,1,1.0,0.25
314,30000,Exhaustive-Expanded,2,2,0,0.6666666666666666,0.0
314,30000,Random-25,0,0,0,0.0,0.0
314,30000,VeraDM-prior,4,3,1,1.0,0.25
315,30000,Exhaustive-Expanded,5,3,2,1.0,0.4
315,30000,Random-25,0,0,0,0.0,0.0
315,30000,VeraDM-prior,3,2,1,0.6666666666666666,0.3333333333333333
316,30000,Exhaustive-Expanded,2,2,0,0.6666666666666666,0.0
316,30000,Random-25,0,0,0,0.0,0.0
316,30000,VeraDM-prior,1,1,0,0.3333333333333333,0.0
317,30000,Exhaustive-Expanded,1,1,0,0.3333333333333333,0.0
317,30000,Random-25,0,0,0,0.0,0.0
317,30000,VeraDM-prior,2,2,0,0.6666666666666666,0.0
318,30000,Exhaustive-Expanded,0,0,0,0.0,0.0
318,30000,Random-25,0,0,0,0.0,0.0
318,30000,VeraDM-prior,3,3,0,1.0,0.0
319,30000,Exhaustive-Expanded,3,3,0,1.0,0.0
319,30000,Random-25,0,0,0,0.0,0.0
319,30000,VeraDM-prior,4,3,1,1.0,0.25
320,30000,Exhaustive-Expanded,1,1,0,0.3333333333333333,0.0
320,30000,Random-25,0,0,0,0.0,0.0
320,30000,VeraDM-prior,3,3,0,1.0,0.0
321,30000,Exhaustive-Expanded,3,2,1,0.6666666666666666,0.3333333333333333
321,30000,Random-25,0,0,0,0.0,0.0
321,30000,VeraDM-prior,3,3,0,1.0,0.0
322,30000,Exhaustive-Expanded,2,2,0,0.6666666666666666,0.0
322,30000,Random-25,0,0,0,0.0,0.0
322,30000,VeraDM-prior,8,3,5,1.0,0.625
323,30000,Exhaustive-Expanded,1,0,1,0.0,1.0
323,30000,Random-25,0,0,0,0.0,0.0
323,30000,VeraDM-prior,2,2,0,0.6666666666666666,0.0
324,30000,Exhaustive-Expanded,1,1,0,0.3333333333333333,0.0
324,30000,Random-25,1,1,0,0.3333333333333333,0.0
324,30000,VeraDM-prior,4,3,1,1.0,0.25
325,30000,Exhaustive-Expanded,3,2,1,0.6666666666666666,0.3333333333333333
325,30000,Random-25,0,0,0,0.0,0.0
325,30000,VeraDM-prior,5,3,2,1.0,0.4
326,30000,Exhaustive-Expanded,1,1,0,0.3333333333333333,0.0
326,30000,Random-25,0,0,0,0.0,0.0
326,30000,VeraDM-prior,3,3,0,1.0,0.0
327,30000,Exhaustive-Expanded,1,1,0,0.3333333333333333,0.0
327,30000,Random-25,0,0,0,0.0,0.0
327,30000,VeraDM-prior,2,2,0,0.6666666666666666,0.0
328,30000,Exhaustive-Expanded,2,2,0,0.6666666666666666,0.0
328,30000,Random-25,0,0,0,0.0,0.0
328,30000,VeraDM-prior,2,2,0,0.6666666666666666,0.0
329,30000,Exhaustive-Expanded,2,2,0,0.6666666666666666,0.0
329,30000,Random-25,0,0,0,0.0,0.0
329,30000,VeraDM-prior,3,3,0,1.0,0.0
330,30000,Exhaustive-Expanded,3,2,1,0.6666666666666666,0.3333333333333333
330,30000,Random-25,0,0,0,0.0,0.0
330,30000,VeraDM-prior,3,3,0,1.0,0.0
331,30000,Exhaustive-Expanded,1,1,0,0.3333333333333333,0.0
331,30000,Random-25,0,0,0,0.0,0.0
331,30000,VeraDM-prior,3,3,0,1.0,0.0
332,30000,Exhaustive-Expanded,2,2,0,0.6666666666666666,0.0
332,30000,Random-25,0,0,0,0.0,0.0
332,30000,VeraDM-prior,3,3,0,1.0,0.0
333,30000,Exhaustive-Expanded,0,0,0,0.0,0.0
333,30000,Random-25,0,0,0,0.0,0.0
333,30000,VeraDM-prior,2,2,0,0.6666666666666666,0.0
334,30000,Exhaustive-Expanded,1,1,0,0.3333333333333333,0.0
334,30000,Random-25,0,0,0,0.0,0.0
334,30000,VeraDM-prior,3,3,0,1.0,0.0
335,30000,Exhaustive-Expanded,2,1,1,0.3333333333333333,0.5
335,30000,Random-25,1,0,1,0.0,1.0
335,30000,VeraDM-prior,3,3,0,1.0,0.0
336,30000,Exhaustive-Expanded,4,3,1,1.0,0.25
336,30000,Random-25,0,0,0,0.0,0.0
336,30000,VeraDM-prior,2,2,0,0.6666666666666666,0.0
337,30000,Exhaustive-Expanded,2,1,1,0.3333333333333333,0.5
337,30000,Random-25,0,0,0,0.0,0.0
337,30000,VeraDM-prior,1,1,0,0.3333333333333333,0.0
338,30000,Exhaustive-Expanded,1,1,0,0.3333333333333333,0.0
338,30000,Random-25,0,0,0,0.0,0.0
338,30000,VeraDM-prior,2,2,0,0.6666666666666666,0.0
339,30000,Exhaustive-Expanded,1,1,0,0.3333333333333333,0.0
339,30000,Random-25,0,0,0,0.0,0.0
339,30000,VeraDM-prior,5,3,2,1.0,0.4
340,30000,Exhaustive-Expanded,1,1,0,0.3333333333333333,0.0
340,30000,Random-25,0,0,0,0.0,0.0
340,30000,VeraDM-prior,2,2,0,0.6666666666666666,0.0
341,30000,Exhaustive-Expanded,3,2,1,0.6666666666666666,0.3333333333333333
341,30000,Random-25,0,0,0,0.0,0.0
341,30000,VeraDM-prior,5,3,2,1.0,0.4
342,30000,Exhaustive-Expanded,2,1,1,0.3333333333333333,0.5
342,30000,Random-25,4,0,4,0.0,1.0
342,30000,VeraDM-prior,1,1,0,0.3333333333333333,0.0
343,30000,Exhaustive-Expanded,0,0,0,0.0,0.0
343,30000,Random-25,0,0,0,0.0,0.0
343,30000,VeraDM-prior,3,3,0,1.0,0.0
344,30000,Exhaustive-Expanded,0,0,0,0.0,0.0
344,30000,Random-25,0,0,0,0.0,0.0
344,30000,VeraDM-prior,3,2,1,0.6666666666666666,0.3333333333333333
345,30000,Exhaustive-Expanded,1,1,0,0.3333333333333333,0.0
345,30000,Random-25,0,0,0,0.0,0.0
345,30000,VeraDM-prior,2,2,0,0.6666666666666666,0.0
346,30000,Exhaustive-Expanded,2,1,1,0.3333333333333333,0.5
346,30000,Random-25,1,0,1,0.0,1.0
346,30000,VeraDM-prior,3,3,0,1.0,0.0
347,30000,Exhaustive-Expanded,1,1,0,0.3333333333333333,0.0
347,30000,Random-25,2,0,2,0.0,1.0
347,30000,VeraDM-prior,4,3,1,1.0,0.25
348,30000,Exhaustive-Expanded,1,1,0,0.3333333333333333,0.0
348,30000,Random-25,0,0,0,0.0,0.0
348,30000,VeraDM-prior,3,3,0,1.0,0.0
349,30000,Exhaustive-Expanded,2,2,0,0.6666666666666666,0.0
349,30000,Random-25,0,0,0,0.0,0.0
349,30000,VeraDM-prior,3,3,0,1.0,0.0
350,30000,Exhaustive-Expanded,3,3,0,1.0,0.0
350,30000,Random-25,0,0,0,0.0,0.0
350,30000,VeraDM-prior,4,3,1,1.0,0.25
351,30000,Exhaustive-Expanded,0,0,0,0.0,0.0
351,30000,Random-25,0,0,0,0.0,0.0
351,30000,VeraDM-prior,3,3,0,1.0,0.0
352,30000,Exhaustive-Expanded,1,1,0,0.3333333333333333,0.0
352,30000,Random-25,0,0,0,0.0,0.0
352,30000,VeraDM-prior,4,3,1,1.0,0.25
353,30000,Exhaustive-Expanded,0,0,0,0.0,0.0
353,30000,Random-25,0,0,0,0.0,0.0
353,30000,VeraDM-prior,2,2,0,0.6666666666666666,0.0
354,30000,Exhaustive-Expanded,1,1,0,0.3333333333333333,0.0
354,30000,Random-25,0,0,0,0.0,0.0
354,30000,VeraDM-prior,2,2,0,0.6666666666666666,0.0
355,30000,Exhaustive-Expanded,0,0,0,0.0,0.0
355,30000,Random-25,0,0,0,0.0,0.0
355,30000,VeraDM-prior,4,3,1,1.0,0.25
356,30000,Exhaustive-Expanded,4,3,1,1.0,0.25
356,30000,Random-25,0,0,0,0.0,0.0
356,30000,VeraDM-prior,1,1,0,0.3333333333333333,0.0
357,30000,Exhaustive-Expanded,4,3,1,1.0,0.25
357,30000,Random-25,0,0,0,0.0,0.0
357,30000,VeraDM-prior,4,3,1,1.0,0.25
358,30000,Exhaustive-Expanded,1,1,0,0.3333333333333333,0.0
358,30000,Random-25,0,0,0,0.0,0.0
358,30000,VeraDM-prior,2,2,0,0.6666666666666666,0.0
359,30000,Exhaustive-Expanded,0,0,0,0.0,0.0
359,30000,Random-25,0,0,0,0.0,0.0
359,30000,VeraDM-prior,2,2,0,0.6666666666666666,0.0
360,30000,Exhaustive-Expanded,1,1,0,0.3333333333333333,0.0
360,30000,Random-25,0,0,0,0.0,0.0
360,30000,VeraDM-prior,4,3,1,1.0,0.25
361,30000,Exhaustive-Expanded,6,3,3,1.0,0.5
361,30000,Random-25,0,0,0,0.0,0.0
361,30000,VeraDM-prior,3,3,0,1.0,0.0
362,30000,Exhaustive-Expanded,0,0,0,0.0,0.0
362,30000,Random-25,0,0,0,0.0,0.0
362,30000,VeraDM-prior,1,1,0,0.3333333333333333,0.0
363,30000,Exhaustive-Expanded,3,3,0,1.0,0.0
363,30000,Random-25,0,0,0,0.0,0.0
363,30000,VeraDM-prior,3,3,0,1.0,0.0
364,30000,Exhaustive-Expanded,1,1,0,0.3333333333333333,0.0
364,30000,Random-25,0,0,0,0.0,0.0
364,30000,VeraDM-prior,4,3,1,1.0,0.25
365,30000,Exhaustive-Expanded,3,3,0,1.0,0.0
365,30000,Random-25,0,0,0,0.0,0.0
365,30000,VeraDM-prior,3,3,0,1.0,0.0
366,30000,Exhaustive-Expanded,1,1,0,0.3333333333333333,0.0
366,30000,Random-25,0,0,0,0.0,0.0
366,30000,VeraDM-prior,3,3,0,1.0,0.0
367,30000,Exhaustive-Expanded,3,2,1,0.6666666666666666,0.3333333333333333
367,30000,Random-25,0,0,0,0.0,0.0
367,30000,VeraDM-prior,2,2,0,0.6666666666666666,0.0
368,30000,Exhaustive-Expanded,3,2,1,0.6666666666666666,0.3333333333333333
368,30000,Random-25,0,0,0,0.0,0.0
368,30000,VeraDM-prior,1,1,0,0.3333333333333333,0.0
369,30000,Exhaustive-Expanded,1,1,0,0.3333333333333333,0.0
369,30000,Random-25,0,0,0,0.0,0.0
369,30000,VeraDM-prior,3,3,0,1.0,0.0
370,30000,Exhaustive-Expanded,2,2,0,0.6666666666666666,0.0
370,30000,Random-25,0,0,0,0.0,0.0
370,30000,VeraDM-prior,3,2,1,0.6666666666666666,0.3333333333333333
371,30000,Exhaustive-Expanded,2,2,0,0.6666666666666666,0.0
371,30000,Random-25,0,0,0,0.0,0.0
371,30000,VeraDM-prior,3,3,0,1.0,0.0
372,30000,Exhaustive-Expanded,1,1,0,0.3333333333333333,0.0
372,30000,Random-25,0,0,0,0.0,0.0
372,30000,VeraDM-prior,4,3,1,1.0,0.25
373,30000,Exhaustive-Expanded,1,1,0,0.3333333333333333,0.0
373,30000,Random-25,0,0,0,0.0,0.0
373,30000,VeraDM-prior,2,2,0,0.6666666666666666,0.0
374,30000,Exhaustive-Expanded,0,0,0,0.0,0.0
374,30000,Random-25,0,0,0,0.0,0.0
374,30000,VeraDM-prior,3,3,0,1.0,0.0
375,30000,Exhaustive-Expanded,2,2,0,0.6666666666666666,0.0
375,30000,Random-25,0,0,0,0.0,0.0
375,30000,VeraDM-prior,2,2,0,0.6666666666666666,0.0
376,30000,Exhaustive-Expanded,1,1,0,0.3333333333333333,0.0
376,30000,Random-25,0,0,0,0.0,0.0
376,30000,VeraDM-prior,3,3,0,1.0,0.0
377,30000,Exhaustive-Expanded,1,1,0,0.3333333333333333,0.0
377,30000,Random-25,0,0,0,0.0,0.0
377,30000,VeraDM-prior,4,3,1,1.0,0.25
378,30000,Exhaustive-Expanded,3,1,2,0.3333333333333333,0.6666666666666666
378,30000,Random-25,0,0,0,0.0,0.0
378,30000,VeraDM-prior,3,3,0,1.0,0.0
379,30000,Exhaustive-Expanded,0,0,0,0.0,0.0
379,30000,Random-25,1,0,1,0.0,1.0
379,30000,VeraDM-prior,3,3,0,1.0,0.0
380,30000,Exhaustive-Expanded,1,1,0,0.3333333333333333,0.0
380,30000,Random-25,0,0,0,0.0,0.0
380,30000,VeraDM-prior,3,3,0,1.0,0.0
381,30000,Exhaustive-Expanded,3,2,1,0.6666666666666666,0.3333333333333333
381,30000,Random-25,0,0,0,0.0,0.0
381,30000,VeraDM-prior,3,3,0,1.0,0.0
382,30000,Exhaustive-Expanded,4,3,1,1.0,0.25
382,30000,Random-25,1,0,1,0.0,1.0
382,30000,VeraDM-prior,6,3,3,1.0,0.5
383,30000,Exhaustive-Expanded,2,2,0,0.6666666666666666,0.0
383,30000,Random-25,0,0,0,0.0,0.0
383,30000,VeraDM-prior,3,3,0,1.0,0.0
384,30000,Exhaustive-Expanded,0,0,0,0.0,0.0
384,30000,Random-25,0,0,0,0.0,0.0
384,30000,VeraDM-prior,3,2,1,0.6666666666666666,0.3333333333333333
385,30000,Exhaustive-Expanded,2,2,0,0.6666666666666666,0.0
385,30000,Random-25,0,0,0,0.0,0.0
385,30000,VeraDM-prior,2,2,0,0.6666666666666666,0.0
386,30000,Exhaustive-Expanded,3,2,1,0.6666666666666666,0.3333333333333333
386,30000,Random-25,0,0,0,0.0,0.0
386,30000,VeraDM-prior,3,3,0,1.0,0.0
387,30000,Exhaustive-Expanded,1,0,1,0.0,1.0
387,30000,Random-25,0,0,0,0.0,0.0
387,30000,VeraDM-prior,2,2,0,0.6666666666666666,0.0
388,30000,Exhaustive-Expanded,4,3,1,1.0,0.25
388,30000,Random-25,0,0,0,0.0,0.0
388,30000,VeraDM-prior,3,3,0,1.0,0.0
389,30000,Exhaustive-Expanded,3,3,0,1.0,0.0
389,30000,Random-25,0,0,0,0.0,0.0
389,30000,VeraDM-prior,4,3,1,1.0,0.25
390,30000,Exhaustive-Expanded,4,3,1,1.0,0.25
390,30000,Random-25,0,0,0,0.0,0.0
390,30000,VeraDM-prior,4,3,1,1.0,0.25
391,30000,Exhaustive-Expanded,2,1,1,0.3333333333333333,0.5
391,30000,Random-25,0,0,0,0.0,0.0
391,30000,VeraDM-prior,2,2,0,0.6666666666666666,0.0
392,30000,Exhaustive-Expanded,1,1,0,0.3333333333333333,0.0
392,30000,Random-25,0,0,0,0.0,0.0
392,30000,VeraDM-prior,2,2,0,0.6666666666666666,0.0
393,30000,Exhaustive-Expanded,2,2,0,0.6666666666666666,0.0
393,30000,Random-25,0,0,0,0.0,0.0
393,30000,VeraDM-prior,2,2,0,0.6666666666666666,0.0
394,30000,Exhaustive-Expanded,3,2,1,0.6666666666666666,0.3333333333333333
394,30000,Random-25,0,0,0,0.0,0.0
394,30000,VeraDM-prior,3,3,0,1.0,0.0
395,30000,Exhaustive-Expanded,0,0,0,0.0,0.0
395,30000,Random-25,1,0,1,0.0,1.0
395,30000,VeraDM-prior,3,2,1,0.6666666666666666,0.3333333333333333
396,30000,Exhaustive-Expanded,2,2,0,0.6666666666666666,0.0
396,30000,Random-25,0,0,0,0.0,0.0
396,30000,VeraDM-prior,2,2,0,0.6666666666666666,0.0
397,30000,Exhaustive-Expanded,1,1,0,0.3333333333333333,0.0
397,30000,Random-25,0,0,0,0.0,0.0
397,30000,VeraDM-prior,3,3,0,1.0,0.0
398,30000,Exhaustive-Expanded,1,1,0,0.3333333333333333,0.0
398,30000,Random-25,1,0,1,0.0,1.0
398,30000,VeraDM-prior,5,3,2,1.0,0.4
399,30000,Exhaustive-Expanded,3,3,0,1.0,0.0
399,30000,Random-25,0,0,0,0.0,0.0
399,30000,VeraDM-prior,1,1,0,0.3333333333333333,0.0
400,30000,Exhaustive-Expanded,1,1,0,0.3333333333333333,0.0
400,30000,Random-25,0,0,0,0.0,0.0
400,30000,VeraDM-prior,3,3,0,1.0,0.0
401,30000,Exhaustive-Expanded,2,2,0,0.6666666666666666,0.0
401,30000,Random-25,0,0,0,0.0,0.0
401,30000,VeraDM-prior,5,3,2,1.0,0.4
402,30000,Exhaustive-Expanded,1,1,0,0.3333333333333333,0.0
402,30000,Random-25,0,0,0,0.0,0.0
402,30000,VeraDM-prior,3,3,0,1.0,0.0
403,30000,Exhaustive-Expanded,2,2,0,0.6666666666666666,0.0
403,30000,Random-25,0,0,0,0.0,0.0
403,30000,VeraDM-prior,3,3,0,1.0,0.0
404,30000,Exhaustive-Expanded,1,1,0,0.3333333333333333,0.0
404,30000,Random-25,0,0,0,0.0,0.0
404,30000,VeraDM-prior,3,3,0,1.0,0.0
405,30000,Exhaustive-Expanded,0,0,0,0.0,0.0
405,30000,Random-25,0,0,0,0.0,0.0
405,30000,VeraDM-prior,2,2,0,0.6666666666666666,0.0
406,30000,Exhaustive-Expanded,4,3,1,1.0,0.25
406,30000,Random-25,0,0,0,0.0,0.0
406,30000,VeraDM-prior,3,3,0,1.0,0.0
407,30000,Exhaustive-Expanded,2,1,1,0.3333333333333333,0.5
407,30000,Random-25,0,0,0,0.0,0.0
407,30000,VeraDM-prior,2,2,0,0.6666666666666666,0.0
408,30000,Exhaustive-Expanded,1,1,0,0.3333333333333333,0.0
408,30000,Random-25,0,0,0,0.0,0.0
408,30000,VeraDM-prior,3,3,0,1.0,0.0
409,30000,Exhaustive-Expanded,0,0,0,0.0,0.0
409,30000,Random-25,0,0,0,0.0,0.0
409,30000,VeraDM-prior,3,3,0,1.0,0.0
410,30000,Exhaustive-Expanded,4,3,1,1.0,0.25
410,30000,Random-25,0,0,0,0.0,0.0
410,30000,VeraDM-prior,2,2,0,0.6666666666666666,0.0
411,30000,Exhaustive-Expanded,1,1,0,0.3333333333333333,0.0
411,30000,Random-25,0,0,0,0.0,0.0
411,30000,VeraDM-prior,3,2,1,0.6666666666666666,0.3333333333333333
412,30000,Exhaustive-Expanded,1,1,0,0.3333333333333333,0.0
412,30000,Random-25,1,0,1,0.0,1.0
412,30000,VeraDM-prior,3,3,0,1.0,0.0
413,30000,Exhaustive-Expanded,2,2,0,0.6666666666666666,0.0
413,30000,Random-25,0,0,0,0.0,0.0
413,30000,VeraDM-prior,3,3,0,1.0,0.0
414,30000,Exhaustive-Expanded,1,1,0,0.3333333333333333,0.0
414,30000,Random-25,0,0,0,0.0,0.0
414,30000,VeraDM-prior,3,3,0,1.0,0.0
415,30000,Exhaustive-Expanded,2,2,0,0.6666666666666666,0.0
415,30000,Random-25,0,0,0,0.0,0.0
415,30000,VeraDM-prior,2,2,0,0.6666666666666666,0.0
416,30000,Exhaustive-Expanded,2,1,1,0.3333333333333333,0.5
416,30000,Random-25,0,0,0,0.0,0.0
416,30000,VeraDM-prior,2,2,0,0.6666666666666666,0.0
417,30000,Exhaustive-Expanded,1,1,0,0.3333333333333333,0.0
417,30000,Random-25,0,0,0,0.0,0.0
417,30000,VeraDM-prior,3,3,0,1.0,0.0
418,30000,Exhaustive-Expanded,1,1,0,0.3333333333333333,0.0
418,30000,Random-25,2,0,2,0.0,1.0
418,30000,VeraDM-prior,2,2,0,0.6666666666666666,0.0
419,30000,Exhaustive-Expanded,4,3,1,1.0,0.25
419,30000,Random-25,0,0,0,0.0,0.0
419,30000,VeraDM-prior,2,2,0,0.6666666666666666,0.0
420,30000,Exhaustive-Expanded,0,0,0,0.0,0.0
420,30000,Random-25,0,0,0,0.0,0.0
420,30000,VeraDM-prior,4,3,1,1.0,0.25
421,30000,Exhaustive-Expanded,1,1,0,0.3333333333333333,0.0
421,30000,Random-25,0,0,0,0.0,0.0
421,30000,VeraDM-prior,3,3,0,1.0,0.0
422,30000,Exhaustive-Expanded,3,2,1,0.6666666666666666,0.3333333333333333
422,30000,Random-25,0,0,0,0.0,0.0
422,30000,VeraDM-prior,3,3,0,1.0,0.0
423,30000,Exhaustive-Expanded,0,0,0,0.0,0.0
423,30000,Random-25,0,0,0,0.0,0.0
423,30000,VeraDM-prior,4,3,1,1.0,0.25
424,30000,Exhaustive-Expanded,3,3,0,1.0,0.0
424,30000,Random-25,1,0,1,0.0,1.0
424,30000,VeraDM-prior,3,3,0,1.0,0.0
425,30000,Exhaustive-Expanded,1,1,0,0.3333333333333333,0.0
425,30000,Random-25,0,0,0,0.0,0.0
425,30000,VeraDM-prior,3,3,0,1.0,0.0
426,30000,Exhaustive-Expanded,2,2,0,0.6666666666666666,0.0
426,30000,Random-25,0,0,0,0.0,0.0
426,30000,VeraDM-prior,3,3,0,1.0,0.0
427,30000,Exhaustive-Expanded,2,2,0,0.6666666666666666,0.0
427,30000,Random-25,0,0,0,0.0,0.0
427,30000,VeraDM-prior,3,3,0,1.0,0.0
428,30000,Exhaustive-Expanded,2,2,0,0.6666666666666666,0.0
428,30000,Random-25,0,0,0,0.0,0.0
428,30000,VeraDM-prior,3,3,0,1.0,0.0
429,30000,Exhaustive-Expanded,2,2,0,0.6666666666666666,0.0
429,30000,Random-25,0,0,0,0.0,0.0
429,30000,VeraDM-prior,3,3,0,1.0,0.0
430,30000,Exhaustive-Expanded,0,0,0,0.0,0.0
430,30000,Random-25,0,0,0,0.0,0.0
430,30000,VeraDM-prior,3,3,0,1.0,0.0
431,30000,Exhaustive-Expanded,3,3,0,1.0,0.0
431,30000,Random-25,0,0,0,0.0,0.0
431,30000,VeraDM-prior,3,3,0,1.0,0.0
432,30000,Exhaustive-Expanded,3,2,1,0.6666666666666666,0.3333333333333333
432,30000,Random-25,0,0,0,0.0,0.0
432,30000,VeraDM-prior,3,3,0,1.0,0.0
433,30000,Exhaustive-Expanded,2,2,0,0.6666666666666666,0.0
433,30000,Random-25,0,0,0,0.0,0.0
433,30000,VeraDM-prior,3,3,0,1.0,0.0
434,30000,Exhaustive-Expanded,0,0,0,0.0,0.0
434,30000,Random-25,0,0,0,0.0,0.0
434,30000,VeraDM-prior,3,3,0,1.0,0.0
435,30000,Exhaustive-Expanded,1,1,0,0.3333333333333333,0.0
435,30000,Random-25,0,0,0,0.0,0.0
435,30000,VeraDM-prior,3,3,0,1.0,0.0
436,30000,Exhaustive-Expanded,2,2,0,0.6666666666666666,0.0
436,30000,Random-25,0,0,0,0.0,0.0
436,30000,VeraDM-prior,3,2,1,0.6666666666666666,0.3333333333333333
437,30000,Exhaustive-Expanded,0,0,0,0.0,0.0
437,30000,Random-25,0,0,0,0.0,0.0
437,30000,VeraDM-prior,3,3,0,1.0,0.0
438,30000,Exhaustive-Expanded,3,3,0,1.0,0.0
438,30000,Random-25,1,0,1,0.0,1.0
438,30000,VeraDM-prior,1,1,0,0.3333333333333333,0.0
439,30000,Exhaustive-Expanded,0,0,0,0.0,0.0
439,30000,Random-25,0,0,0,0.0,0.0
439,30000,VeraDM-prior,4,3,1,1.0,0.25
440,30000,Exhaustive-Expanded,2,2,0,0.6666666666666666,0.0
440,30000,Random-25,1,0,1,0.0,1.0
440,30000,VeraDM-prior,3,3,0,1.0,0.0
441,30000,Exhaustive-Expanded,2,1,1,0.3333333333333333,0.5
441,30000,Random-25,0,0,0,0.0,0.0
441,30000,VeraDM-prior,3,3,0,1.0,0.0
442,30000,Exhaustive-Expanded,2,2,0,0.6666666666666666,0.0
442,30000,Random-25,0,0,0,0.0,0.0
442,30000,VeraDM-prior,4,2,2,0.6666666666666666,0.5
443,30000,Exhaustive-Expanded,1,0,1,0.0,1.0
443,30000,Random-25,0,0,0,0.0,0.0
443,30000,VeraDM-prior,2,2,0,0.6666666666666666,0.0
444,30000,Exhaustive-Expanded,2,2,0,0.6666666666666666,0.0
444,30000,Random-25,0,0,0,0.0,0.0
444,30000,VeraDM-prior,2,2,0,0.6666666666666666,0.0
445,30000,Exhaustive-Expanded,2,2,0,0.6666666666666666,0.0
445,30000,Random-25,0,0,0,0.0,0.0
445,30000,VeraDM-prior,4,3,1,1.0,0.25
446,30000,Exhaustive-Expanded,3,2,1,0.6666666666666666,0.3333333333333333
446,30000,Random-25,0,0,0,0.0,0.0
446,30000,VeraDM-prior,3,3,0,1.0,0.0
447,30000,Exhaustive-Expanded,2,2,0,0.6666666666666666,0.0
447,30000,Random-25,0,0,0,0.0,0.0
447,30000,VeraDM-prior,5,3,2,1.0,0.4
448,30000,Exhaustive-Expanded,1,1,0,0.3333333333333333,0.0
448,30000,Random-25,1,0,1,0.0,1.0
448,30000,VeraDM-prior,3,3,0,1.0,0.0
449,30000,Exhaustive-Expanded,2,2,0,0.6666666666666666,0.0
449,30000,Random-25,1,0,1,0.0,1.0
449,30000,VeraDM-prior,4,3,1,1.0,0.25
450,30000,Exhaustive-Expanded,1,1,0,0.3333333333333333,0.0
450,30000,Random-25,0,0,0,0.0,0.0
450,30000,VeraDM-prior,2,2,0,0.6666666666666666,0.0
451,30000,Exhaustive-Expanded,3,1,2,0.3333333333333333,0.6666666666666666
451,30000,Random-25,1,0,1,0.0,1.0
451,30000,VeraDM-prior,4,3,1,1.0,0.25
452,30000,Exhaustive-Expanded,2,2,0,0.6666666666666666,0.0
452,30000,Random-25,1,0,1,0.0,1.0
452,30000,VeraDM-prior,4,3,1,1.0,0.25
453,30000,Exhaustive-Expanded,1,1,0,0.3333333333333333,0.0
453,30000,Random-25,1,0,1,0.0,1.0
453,30000,VeraDM-prior,2,1,1,0.3333333333333333,0.5
454,30000,Exhaustive-Expanded,2,2,0,0.6666666666666666,0.0
454,30000,Random-25,0,0,0,0.0,0.0
454,30000,VeraDM-prior,3,3,0,1.0,0.0
455,30000,Exhaustive-Expanded,4,3,1,1.0,0.25
455,30000,Random-25,1,0,1,0.0,1.0
455,30000,VeraDM-prior,3,3,0,1.0,0.0
456,30000,Exhaustive-Expanded,4,2,2,0.6666666666666666,0.5
456,30000,Random-25,0,0,0,0.0,0.0
456,30000,VeraDM-prior,3,3,0,1.0,0.0
457,30000,Exhaustive-Expanded,1,1,0,0.3333333333333333,0.0
457,30000,Random-25,0,0,0,0.0,0.0
457,30000,VeraDM-prior,3,3,0,1.0,0.0
458,30000,Exhaustive-Expanded,1,1,0,0.3333333333333333,0.0
458,30000,Random-25,0,0,0,0.0,0.0
458,30000,VeraDM-prior,6,3,3,1.0,0.5
459,30000,Exhaustive-Expanded,2,2,0,0.6666666666666666,0.0
459,30000,Random-25,1,0,1,0.0,1.0
459,30000,VeraDM-prior,2,2,0,0.6666666666666666,0.0
460,30000,Exhaustive-Expanded,0,0,0,0.0,0.0
460,30000,Random-25,0,0,0,0.0,0.0
460,30000,VeraDM-prior,4,2,2,0.6666666666666666,0.5
461,30000,Exhaustive-Expanded,3,2,1,0.6666666666666666,0.3333333333333333
461,30000,Random-25,0,0,0,0.0,0.0
461,30000,VeraDM-prior,1,1,0,0.3333333333333333,0.0
462,30000,Exhaustive-Expanded,3,2,1,0.6666666666666666,0.3333333333333333
462,30000,Random-25,0,0,0,0.0,0.0
462,30000,VeraDM-prior,3,3,0,1.0,0.0
463,30000,Exhaustive-Expanded,2,1,1,0.3333333333333333,0.5
463,30000,Random-25,0,0,0,0.0,0.0
463,30000,VeraDM-prior,3,3,0,1.0,0.0
464,30000,Exhaustive-Expanded,1,1,0,0.3333333333333333,0.0
464,30000,Random-25,0,0,0,0.0,0.0
464,30000,VeraDM-prior,1,1,0,0.3333333333333333,0.0
465,30000,Exhaustive-Expanded,2,1,1,0.3333333333333333,0.5
465,30000,Random-25,0,0,0,0.0,0.0
465,30000,VeraDM-prior,3,2,1,0.6666666666666666,0.3333333333333333
466,30000,Exhaustive-Expanded,0,0,0,0.0,0.0
466,30000,Random-25,0,0,0,0.0,0.0
466,30000,VeraDM-prior,3,3,0,1.0,0.0
467,30000,Exhaustive-Expanded,3,3,0,1.0,0.0
467,30000,Random-25,0,0,0,0.0,0.0
467,30000,VeraDM-prior,3,3,0,1.0,0.0
468,30000,Exhaustive-Expanded,2,2,0,0.6666666666666666,0.0
468,30000,Random-25,0,0,0,0.0,0.0
468,30000,VeraDM-prior,4,3,1,1.0,0.25
469,30000,Exhaustive-Expanded,3,3,0,1.0,0.0
469,30000,Random-25,0,0,0,0.0,0.0
469,30000,VeraDM-prior,3,3,0,1.0,0.0
470,30000,Exhaustive-Expanded,1,1,0,0.3333333333333333,0.0
470,30000,Random-25,0,0,0,0.0,0.0
470,30000,VeraDM-prior,3,3,0,1.0,0.0
471,30000,Exhaustive-Expanded,3,2,1,0.6666666666666666,0.3333333333333333
471,30000,Random-25,0,0,0,0.0,0.0
471,30000,VeraDM-prior,2,2,0,0.6666666666666666,0.0
472,30000,Exhaustive-Expanded,0,0,0,0.0,0.0
472,30000,Random-25,0,0,0,0.0,0.0
472,30000,VeraDM-prior,3,3,0,1.0,0.0
473,30000,Exhaustive-Expanded,4,3,1,1.0,0.25
473,30000,Random-25,0,0,0,0.0,0.0
473,30000,VeraDM-prior,4,3,1,1.0,0.25
474,30000,Exhaustive-Expanded,2,2,0,0.6666666666666666,0.0
474,30000,Random-25,0,0,0,0.0,0.0
474,30000,VeraDM-prior,4,3,1,1.0,0.25
475,30000,Exhaustive-Expanded,1,0,1,0.0,1.0
475,30000,Random-25,0,0,0,0.0,0.0
475,30000,VeraDM-prior,4,3,1,1.0,0.25
476,30000,Exhaustive-Expanded,0,0,0,0.0,0.0
476,30000,Random-25,0,0,0,0.0,0.0
476,30000,VeraDM-prior,3,3,0,1.0,0.0
477,30000,Exhaustive-Expanded,1,1,0,0.3333333333333333,0.0
477,30000,Random-25,0,0,0,0.0,0.0
477,30000,VeraDM-prior,4,3,1,1.0,0.25
478,30000,Exhaustive-Expanded,1,1,0,0.3333333333333333,0.0
478,30000,Random-25,1,0,1,0.0,1.0
478,30000,VeraDM-prior,4,3,1,1.0,0.25
479,30000,Exhaustive-Expanded,0,0,0,0.0,0.0
479,30000,Random-25,0,0,0,0.0,0.0
479,30000,VeraDM-prior,1,1,0,0.3333333333333333,0.0
480,30000,Exhaustive-Expanded,2,1,1,0.3333333333333333,0.5
480,30000,Random-25,0,0,0,0.0,0.0
480,30000,VeraDM-prior,3,3,0,1.0,0.0
481,30000,Exhaustive-Expanded,0,0,0,0.0,0.0
481,30000,Random-25,0,0,0,0.0,0.0
481,30000,VeraDM-prior,3,3,0,1.0,0.0
482,30000,Exhaustive-Expanded,3,2,1,0.6666666666666666,0.3333333333333333
482,30000,Random-25,0,0,0,0.0,0.0
482,30000,VeraDM-prior,1,1,0,0.3333333333333333,0.0
483,30000,Exhaustive-Expanded,4,3,1,1.0,0.25
483,30000,Random-25,0,0,0,0.0,0.0
483,30000,VeraDM-prior,4,3,1,1.0,0.25
484,30000,Exhaustive-Expanded,1,1,0,0.3333333333333333,0.0
484,30000,Random-25,0,0,0,0.0,0.0
484,30000,VeraDM-prior,3,3,0,1.0,0.0
485,30000,Exhaustive-Expanded,2,2,0,0.6666666666666666,0.0
485,30000,Random-25,0,0,0,0.0,0.0
485,30000,VeraDM-prior,4,3,1,1.0,0.25
486,30000,Exhaustive-Expanded,3,3,0,1.0,0.0
486,30000,Random-25,0,0,0,0.0,0.0
486,30000,VeraDM-prior,4,3,1,1.0,0.25
487,30000,Exhaustive-Expanded,1,1,0,0.3333333333333333,0.0
487,30000,Random-25,0,0,0,0.0,0.0
487,30000,VeraDM-prior,3,3,0,1.0,0.0
488,30000,Exhaustive-Expanded,1,1,0,0.3333333333333333,0.0
488,30000,Random-25,0,0,0,0.0,0.0
488,30000,VeraDM-prior,3,3,0,1.0,0.0
489,30000,Exhaustive-Expanded,1,1,0,0.3333333333333333,0.0
489,30000,Random-25,0,0,0,0.0,0.0
489,30000,VeraDM-prior,4,3,1,1.0,0.25
490,30000,Exhaustive-Expanded,1,1,0,0.3333333333333333,0.0
490,30000,Random-25,0,0,0,0.0,0.0
490,30000,VeraDM-prior,4,3,1,1.0,0.25
491,30000,Exhaustive-Expanded,1,1,0,0.3333333333333333,0.0
491,30000,Random-25,0,0,0,0.0,0.0
491,30000,VeraDM-prior,4,3,1,1.0,0.25
492,30000,Exhaustive-Expanded,3,3,0,1.0,0.0
492,30000,Random-25,1,0,1,0.0,1.0
492,30000,VeraDM-prior,2,1,1,0.3333333333333333,0.5
493,30000,Exhaustive-Expanded,4,3,1,1.0,0.25
493,30000,Random-25,0,0,0,0.0,0.0
493,30000,VeraDM-prior,3,3,0,1.0,0.0
494,30000,Exhaustive-Expanded,0,0,0,0.0,0.0
494,30000,Random-25,0,0,0,0.0,0.0
494,30000,VeraDM-prior,1,1,0,0.3333333333333333,0.0
495,30000,Exhaustive-Expanded,1,1,0,0.3333333333333333,0.0
495,30000,Random-25,0,0,0,0.0,0.0
495,30000,VeraDM-prior,2,2,0,0.6666666666666666,0.0
496,30000,Exhaustive-Expanded,1,1,0,0.3333333333333333,0.0
496,30000,Random-25,0,0,0,0.0,0.0
496,30000,VeraDM-prior,2,2,0,0.6666666666666666,0.0
497,30000,Exhaustive-Expanded,0,0,0,0.0,0.0
497,30000,Random-25,0,0,0,0.0,0.0
497,30000,VeraDM-prior,3,2,1,0.6666666666666666,0.3333333333333333
498,30000,Exhaustive-Expanded,5,3,2,1.0,0.4
498,30000,Random-25,0,0,0,0.0,0.0
498,30000,VeraDM-prior,0,0,0,0.0,0.0
499,30000,Exhaustive-Expanded,3,1,2,0.3333333333333333,0.6666666666666666
499,30000,Random-25,0,0,0,0.0,0.0
499,30000,VeraDM-prior,3,3,0,1.0,0.0
0,100000,Exhaustive-Expanded,1,1,0,0.3333333333333333,0.0
0,100000,Random-25,0,0,0,0.0,0.0
0,100000,VeraDM-prior,3,3,0,1.0,0.0
1,100000,Exhaustive-Expanded,2,2,0,0.6666666666666666,0.0
1,100000,Random-25,0,0,0,0.0,0.0
1,100000,VeraDM-prior,3,3,0,1.0,0.0
2,100000,Exhaustive-Expanded,1,1,0,0.3333333333333333,0.0
2,100000,Random-25,1,0,1,0.0,1.0
2,100000,VeraDM-prior,4,3,1,1.0,0.25
3,100000,Exhaustive-Expanded,1,1,0,0.3333333333333333,0.0
3,100000,Random-25,0,0,0,0.0,0.0
3,100000,VeraDM-prior,2,2,0,0.6666666666666666,0.0
4,100000,Exhaustive-Expanded,1,1,0,0.3333333333333333,0.0
4,100000,Random-25,0,0,0,0.0,0.0
4,100000,VeraDM-prior,3,3,0,1.0,0.0
5,100000,Exhaustive-Expanded,2,2,0,0.6666666666666666,0.0
5,100000,Random-25,0,0,0,0.0,0.0
5,100000,VeraDM-prior,3,3,0,1.0,0.0
6,100000,Exhaustive-Expanded,1,1,0,0.3333333333333333,0.0
6,100000,Random-25,0,0,0,0.0,0.0
6,100000,VeraDM-prior,3,3,0,1.0,0.0
7,100000,Exhaustive-Expanded,0,0,0,0.0,0.0
7,100000,Random-25,0,0,0,0.0,0.0
7,100000,VeraDM-prior,5,3,2,1.0,0.4
8,100000,Exhaustive-Expanded,2,1,1,0.3333333333333333,0.5
8,100000,Random-25,0,0,0,0.0,0.0
8,100000,VeraDM-prior,3,3,0,1.0,0.0
9,100000,Exhaustive-Expanded,2,2,0,0.6666666666666666,0.0
9,100000,Random-25,0,0,0,0.0,0.0
9,100000,VeraDM-prior,2,2,0,0.6666666666666666,0.0
10,100000,Exhaustive-Expanded,2,2,0,0.6666666666666666,0.0
10,100000,Random-25,0,0,0,0.0,0.0
10,100000,VeraDM-prior,2,2,0,0.6666666666666666,0.0
11,100000,Exhaustive-Expanded,0,0,0,0.0,0.0
11,100000,Random-25,0,0,0,0.0,0.0
11,100000,VeraDM-prior,4,3,1,1.0,0.25
12,100000,Exhaustive-Expanded,0,0,0,0.0,0.0
12,100000,Random-25,0,0,0,0.0,0.0
12,100000,VeraDM-prior,1,1,0,0.3333333333333333,0.0
13,100000,Exhaustive-Expanded,2,1,1,0.3333333333333333,0.5
13,100000,Random-25,0,0,0,0.0,0.0
13,100000,VeraDM-prior,3,3,0,1.0,0.0
14,100000,Exhaustive-Expanded,3,1,2,0.3333333333333333,0.6666666666666666
14,100000,Random-25,0,0,0,0.0,0.0
14,100000,VeraDM-prior,3,3,0,1.0,0.0
15,100000,Exhaustive-Expanded,1,1,0,0.3333333333333333,0.0
15,100000,Random-25,0,0,0,0.0,0.0
15,100000,VeraDM-prior,1,1,0,0.3333333333333333,0.0
16,100000,Exhaustive-Expanded,2,2,0,0.6666666666666666,0.0
16,100000,Random-25,0,0,0,0.0,0.0
16,100000,VeraDM-prior,3,3,0,1.0,0.0
17,100000,Exhaustive-Expanded,1,1,0,0.3333333333333333,0.0
17,100000,Random-25,0,0,0,0.0,0.0
17,100000,VeraDM-prior,1,1,0,0.3333333333333333,0.0
18,100000,Exhaustive-Expanded,1,0,1,0.0,1.0
18,100000,Random-25,1,0,1,0.0,1.0
18,100000,VeraDM-prior,3,3,0,1.0,0.0
19,100000,Exhaustive-Expanded,1,1,0,0.3333333333333333,0.0
19,100000,Random-25,0,0,0,0.0,0.0
19,100000,VeraDM-prior,2,2,0,0.6666666666666666,0.0
20,100000,Exhaustive-Expanded,2,2,0,0.6666666666666666,0.0
20,100000,Random-25,0,0,0,0.0,0.0
20,100000,VeraDM-prior,5,3,2,1.0,0.4
21,100000,Exhaustive-Expanded,1,1,0,0.3333333333333333,0.0
21,100000,Random-25,0,0,0,0.0,0.0
21,100000,VeraDM-prior,2,2,0,0.6666666666666666,0.0
22,100000,Exhaustive-Expanded,3,2,1,0.6666666666666666,0.3333333333333333
22,100000,Random-25,0,0,0,0.0,0.0
22,100000,VeraDM-prior,4,3,1,1.0,0.25
23,100000,Exhaustive-Expanded,2,1,1,0.3333333333333333,0.5
23,100000,Random-25,0,0,0,0.0,0.0
23,100000,VeraDM-prior,3,3,0,1.0,0.0
24,100000,Exhaustive-Expanded,0,0,0,0.0,0.0
24,100000,Random-25,0,0,0,0.0,0.0
24,100000,VeraDM-prior,2,2,0,0.6666666666666666,0.0
25,100000,Exhaustive-Expanded,3,2,1,0.6666666666666666,0.3333333333333333
25,100000,Random-25,0,0,0,0.0,0.0
25,100000,VeraDM-prior,2,1,1,0.3333333333333333,0.5
26,100000,Exhaustive-Expanded,1,1,0,0.3333333333333333,0.0
26,100000,Random-25,0,0,0,0.0,0.0
26,100000,VeraDM-prior,4,3,1,1.0,0.25
27,100000,Exhaustive-Expanded,2,2,0,0.6666666666666666,0.0
27,100000,Random-25,1,0,1,0.0,1.0
27,100000,VeraDM-prior,2,2,0,0.6666666666666666,0.0
28,100000,Exhaustive-Expanded,2,2,0,0.6666666666666666,0.0
28,100000,Random-25,0,0,0,0.0,0.0
28,100000,VeraDM-prior,2,2,0,0.6666666666666666,0.0
29,100000,Exhaustive-Expanded,2,1,1,0.3333333333333333,0.5
29,100000,Random-25,0,0,0,0.0,0.0
29,100000,VeraDM-prior,5,3,2,1.0,0.4
30,100000,Exhaustive-Expanded,1,1,0,0.3333333333333333,0.0
30,100000,Random-25,0,0,0,0.0,0.0
30,100000,VeraDM-prior,3,3,0,1.0,0.0
31,100000,Exhaustive-Expanded,1,1,0,0.3333333333333333,0.0
31,100000,Random-25,0,0,0,0.0,0.0
31,100000,VeraDM-prior,3,2,1,0.6666666666666666,0.3333333333333333
32,100000,Exhaustive-Expanded,0,0,0,0.0,0.0
32,100000,Random-25,0,0,0,0.0,0.0
32,100000,VeraDM-prior,4,2,2,0.6666666666666666,0.5
33,100000,Exhaustive-Expanded,3,2,1,0.6666666666666666,0.3333333333333333
33,100000,Random-25,0,0,0,0.0,0.0
33,100000,VeraDM-prior,3,3,0,1.0,0.0
34,100000,Exhaustive-Expanded,1,1,0,0.3333333333333333,0.0
34,100000,Random-25,0,0,0,0.0,0.0
34,100000,VeraDM-prior,3,3,0,1.0,0.0
35,100000,Exhaustive-Expanded,4,3,1,1.0,0.25
35,100000,Random-25,0,0,0,0.0,0.0
35,100000,VeraDM-prior,4,2,2,0.6666666666666666,0.5
36,100000,Exhaustive-Expanded,2,2,0,0.6666666666666666,0.0
36,100000,Random-25,1,0,1,0.0,1.0
36,100000,VeraDM-prior,4,3,1,1.0,0.25
37,100000,Exhaustive-Expanded,0,0,0,0.0,0.0
37,100000,Random-25,0,0,0,0.0,0.0
37,100000,VeraDM-prior,2,2,0,0.6666666666666666,0.0
38,100000,Exhaustive-Expanded,1,1,0,0.3333333333333333,0.0
38,100000,Random-25,0,0,0,0.0,0.0
38,100000,VeraDM-prior,3,3,0,1.0,0.0
39,100000,Exhaustive-Expanded,1,1,0,0.3333333333333333,0.0
39,100000,Random-25,0,0,0,0.0,0.0
39,100000,VeraDM-prior,2,2,0,0.6666666666666666,0.0
40,100000,Exhaustive-Expanded,1,1,0,0.3333333333333333,0.0
40,100000,Random-25,0,0,0,0.0,0.0
40,100000,VeraDM-prior,4,3,1,1.0,0.25
41,100000,Exhaustive-Expanded,0,0,0,0.0,0.0
41,100000,Random-25,0,0,0,0.0,0.0
41,100000,VeraDM-prior,4,3,1,1.0,0.25
42,100000,Exhaustive-Expanded,0,0,0,0.0,0.0
42,100000,Random-25,0,0,0,0.0,0.0
42,100000,VeraDM-prior,3,3,0,1.0,0.0
43,100000,Exhaustive-Expanded,0,0,0,0.0,0.0
43,100000,Random-25,0,0,0,0.0,0.0
43,100000,VeraDM-prior,3,2,1,0.6666666666666666,0.3333333333333333
44,100000,Exhaustive-Expanded,1,1,0,0.3333333333333333,0.0
44,100000,Random-25,2,0,2,0.0,1.0
44,100000,VeraDM-prior,3,3,0,1.0,0.0
45,100000,Exhaustive-Expanded,1,1,0,0.3333333333333333,0.0
45,100000,Random-25,0,0,0,0.0,0.0
45,100000,VeraDM-prior,4,3,1,1.0,0.25
46,100000,Exhaustive-Expanded,2,2,0,0.6666666666666666,0.0
46,100000,Random-25,0,0,0,0.0,0.0
46,100000,VeraDM-prior,3,3,0,1.0,0.0
47,100000,Exhaustive-Expanded,1,1,0,0.3333333333333333,0.0
47,100000,Random-25,0,0,0,0.0,0.0
47,100000,VeraDM-prior,3,2,1,0.6666666666666666,0.3333333333333333
48,100000,Exhaustive-Expanded,0,0,0,0.0,0.0
48,100000,Random-25,0,0,0,0.0,0.0
48,100000,VeraDM-prior,2,2,0,0.6666666666666666,0.0
49,100000,Exhaustive-Expanded,3,3,0,1.0,0.0
49,100000,Random-25,1,0,1,0.0,1.0
49,100000,VeraDM-prior,2,2,0,0.6666666666666666,0.0
50,100000,Exhaustive-Expanded,1,1,0,0.3333333333333333,0.0
50,100000,Random-25,0,0,0,0.0,0.0
50,100000,VeraDM-prior,3,3,0,1.0,0.0
51,100000,Exhaustive-Expanded,3,2,1,0.6666666666666666,0.3333333333333333
51,100000,Random-25,0,0,0,0.0,0.0
51,100000,VeraDM-prior,2,2,0,0.6666666666666666,0.0
52,100000,Exhaustive-Expanded,0,0,0,0.0,0.0
52,100000,Random-25,0,0,0,0.0,0.0
52,100000,VeraDM-prior,3,3,0,1.0,0.0
53,100000,Exhaustive-Expanded,2,1,1,0.3333333333333333,0.5
53,100000,Random-25,0,0,0,0.0,0.0
53,100000,VeraDM-prior,4,2,2,0.6666666666666666,0.5
54,100000,Exhaustive-Expanded,2,1,1,0.3333333333333333,0.5
54,100000,Random-25,0,0,0,0.0,0.0
54,100000,VeraDM-prior,2,2,0,0.6666666666666666,0.0
55,100000,Exhaustive-Expanded,0,0,0,0.0,0.0
55,100000,Random-25,0,0,0,0.0,0.0
55,100000,VeraDM-prior,3,3,0,1.0,0.0
56,100000,Exhaustive-Expanded,0,0,0,0.0,0.0
56,100000,Random-25,0,0,0,0.0,0.0
56,100000,VeraDM-prior,4,3,1,1.0,0.25
57,100000,Exhaustive-Expanded,2,1,1,0.3333333333333333,0.5
57,100000,Random-25,1,0,1,0.0,1.0
57,100000,VeraDM-prior,7,3,4,1.0,0.5714285714285714
58,100000,Exhaustive-Expanded,3,1,2,0.3333333333333333,0.6666666666666666
58,100000,Random-25,0,0,0,0.0,0.0
58,100000,VeraDM-prior,3,3,0,1.0,0.0
59,100000,Exhaustive-Expanded,0,0,0,0.0,0.0
59,100000,Random-25,0,0,0,0.0,0.0
59,100000,VeraDM-prior,3,3,0,1.0,0.0
60,100000,Exhaustive-Expanded,2,2,0,0.6666666666666666,0.0
60,100000,Random-25,0,0,0,0.0,0.0
60,100000,VeraDM-prior,3,3,0,1.0,0.0
61,100000,Exhaustive-Expanded,0,0,0,0.0,0.0
61,100000,Random-25,0,0,0,0.0,0.0
61,100000,VeraDM-prior,3,3,0,1.0,0.0
62,100000,Exhaustive-Expanded,0,0,0,0.0,0.0
62,100000,Random-25,0,0,0,0.0,0.0
62,100000,VeraDM-prior,3,3,0,1.0,0.0
63,100000,Exhaustive-Expanded,0,0,0,0.0,0.0
63,100000,Random-25,0,0,0,0.0,0.0
63,100000,VeraDM-prior,3,3,0,1.0,0.0
64,100000,Exhaustive-Expanded,3,3,0,1.0,0.0
64,100000,Random-25,0,0,0,0.0,0.0
64,100000,VeraDM-prior,6,3,3,1.0,0.5
65,100000,Exhaustive-Expanded,0,0,0,0.0,0.0
65,100000,Random-25,0,0,0,0.0,0.0
65,100000,VeraDM-prior,4,2,2,0.6666666666666666,0.5
66,100000,Exhaustive-Expanded,2,2,0,0.6666666666666666,0.0
66,100000,Random-25,0,0,0,0.0,0.0
66,100000,VeraDM-prior,3,3,0,1.0,0.0
67,100000,Exhaustive-Expanded,3,3,0,1.0,0.0
67,100000,Random-25,0,0,0,0.0,0.0
67,100000,VeraDM-prior,2,2,0,0.6666666666666666,0.0
68,100000,Exhaustive-Expanded,2,2,0,0.6666666666666666,0.0
68,100000,Random-25,0,0,0,0.0,0.0
68,100000,VeraDM-prior,4,3,1,1.0,0.25
69,100000,Exhaustive-Expanded,4,2,2,0.6666666666666666,0.5
69,100000,Random-25,0,0,0,0.0,0.0
69,100000,VeraDM-prior,1,1,0,0.3333333333333333,0.0
70,100000,Exhaustive-Expanded,1,1,0,0.3333333333333333,0.0
70,100000,Random-25,0,0,0,0.0,0.0
70,100000,VeraDM-prior,3,2,1,0.6666666666666666,0.3333333333333333
71,100000,Exhaustive-Expanded,1,1,0,0.3333333333333333,0.0
71,100000,Random-25,0,0,0,0.0,0.0
71,100000,VeraDM-prior,3,3,0,1.0,0.0
72,100000,Exhaustive-Expanded,2,1,1,0.3333333333333333,0.5
72,100000,Random-25,0,0,0,0.0,0.0
72,100000,VeraDM-prior,4,3,1,1.0,0.25
73,100000,Exhaustive-Expanded,2,2,0,0.6666666666666666,0.0
73,100000,Random-25,0,0,0,0.0,0.0
73,100000,VeraDM-prior,4,3,1,1.0,0.25
74,100000,Exhaustive-Expanded,2,1,1,0.3333333333333333,0.5
74,100000,Random-25,0,0,0,0.0,0.0
74,100000,VeraDM-prior,4,3,1,1.0,0.25
75,100000,Exhaustive-Expanded,3,2,1,0.6666666666666666,0.3333333333333333
75,100000,Random-25,0,0,0,0.0,0.0
75,100000,VeraDM-prior,3,3,0,1.0,0.0
76,100000,Exhaustive-Expanded,2,2,0,0.6666666666666666,0.0
76,100000,Random-25,2,0,2,0.0,1.0
76,100000,VeraDM-prior,1,1,0,0.3333333333333333,0.0
77,100000,Exhaustive-Expanded,2,1,1,0.3333333333333333,0.5
77,100000,Random-25,0,0,0,0.0,0.0
77,100000,VeraDM-prior,3,3,0,1.0,0.0
78,100000,Exhaustive-Expanded,1,1,0,0.3333333333333333,0.0
78,100000,Random-25,0,0,0,0.0,0.0
78,100000,VeraDM-prior,2,2,0,0.6666666666666666,0.0
79,100000,Exhaustive-Expanded,0,0,0,0.0,0.0
79,100000,Random-25,0,0,0,0.0,0.0
79,100000,VeraDM-prior,3,3,0,1.0,0.0
80,100000,Exhaustive-Expanded,3,2,1,0.6666666666666666,0.3333333333333333
80,100000,Random-25,0,0,0,0.0,0.0
80,100000,VeraDM-prior,2,2,0,0.6666666666666666,0.0
81,100000,Exhaustive-Expanded,3,3,0,1.0,0.0
81,100000,Random-25,0,0,0,0.0,0.0
81,100000,VeraDM-prior,3,3,0,1.0,0.0
82,100000,Exhaustive-Expanded,1,1,0,0.3333333333333333,0.0
82,100000,Random-25,0,0,0,0.0,0.0
82,100000,VeraDM-prior,1,1,0,0.3333333333333333,0.0
83,100000,Exhaustive-Expanded,0,0,0,0.0,0.0
83,100000,Random-25,0,0,0,0.0,0.0
83,100000,VeraDM-prior,3,3,0,1.0,0.0
84,100000,Exhaustive-Expanded,0,0,0,0.0,0.0
84,100000,Random-25,0,0,0,0.0,0.0
84,100000,VeraDM-prior,3,3,0,1.0,0.0
85,100000,Exhaustive-Expanded,1,1,0,0.3333333333333333,0.0
85,100000,Random-25,0,0,0,0.0,0.0
85,100000,VeraDM-prior,2,2,0,0.6666666666666666,0.0
86,100000,Exhaustive-Expanded,2,2,0,0.6666666666666666,0.0
86,100000,Random-25,0,0,0,0.0,0.0
86,100000,VeraDM-prior,3,3,0,1.0,0.0
87,100000,Exhaustive-Expanded,0,0,0,0.0,0.0
87,100000,Random-25,0,0,0,0.0,0.0
87,100000,VeraDM-prior,2,2,0,0.6666666666666666,0.0
88,100000,Exhaustive-Expanded,0,0,0,0.0,0.0
88,100000,Random-25,0,0,0,0.0,0.0
88,100000,VeraDM-prior,4,3,1,1.0,0.25
89,100000,Exhaustive-Expanded,1,1,0,0.3333333333333333,0.0
89,100000,Random-25,0,0,0,0.0,0.0
89,100000,VeraDM-prior,3,3,0,1.0,0.0
90,100000,Exhaustive-Expanded,2,2,0,0.6666666666666666,0.0
90,100000,Random-25,0,0,0,0.0,0.0
90,100000,VeraDM-prior,1,1,0,0.3333333333333333,0.0
91,100000,Exhaustive-Expanded,2,2,0,0.6666666666666666,0.0
91,100000,Random-25,1,0,1,0.0,1.0
91,100000,VeraDM-prior,3,3,0,1.0,0.0
92,100000,Exhaustive-Expanded,2,2,0,0.6666666666666666,0.0
92,100000,Random-25,0,0,0,0.0,0.0
92,100000,VeraDM-prior,4,2,2,0.6666666666666666,0.5
93,100000,Exhaustive-Expanded,3,2,1,0.6666666666666666,0.3333333333333333
93,100000,Random-25,0,0,0,0.0,0.0
93,100000,VeraDM-prior,3,3,0,1.0,0.0
94,100000,Exhaustive-Expanded,2,2,0,0.6666666666666666,0.0
94,100000,Random-25,0,0,0,0.0,0.0
94,100000,VeraDM-prior,3,3,0,1.0,0.0
95,100000,Exhaustive-Expanded,1,1,0,0.3333333333333333,0.0
95,100000,Random-25,0,0,0,0.0,0.0
95,100000,VeraDM-prior,3,3,0,1.0,0.0
96,100000,Exhaustive-Expanded,1,1,0,0.3333333333333333,0.0
96,100000,Random-25,0,0,0,0.0,0.0
96,100000,VeraDM-prior,3,3,0,1.0,0.0
97,100000,Exhaustive-Expanded,1,1,0,0.3333333333333333,0.0
97,100000,Random-25,0,0,0,0.0,0.0
97,100000,VeraDM-prior,2,2,0,0.6666666666666666,0.0
98,100000,Exhaustive-Expanded,2,2,0,0.6666666666666666,0.0
98,100000,Random-25,1,0,1,0.0,1.0
98,100000,VeraDM-prior,3,3,0,1.0,0.0
99,100000,Exhaustive-Expanded,0,0,0,0.0,0.0
99,100000,Random-25,0,0,0,0.0,0.0
99,100000,VeraDM-prior,3,3,0,1.0,0.0
100,100000,Exhaustive-Expanded,2,2,0,0.6666666666666666,0.0
100,100000,Random-25,0,0,0,0.0,0.0
100,100000,VeraDM-prior,5,3,2,1.0,0.4
101,100000,Exhaustive-Expanded,2,2,0,0.6666666666666666,0.0
101,100000,Random-25,0,0,0,0.0,0.0
101,100000,VeraDM-prior,2,2,0,0.6666666666666666,0.0
102,100000,Exhaustive-Expanded,1,1,0,0.3333333333333333,0.0
102,100000,Random-25,0,0,0,0.0,0.0
102,100000,VeraDM-prior,2,2,0,0.6666666666666666,0.0
103,100000,Exhaustive-Expanded,1,1,0,0.3333333333333333,0.0
103,100000,Random-25,0,0,0,0.0,0.0
103,100000,VeraDM-prior,3,3,0,1.0,0.0
104,100000,Exhaustive-Expanded,0,0,0,0.0,0.0
104,100000,Random-25,1,0,1,0.0,1.0
104,100000,VeraDM-prior,2,2,0,0.6666666666666666,0.0
105,100000,Exhaustive-Expanded,4,3,1,1.0,0.25
105,100000,Random-25,0,0,0,0.0,0.0
105,100000,VeraDM-prior,2,2,0,0.6666666666666666,0.0
106,100000,Exhaustive-Expanded,3,3,0,1.0,0.0
106,100000,Random-25,1,0,1,0.0,1.0
106,100000,VeraDM-prior,2,2,0,0.6666666666666666,0.0
107,100000,Exhaustive-Expanded,0,0,0,0.0,0.0
107,100000,Random-25,0,0,0,0.0,0.0
107,100000,VeraDM-prior,3,3,0,1.0,0.0
108,100000,Exhaustive-Expanded,1,1,0,0.3333333333333333,0.0
108,100000,Random-25,1,0,1,0.0,1.0
108,100000,VeraDM-prior,3,3,0,1.0,0.0
109,100000,Exhaustive-Expanded,1,1,0,0.3333333333333333,0.0
109,100000,Random-25,0,0,0,0.0,0.0
109,100000,VeraDM-prior,3,3,0,1.0,0.0
110,100000,Exhaustive-Expanded,3,1,2,0.3333333333333333,0.6666666666666666
110,100000,Random-25,0,0,0,0.0,0.0
110,100000,VeraDM-prior,3,3,0,1.0,0.0
111,100000,Exhaustive-Expanded,0,0,0,0.0,0.0
111,100000,Random-25,0,0,0,0.0,0.0
111,100000,VeraDM-prior,2,2,0,0.6666666666666666,0.0
112,100000,Exhaustive-Expanded,0,0,0,0.0,0.0
112,100000,Random-25,0,0,0,0.0,0.0
112,100000,VeraDM-prior,4,1,3,0.3333333333333333,0.75
113,100000,Exhaustive-Expanded,1,1,0,0.3333333333333333,0.0
113,100000,Random-25,1,0,1,0.0,1.0
113,100000,VeraDM-prior,3,3,0,1.0,0.0
114,100000,Exhaustive-Expanded,1,1,0,0.3333333333333333,0.0
114,100000,Random-25,0,0,0,0.0,0.0
114,100000,VeraDM-prior,3,2,1,0.6666666666666666,0.3333333333333333
115,100000,Exhaustive-Expanded,1,1,0,0.3333333333333333,0.0
115,100000,Random-25,0,0,0,0.0,0.0
115,100000,VeraDM-prior,3,3,0,1.0,0.0
116,100000,Exhaustive-Expanded,3,3,0,1.0,0.0
116,100000,Random-25,0,0,0,0.0,0.0
116,100000,VeraDM-prior,3,3,0,1.0,0.0
117,100000,Exhaustive-Expanded,3,1,2,0.3333333333333333,0.6666666666666666
117,100000,Random-25,1,0,1,0.0,1.0
117,100000,VeraDM-prior,3,3,0,1.0,0.0
118,100000,Exhaustive-Expanded,0,0,0,0.0,0.0
118,100000,Random-25,0,0,0,0.0,0.0
118,100000,VeraDM-prior,3,3,0,1.0,0.0
119,100000,Exhaustive-Expanded,1,1,0,0.3333333333333333,0.0
119,100000,Random-25,0,0,0,0.0,0.0
119,100000,VeraDM-prior,2,2,0,0.6666666666666666,0.0
120,100000,Exhaustive-Expanded,0,0,0,0.0,0.0
120,100000,Random-25,0,0,0,0.0,0.0
120,100000,VeraDM-prior,2,2,0,0.6666666666666666,0.0
121,100000,Exhaustive-Expanded,0,0,0,0.0,0.0
121,100000,Random-25,0,0,0,0.0,0.0
121,100000,VeraDM-prior,5,3,2,1.0,0.4
122,100000,Exhaustive-Expanded,0,0,0,0.0,0.0
122,100000,Random-25,0,0,0,0.0,0.0
122,100000,VeraDM-prior,3,3,0,1.0,0.0
123,100000,Exhaustive-Expanded,1,1,0,0.3333333333333333,0.0
123,100000,Random-25,0,0,0,0.0,0.0
123,100000,VeraDM-prior,1,1,0,0.3333333333333333,0.0
124,100000,Exhaustive-Expanded,4,3,1,1.0,0.25
124,100000,Random-25,0,0,0,0.0,0.0
124,100000,VeraDM-prior,3,3,0,1.0,0.0
125,100000,Exhaustive-Expanded,1,0,1,0.0,1.0
125,100000,Random-25,0,0,0,0.0,0.0
125,100000,VeraDM-prior,4,3,1,1.0,0.25
126,100000,Exhaustive-Expanded,1,1,0,0.3333333333333333,0.0
126,100000,Random-25,0,0,0,0.0,0.0
126,100000,VeraDM-prior,2,2,0,0.6666666666666666,0.0
127,100000,Exhaustive-Expanded,1,1,0,0.3333333333333333,0.0
127,100000,Random-25,0,0,0,0.0,0.0
127,100000,VeraDM-prior,2,2,0,0.6666666666666666,0.0
128,100000,Exhaustive-Expanded,2,2,0,0.6666666666666666,0.0
128,100000,Random-25,0,0,0,0.0,0.0
128,100000,VeraDM-prior,3,3,0,1.0,0.0
129,100000,Exhaustive-Expanded,2,1,1,0.3333333333333333,0.5
129,100000,Random-25,1,0,1,0.0,1.0
129,100000,VeraDM-prior,3,3,0,1.0,0.0
130,100000,Exhaustive-Expanded,4,3,1,1.0,0.25
130,100000,Random-25,1,0,1,0.0,1.0
130,100000,VeraDM-prior,3,3,0,1.0,0.0
131,100000,Exhaustive-Expanded,0,0,0,0.0,0.0
131,100000,Random-25,0,0,0,0.0,0.0
131,100000,VeraDM-prior,3,3,0,1.0,0.0
132,100000,Exhaustive-Expanded,1,1,0,0.3333333333333333,0.0
132,100000,Random-25,0,0,0,0.0,0.0
132,100000,VeraDM-prior,5,3,2,1.0,0.4
133,100000,Exhaustive-Expanded,1,1,0,0.3333333333333333,0.0
133,100000,Random-25,0,0,0,0.0,0.0
133,100000,VeraDM-prior,3,3,0,1.0,0.0
134,100000,Exhaustive-Expanded,4,3,1,1.0,0.25
134,100000,Random-25,0,0,0,0.0,0.0
134,100000,VeraDM-prior,0,0,0,0.0,0.0
135,100000,Exhaustive-Expanded,1,1,0,0.3333333333333333,0.0
135,100000,Random-25,0,0,0,0.0,0.0
135,100000,VeraDM-prior,3,3,0,1.0,0.0
136,100000,Exhaustive-Expanded,0,0,0,0.0,0.0
136,100000,Random-25,0,0,0,0.0,0.0
136,100000,VeraDM-prior,1,1,0,0.3333333333333333,0.0
137,100000,Exhaustive-Expanded,3,2,1,0.6666666666666666,0.3333333333333333
137,100000,Random-25,0,0,0,0.0,0.0
137,100000,VeraDM-prior,3,3,0,1.0,0.0
138,100000,Exhaustive-Expanded,2,1,1,0.3333333333333333,0.5
138,100000,Random-25,0,0,0,0.0,0.0
138,100000,VeraDM-prior,2,2,0,0.6666666666666666,0.0
139,100000,Exhaustive-Expanded,2,2,0,0.6666666666666666,0.0
139,100000,Random-25,0,0,0,0.0,0.0
139,100000,VeraDM-prior,2,2,0,0.6666666666666666,0.0
140,100000,Exhaustive-Expanded,1,1,0,0.3333333333333333,0.0
140,100000,Random-25,0,0,0,0.0,0.0
140,100000,VeraDM-prior,2,2,0,0.6666666666666666,0.0
141,100000,Exhaustive-Expanded,2,2,0,0.6666666666666666,0.0
141,100000,Random-25,0,0,0,0.0,0.0
141,100000,VeraDM-prior,2,1,1,0.3333333333333333,0.5
142,100000,Exhaustive-Expanded,2,1,1,0.3333333333333333,0.5
142,100000,Random-25,0,0,0,0.0,0.0
142,100000,VeraDM-prior,4,3,1,1.0,0.25
143,100000,Exhaustive-Expanded,1,0,1,0.0,1.0
143,100000,Random-25,0,0,0,0.0,0.0
143,100000,VeraDM-prior,3,3,0,1.0,0.0
144,100000,Exhaustive-Expanded,1,1,0,0.3333333333333333,0.0
144,100000,Random-25,0,0,0,0.0,0.0
144,100000,VeraDM-prior,4,3,1,1.0,0.25
145,100000,Exhaustive-Expanded,0,0,0,0.0,0.0
145,100000,Random-25,0,0,0,0.0,0.0
145,100000,VeraDM-prior,3,2,1,0.6666666666666666,0.3333333333333333
146,100000,Exhaustive-Expanded,2,2,0,0.6666666666666666,0.0
146,100000,Random-25,0,0,0,0.0,0.0
146,100000,VeraDM-prior,3,2,1,0.6666666666666666,0.3333333333333333
147,100000,Exhaustive-Expanded,2,1,1,0.3333333333333333,0.5
147,100000,Random-25,0,0,0,0.0,0.0
147,100000,VeraDM-prior,1,1,0,0.3333333333333333,0.0
148,100000,Exhaustive-Expanded,2,2,0,0.6666666666666666,0.0
148,100000,Random-25,1,0,1,0.0,1.0
148,100000,VeraDM-prior,4,3,1,1.0,0.25
149,100000,Exhaustive-Expanded,3,3,0,1.0,0.0
149,100000,Random-25,0,0,0,0.0,0.0
149,100000,VeraDM-prior,3,3,0,1.0,0.0
150,100000,Exhaustive-Expanded,1,1,0,0.3333333333333333,0.0
150,100000,Random-25,0,0,0,0.0,0.0
150,100000,VeraDM-prior,4,3,1,1.0,0.25
151,100000,Exhaustive-Expanded,1,1,0,0.3333333333333333,0.0
151,100000,Random-25,0,0,0,0.0,0.0
151,100000,VeraDM-prior,4,3,1,1.0,0.25
152,100000,Exhaustive-Expanded,2,2,0,0.6666666666666666,0.0
152,100000,Random-25,0,0,0,0.0,0.0
152,100000,VeraDM-prior,2,2,0,0.6666666666666666,0.0
153,100000,Exhaustive-Expanded,2,2,0,0.6666666666666666,0.0
153,100000,Random-25,0,0,0,0.0,0.0
153,100000,VeraDM-prior,2,2,0,0.6666666666666666,0.0
154,100000,Exhaustive-Expanded,0,0,0,0.0,0.0
154,100000,Random-25,0,0,0,0.0,0.0
154,100000,VeraDM-prior,5,3,2,1.0,0.4
155,100000,Exhaustive-Expanded,2,2,0,0.6666666666666666,0.0
155,100000,Random-25,1,0,1,0.0,1.0
155,100000,VeraDM-prior,2,2,0,0.6666666666666666,0.0
156,100000,Exhaustive-Expanded,0,0,0,0.0,0.0
156,100000,Random-25,0,0,0,0.0,0.0
156,100000,VeraDM-prior,4,3,1,1.0,0.25
157,100000,Exhaustive-Expanded,0,0,0,0.0,0.0
157,100000,Random-25,0,0,0,0.0,0.0
157,100000,VeraDM-prior,3,3,0,1.0,0.0
158,100000,Exhaustive-Expanded,1,1,0,0.3333333333333333,0.0
158,100000,Random-25,0,0,0,0.0,0.0
158,100000,VeraDM-prior,4,3,1,1.0,0.25
159,100000,Exhaustive-Expanded,0,0,0,0.0,0.0
159,100000,Random-25,1,0,1,0.0,1.0
159,100000,VeraDM-prior,4,2,2,0.6666666666666666,0.5
160,100000,Exhaustive-Expanded,1,1,0,0.3333333333333333,0.0
160,100000,Random-25,0,0,0,0.0,0.0
160,100000,VeraDM-prior,4,3,1,1.0,0.25
161,100000,Exhaustive-Expanded,1,1,0,0.3333333333333333,0.0
161,100000,Random-25,0,0,0,0.0,0.0
161,100000,VeraDM-prior,4,3,1,1.0,0.25
162,100000,Exhaustive-Expanded,2,2,0,0.6666666666666666,0.0
162,100000,Random-25,0,0,0,0.0,0.0
162,100000,VeraDM-prior,2,2,0,0.6666666666666666,0.0
163,100000,Exhaustive-Expanded,3,2,1,0.6666666666666666,0.3333333333333333
163,100000,Random-25,0,0,0,0.0,0.0
163,100000,VeraDM-prior,3,3,0,1.0,0.0
164,100000,Exhaustive-Expanded,0,0,0,0.0,0.0
164,100000,Random-25,0,0,0,0.0,0.0
164,100000,VeraDM-prior,3,3,0,1.0,0.0
165,100000,Exhaustive-Expanded,0,0,0,0.0,0.0
165,100000,Random-25,0,0,0,0.0,0.0
165,100000,VeraDM-prior,3,3,0,1.0,0.0
166,100000,Exhaustive-Expanded,0,0,0,0.0,0.0
166,100000,Random-25,0,0,0,0.0,0.0
166,100000,VeraDM-prior,2,2,0,0.6666666666666666,0.0
167,100000,Exhaustive-Expanded,3,3,0,1.0,0.0
167,100000,Random-25,0,0,0,0.0,0.0
167,100000,VeraDM-prior,3,3,0,1.0,0.0
168,100000,Exhaustive-Expanded,1,1,0,0.3333333333333333,0.0
168,100000,Random-25,0,0,0,0.0,0.0
168,100000,VeraDM-prior,3,2,1,0.6666666666666666,0.3333333333333333
169,100000,Exhaustive-Expanded,0,0,0,0.0,0.0
169,100000,Random-25,0,0,0,0.0,0.0
169,100000,VeraDM-prior,2,2,0,0.6666666666666666,0.0
170,100000,Exhaustive-Expanded,3,2,1,0.6666666666666666,0.3333333333333333
170,100000,Random-25,0,0,0,0.0,0.0
170,100000,VeraDM-prior,2,2,0,0.6666666666666666,0.0
171,100000,Exhaustive-Expanded,1,1,0,0.3333333333333333,0.0
171,100000,Random-25,0,0,0,0.0,0.0
171,100000,VeraDM-prior,3,3,0,1.0,0.0
172,100000,Exhaustive-Expanded,1,1,0,0.3333333333333333,0.0
172,100000,Random-25,0,0,0,0.0,0.0
172,100000,VeraDM-prior,3,3,0,1.0,0.0
173,100000,Exhaustive-Expanded,2,2,0,0.6666666666666666,0.0
173,100000,Random-25,0,0,0,0.0,0.0
173,100000,VeraDM-prior,3,3,0,1.0,0.0
174,100000,Exhaustive-Expanded,0,0,0,0.0,0.0
174,100000,Random-25,0,0,0,0.0,0.0
174,100000,VeraDM-prior,3,3,0,1.0,0.0
175,100000,Exhaustive-Expanded,2,1,1,0.3333333333333333,0.5
175,100000,Random-25,1,0,1,0.0,1.0
175,100000,VeraDM-prior,3,2,1,0.6666666666666666,0.3333333333333333
176,100000,Exhaustive-Expanded,1,1,0,0.3333333333333333,0.0
176,100000,Random-25,0,0,0,0.0,0.0
176,100000,VeraDM-prior,2,2,0,0.6666666666666666,0.0
177,100000,Exhaustive-Expanded,1,1,0,0.3333333333333333,0.0
177,100000,Random-25,0,0,0,0.0,0.0
177,100000,VeraDM-prior,3,3,0,1.0,0.0
178,100000,Exhaustive-Expanded,2,1,1,0.3333333333333333,0.5
178,100000,Random-25,0,0,0,0.0,0.0
178,100000,VeraDM-prior,2,2,0,0.6666666666666666,0.0
179,100000,Exhaustive-Expanded,1,1,0,0.3333333333333333,0.0
179,100000,Random-25,0,0,0,0.0,0.0
179,100000,VeraDM-prior,3,3,0,1.0,0.0
180,100000,Exhaustive-Expanded,1,1,0,0.3333333333333333,0.0
180,100000,Random-25,0,0,0,0.0,0.0
180,100000,VeraDM-prior,2,2,0,0.6666666666666666,0.0
181,100000,Exhaustive-Expanded,1,1,0,0.3333333333333333,0.0
181,100000,Random-25,0,0,0,0.0,0.0
181,100000,VeraDM-prior,2,2,0,0.6666666666666666,0.0
182,100000,Exhaustive-Expanded,0,0,0,0.0,0.0
182,100000,Random-25,1,0,1,0.0,1.0
182,100000,VeraDM-prior,3,3,0,1.0,0.0
183,100000,Exhaustive-Expanded,2,2,0,0.6666666666666666,0.0
183,100000,Random-25,0,0,0,0.0,0.0
183,100000,VeraDM-prior,3,3,0,1.0,0.0
184,100000,Exhaustive-Expanded,1,1,0,0.3333333333333333,0.0
184,100000,Random-25,0,0,0,0.0,0.0
184,100000,VeraDM-prior,2,2,0,0.6666666666666666,0.0
185,100000,Exhaustive-Expanded,1,1,0,0.3333333333333333,0.0
185,100000,Random-25,0,0,0,0.0,0.0
185,100000,VeraDM-prior,3,3,0,1.0,0.0
186,100000,Exhaustive-Expanded,4,2,2,0.6666666666666666,0.5
186,100000,Random-25,0,0,0,0.0,0.0
186,100000,VeraDM-prior,4,3,1,1.0,0.25
187,100000,Exhaustive-Expanded,1,1,0,0.3333333333333333,0.0
187,100000,Random-25,0,0,0,0.0,0.0
187,100000,VeraDM-prior,3,2,1,0.6666666666666666,0.3333333333333333
188,100000,Exhaustive-Expanded,1,1,0,0.3333333333333333,0.0
188,100000,Random-25,0,0,0,0.0,0.0
188,100000,VeraDM-prior,4,3,1,1.0,0.25
189,100000,Exhaustive-Expanded,2,1,1,0.3333333333333333,0.5
189,100000,Random-25,0,0,0,0.0,0.0
189,100000,VeraDM-prior,2,2,0,0.6666666666666666,0.0
190,100000,Exhaustive-Expanded,3,2,1,0.6666666666666666,0.3333333333333333
190,100000,Random-25,0,0,0,0.0,0.0
190,100000,VeraDM-prior,3,3,0,1.0,0.0
191,100000,Exhaustive-Expanded,2,1,1,0.3333333333333333,0.5
191,100000,Random-25,0,0,0,0.0,0.0
191,100000,VeraDM-prior,2,2,0,0.6666666666666666,0.0
192,100000,Exhaustive-Expanded,3,2,1,0.6666666666666666,0.3333333333333333
192,100000,Random-25,0,0,0,0.0,0.0
192,100000,VeraDM-prior,1,1,0,0.3333333333333333,0.0
193,100000,Exhaustive-Expanded,1,1,0,0.3333333333333333,0.0
193,100000,Random-25,0,0,0,0.0,0.0
193,100000,VeraDM-prior,4,3,1,1.0,0.25
194,100000,Exhaustive-Expanded,2,1,1,0.3333333333333333,0.5
194,100000,Random-25,0,0,0,0.0,0.0
194,100000,VeraDM-prior,1,1,0,0.3333333333333333,0.0
195,100000,Exhaustive-Expanded,1,1,0,0.3333333333333333,0.0
195,100000,Random-25,0,0,0,0.0,0.0
195,100000,VeraDM-prior,4,3,1,1.0,0.25
196,100000,Exhaustive-Expanded,1,1,0,0.3333333333333333,0.0
196,100000,Random-25,0,0,0,0.0,0.0
196,100000,VeraDM-prior,3,3,0,1.0,0.0
197,100000,Exhaustive-Expanded,1,1,0,0.3333333333333333,0.0
197,100000,Random-25,0,0,0,0.0,0.0
197,100000,VeraDM-prior,3,3,0,1.0,0.0
198,100000,Exhaustive-Expanded,2,2,0,0.6666666666666666,0.0
198,100000,Random-25,0,0,0,0.0,0.0
198,100000,VeraDM-prior,2,2,0,0.6666666666666666,0.0
199,100000,Exhaustive-Expanded,4,2,2,0.6666666666666666,0.5
199,100000,Random-25,0,0,0,0.0,0.0
199,100000,VeraDM-prior,4,3,1,1.0,0.25
200,100000,Exhaustive-Expanded,1,1,0,0.3333333333333333,0.0
200,100000,Random-25,0,0,0,0.0,0.0
200,100000,VeraDM-prior,3,2,1,0.6666666666666666,0.3333333333333333
201,100000,Exhaustive-Expanded,1,1,0,0.3333333333333333,0.0
201,100000,Random-25,0,0,0,0.0,0.0
201,100000,VeraDM-prior,3,3,0,1.0,0.0
202,100000,Exhaustive-Expanded,2,2,0,0.6666666666666666,0.0
202,100000,Random-25,0,0,0,0.0,0.0
202,100000,VeraDM-prior,3,3,0,1.0,0.0
203,100000,Exhaustive-Expanded,0,0,0,0.0,0.0
203,100000,Random-25,0,0,0,0.0,0.0
203,100000,VeraDM-prior,2,2,0,0.6666666666666666,0.0
204,100000,Exhaustive-Expanded,1,1,0,0.3333333333333333,0.0
204,100000,Random-25,0,0,0,0.0,0.0
204,100000,VeraDM-prior,3,3,0,1.0,0.0
205,100000,Exhaustive-Expanded,1,1,0,0.3333333333333333,0.0
205,100000,Random-25,0,0,0,0.0,0.0
205,100000,VeraDM-prior,3,2,1,0.6666666666666666,0.3333333333333333
206,100000,Exhaustive-Expanded,2,2,0,0.6666666666666666,0.0
206,100000,Random-25,0,0,0,0.0,0.0
206,100000,VeraDM-prior,4,3,1,1.0,0.25
207,100000,Exhaustive-Expanded,1,1,0,0.3333333333333333,0.0
207,100000,Random-25,0,0,0,0.0,0.0
207,100000,VeraDM-prior,3,3,0,1.0,0.0
208,100000,Exhaustive-Expanded,0,0,0,0.0,0.0
208,100000,Random-25,0,0,0,0.0,0.0
208,100000,VeraDM-prior,4,3,1,1.0,0.25
209,100000,Exhaustive-Expanded,0,0,0,0.0,0.0
209,100000,Random-25,0,0,0,0.0,0.0
209,100000,VeraDM-prior,2,2,0,0.6666666666666666,0.0
210,100000,Exhaustive-Expanded,1,1,0,0.3333333333333333,0.0
210,100000,Random-25,0,0,0,0.0,0.0
210,100000,VeraDM-prior,2,2,0,0.6666666666666666,0.0
211,100000,Exhaustive-Expanded,0,0,0,0.0,0.0
211,100000,Random-25,0,0,0,0.0,0.0
211,100000,VeraDM-prior,2,2,0,0.6666666666666666,0.0
212,100000,Exhaustive-Expanded,4,3,1,1.0,0.25
212,100000,Random-25,0,0,0,0.0,0.0
212,100000,VeraDM-prior,2,1,1,0.3333333333333333,0.5
213,100000,Exhaustive-Expanded,0,0,0,0.0,0.0
213,100000,Random-25,0,0,0,0.0,0.0
213,100000,VeraDM-prior,4,3,1,1.0,0.25
214,100000,Exhaustive-Expanded,4,2,2,0.6666666666666666,0.5
214,100000,Random-25,0,0,0,0.0,0.0
214,100000,VeraDM-prior,4,3,1,1.0,0.25
215,100000,Exhaustive-Expanded,3,2,1,0.6666666666666666,0.3333333333333333
215,100000,Random-25,0,0,0,0.0,0.0
215,100000,VeraDM-prior,2,2,0,0.6666666666666666,0.0
216,100000,Exhaustive-Expanded,0,0,0,0.0,0.0
216,100000,Random-25,0,0,0,0.0,0.0
216,100000,VeraDM-prior,3,3,0,1.0,0.0
217,100000,Exhaustive-Expanded,2,2,0,0.6666666666666666,0.0
217,100000,Random-25,0,0,0,0.0,0.0
217,100000,VeraDM-prior,4,3,1,1.0,0.25
218,100000,Exhaustive-Expanded,1,0,1,0.0,1.0
218,100000,Random-25,0,0,0,0.0,0.0
218,100000,VeraDM-prior,3,3,0,1.0,0.0
219,100000,Exhaustive-Expanded,2,2,0,0.6666666666666666,0.0
219,100000,Random-25,0,0,0,0.0,0.0
219,100000,VeraDM-prior,4,3,1,1.0,0.25
220,100000,Exhaustive-Expanded,1,1,0,0.3333333333333333,0.0
220,100000,Random-25,0,0,0,0.0,0.0
220,100000,VeraDM-prior,3,3,0,1.0,0.0
221,100000,Exhaustive-Expanded,4,1,3,0.3333333333333333,0.75
221,100000,Random-25,0,0,0,0.0,0.0
221,100000,VeraDM-prior,5,3,2,1.0,0.4
222,100000,Exhaustive-Expanded,1,1,0,0.3333333333333333,0.0
222,100000,Random-25,0,0,0,0.0,0.0
222,100000,VeraDM-prior,5,3,2,1.0,0.4
223,100000,Exhaustive-Expanded,1,1,0,0.3333333333333333,0.0
223,100000,Random-25,0,0,0,0.0,0.0
223,100000,VeraDM-prior,4,3,1,1.0,0.25
224,100000,Exhaustive-Expanded,2,2,0,0.6666666666666666,0.0
224,100000,Random-25,0,0,0,0.0,0.0
224,100000,VeraDM-prior,2,2,0,0.6666666666666666,0.0
225,100000,Exhaustive-Expanded,4,3,1,1.0,0.25
225,100000,Random-25,0,0,0,0.0,0.0
225,100000,VeraDM-prior,3,2,1,0.6666666666666666,0.3333333333333333
226,100000,Exhaustive-Expanded,1,1,0,0.3333333333333333,0.0
226,100000,Random-25,0,0,0,0.0,0.0
226,100000,VeraDM-prior,3,3,0,1.0,0.0
227,100000,Exhaustive-Expanded,1,1,0,0.3333333333333333,0.0
227,100000,Random-25,0,0,0,0.0,0.0
227,100000,VeraDM-prior,3,3,0,1.0,0.0
228,100000,Exhaustive-Expanded,2,2,0,0.6666666666666666,0.0
228,100000,Random-25,0,0,0,0.0,0.0
228,100000,VeraDM-prior,2,2,0,0.6666666666666666,0.0
229,100000,Exhaustive-Expanded,1,1,0,0.3333333333333333,0.0
229,100000,Random-25,0,0,0,0.0,0.0
229,100000,VeraDM-prior,4,3,1,1.0,0.25
230,100000,Exhaustive-Expanded,3,2,1,0.6666666666666666,0.3333333333333333
230,100000,Random-25,0,0,0,0.0,0.0
230,100000,VeraDM-prior,2,2,0,0.6666666666666666,0.0
231,100000,Exhaustive-Expanded,1,1,0,0.3333333333333333,0.0
231,100000,Random-25,0,0,0,0.0,0.0
231,100000,VeraDM-prior,4,3,1,1.0,0.25
232,100000,Exhaustive-Expanded,1,1,0,0.3333333333333333,0.0
232,100000,Random-25,0,0,0,0.0,0.0
232,100000,VeraDM-prior,2,1,1,0.3333333333333333,0.5
233,100000,Exhaustive-Expanded,2,2,0,0.6666666666666666,0.0
233,100000,Random-25,0,0,0,0.0,0.0
233,100000,VeraDM-prior,3,3,0,1.0,0.0
234,100000,Exhaustive-Expanded,1,1,0,0.3333333333333333,0.0
234,100000,Random-25,0,0,0,0.0,0.0
234,100000,VeraDM-prior,2,2,0,0.6666666666666666,0.0
235,100000,Exhaustive-Expanded,2,2,0,0.6666666666666666,0.0
235,100000,Random-25,0,0,0,0.0,0.0
235,100000,VeraDM-prior,3,3,0,1.0,0.0
236,100000,Exhaustive-Expanded,0,0,0,0.0,0.0
236,100000,Random-25,0,0,0,0.0,0.0
236,100000,VeraDM-prior,3,2,1,0.6666666666666666,0.3333333333333333
237,100000,Exhaustive-Expanded,4,3,1,1.0,0.25
237,100000,Random-25,0,0,0,0.0,0.0
237,100000,VeraDM-prior,2,2,0,0.6666666666666666,0.0
238,100000,Exhaustive-Expanded,1,1,0,0.3333333333333333,0.0
238,100000,Random-25,0,0,0,0.0,0.0
238,100000,VeraDM-prior,3,3,0,1.0,0.0
239,100000,Exhaustive-Expanded,1,1,0,0.3333333333333333,0.0
239,100000,Random-25,0,0,0,0.0,0.0
239,100000,VeraDM-prior,3,2,1,0.6666666666666666,0.3333333333333333
240,100000,Exhaustive-Expanded,2,1,1,0.3333333333333333,0.5
240,100000,Random-25,0,0,0,0.0,0.0
240,100000,VeraDM-prior,4,3,1,1.0,0.25
241,100000,Exhaustive-Expanded,0,0,0,0.0,0.0
241,100000,Random-25,0,0,0,0.0,0.0
241,100000,VeraDM-prior,2,2,0,0.6666666666666666,0.0
242,100000,Exhaustive-Expanded,1,1,0,0.3333333333333333,0.0
242,100000,Random-25,1,0,1,0.0,1.0
242,100000,VeraDM-prior,2,2,0,0.6666666666666666,0.0
243,100000,Exhaustive-Expanded,2,2,0,0.6666666666666666,0.0
243,100000,Random-25,0,0,0,0.0,0.0
243,100000,VeraDM-prior,3,2,1,0.6666666666666666,0.3333333333333333
244,100000,Exhaustive-Expanded,3,3,0,1.0,0.0
244,100000,Random-25,0,0,0,0.0,0.0
244,100000,VeraDM-prior,2,2,0,0.6666666666666666,0.0
245,100000,Exhaustive-Expanded,1,1,0,0.3333333333333333,0.0
245,100000,Random-25,1,0,1,0.0,1.0
245,100000,VeraDM-prior,2,2,0,0.6666666666666666,0.0
246,100000,Exhaustive-Expanded,2,2,0,0.6666666666666666,0.0
246,100000,Random-25,0,0,0,0.0,0.0
246,100000,VeraDM-prior,2,2,0,0.6666666666666666,0.0
247,100000,Exhaustive-Expanded,1,1,0,0.3333333333333333,0.0
247,100000,Random-25,0,0,0,0.0,0.0
247,100000,VeraDM-prior,2,2,0,0.6666666666666666,0.0
248,100000,Exhaustive-Expanded,2,2,0,0.6666666666666666,0.0
248,100000,Random-25,0,0,0,0.0,0.0
248,100000,VeraDM-prior,3,2,1,0.6666666666666666,0.3333333333333333
249,100000,Exhaustive-Expanded,3,2,1,0.6666666666666666,0.3333333333333333
249,100000,Random-25,0,0,0,0.0,0.0
249,100000,VeraDM-prior,2,2,0,0.6666666666666666,0.0
250,100000,Exhaustive-Expanded,1,1,0,0.3333333333333333,0.0
250,100000,Random-25,0,0,0,0.0,0.0
250,100000,VeraDM-prior,2,2,0,0.6666666666666666,0.0
251,100000,Exhaustive-Expanded,1,1,0,0.3333333333333333,0.0
251,100000,Random-25,0,0,0,0.0,0.0
251,100000,VeraDM-prior,2,2,0,0.6666666666666666,0.0
252,100000,Exhaustive-Expanded,0,0,0,0.0,0.0
252,100000,Random-25,0,0,0,0.0,0.0
252,100000,VeraDM-prior,1,1,0,0.3333333333333333,0.0
253,100000,Exhaustive-Expanded,1,1,0,0.3333333333333333,0.0
253,100000,Random-25,0,0,0,0.0,0.0
253,100000,VeraDM-prior,3,3,0,1.0,0.0
254,100000,Exhaustive-Expanded,0,0,0,0.0,0.0
254,100000,Random-25,0,0,0,0.0,0.0
254,100000,VeraDM-prior,3,3,0,1.0,0.0
255,100000,Exhaustive-Expanded,2,2,0,0.6666666666666666,0.0
255,100000,Random-25,1,0,1,0.0,1.0
255,100000,VeraDM-prior,3,3,0,1.0,0.0
256,100000,Exhaustive-Expanded,3,2,1,0.6666666666666666,0.3333333333333333
256,100000,Random-25,0,0,0,0.0,0.0
256,100000,VeraDM-prior,3,3,0,1.0,0.0
257,100000,Exhaustive-Expanded,2,1,1,0.3333333333333333,0.5
257,100000,Random-25,0,0,0,0.0,0.0
257,100000,VeraDM-prior,4,3,1,1.0,0.25
258,100000,Exhaustive-Expanded,2,2,0,0.6666666666666666,0.0
258,100000,Random-25,0,0,0,0.0,0.0
258,100000,VeraDM-prior,3,3,0,1.0,0.0
259,100000,Exhaustive-Expanded,2,0,2,0.0,1.0
259,100000,Random-25,0,0,0,0.0,0.0
259,100000,VeraDM-prior,3,3,0,1.0,0.0
260,100000,Exhaustive-Expanded,2,2,0,0.6666666666666666,0.0
260,100000,Random-25,0,0,0,0.0,0.0
260,100000,VeraDM-prior,2,2,0,0.6666666666666666,0.0
261,100000,Exhaustive-Expanded,1,1,0,0.3333333333333333,0.0
261,100000,Random-25,0,0,0,0.0,0.0
261,100000,VeraDM-prior,0,0,0,0.0,0.0
262,100000,Exhaustive-Expanded,1,1,0,0.3333333333333333,0.0
262,100000,Random-25,0,0,0,0.0,0.0
262,100000,VeraDM-prior,3,3,0,1.0,0.0
263,100000,Exhaustive-Expanded,0,0,0,0.0,0.0
263,100000,Random-25,0,0,0,0.0,0.0
263,100000,VeraDM-prior,4,3,1,1.0,0.25
264,100000,Exhaustive-Expanded,0,0,0,0.0,0.0
264,100000,Random-25,0,0,0,0.0,0.0
264,100000,VeraDM-prior,3,3,0,1.0,0.0
265,100000,Exhaustive-Expanded,1,1,0,0.3333333333333333,0.0
265,100000,Random-25,0,0,0,0.0,0.0
265,100000,VeraDM-prior,3,3,0,1.0,0.0
266,100000,Exhaustive-Expanded,2,2,0,0.6666666666666666,0.0
266,100000,Random-25,0,0,0,0.0,0.0
266,100000,VeraDM-prior,4,3,1,1.0,0.25
267,100000,Exhaustive-Expanded,1,1,0,0.3333333333333333,0.0
267,100000,Random-25,0,0,0,0.0,0.0
267,100000,VeraDM-prior,3,3,0,1.0,0.0
268,100000,Exhaustive-Expanded,1,1,0,0.3333333333333333,0.0
268,100000,Random-25,0,0,0,0.0,0.0
268,100000,VeraDM-prior,3,3,0,1.0,0.0
269,100000,Exhaustive-Expanded,2,2,0,0.6666666666666666,0.0
269,100000,Random-25,0,0,0,0.0,0.0
269,100000,VeraDM-prior,2,2,0,0.6666666666666666,0.0
270,100000,Exhaustive-Expanded,2,1,1,0.3333333333333333,0.5
270,100000,Random-25,0,0,0,0.0,0.0
270,100000,VeraDM-prior,2,2,0,0.6666666666666666,0.0
271,100000,Exhaustive-Expanded,1,1,0,0.3333333333333333,0.0
271,100000,Random-25,0,0,0,0.0,0.0
271,100000,VeraDM-prior,2,2,0,0.6666666666666666,0.0
272,100000,Exhaustive-Expanded,0,0,0,0.0,0.0
272,100000,Random-25,0,0,0,0.0,0.0
272,100000,VeraDM-prior,2,2,0,0.6666666666666666,0.0
273,100000,Exhaustive-Expanded,1,1,0,0.3333333333333333,0.0
273,100000,Random-25,0,0,0,0.0,0.0
273,100000,VeraDM-prior,3,3,0,1.0,0.0
274,100000,Exhaustive-Expanded,4,2,2,0.6666666666666666,0.5
274,100000,Random-25,0,0,0,0.0,0.0
274,100000,VeraDM-prior,3,3,0,1.0,0.0
275,100000,Exhaustive-Expanded,1,1,0,0.3333333333333333,0.0
275,100000,Random-25,0,0,0,0.0,0.0
275,100000,VeraDM-prior,4,3,1,1.0,0.25
276,100000,Exhaustive-Expanded,1,1,0,0.3333333333333333,0.0
276,100000,Random-25,0,0,0,0.0,0.0
276,100000,VeraDM-prior,2,2,0,0.6666666666666666,0.0
277,100000,Exhaustive-Expanded,3,3,0,1.0,0.0
277,100000,Random-25,0,0,0,0.0,0.0
277,100000,VeraDM-prior,3,3,0,1.0,0.0
278,100000,Exhaustive-Expanded,0,0,0,0.0,0.0
278,100000,Random-25,0,0,0,0.0,0.0
278,100000,VeraDM-prior,2,2,0,0.6666666666666666,0.0
279,100000,Exhaustive-Expanded,5,2,3,0.6666666666666666,0.6
279,100000,Random-25,0,0,0,0.0,0.0
279,100000,VeraDM-prior,2,2,0,0.6666666666666666,0.0
280,100000,Exhaustive-Expanded,1,1,0,0.3333333333333333,0.0
280,100000,Random-25,0,0,0,0.0,0.0
280,100000,VeraDM-prior,3,3,0,1.0,0.0
281,100000,Exhaustive-Expanded,3,2,1,0.6666666666666666,0.3333333333333333
281,100000,Random-25,0,0,0,0.0,0.0
281,100000,VeraDM-prior,4,3,1,1.0,0.25
282,100000,Exhaustive-Expanded,2,1,1,0.3333333333333333,0.5
282,100000,Random-25,0,0,0,0.0,0.0
282,100000,VeraDM-prior,3,2,1,0.6666666666666666,0.3333333333333333
283,100000,Exhaustive-Expanded,1,1,0,0.3333333333333333,0.0
283,100000,Random-25,0,0,0,0.0,0.0
283,100000,VeraDM-prior,4,3,1,1.0,0.25
284,100000,Exhaustive-Expanded,1,0,1,0.0,1.0
284,100000,Random-25,0,0,0,0.0,0.0
284,100000,VeraDM-prior,2,2,0,0.6666666666666666,0.0
285,100000,Exhaustive-Expanded,1,1,0,0.3333333333333333,0.0
285,100000,Random-25,0,0,0,0.0,0.0
285,100000,VeraDM-prior,2,2,0,0.6666666666666666,0.0
286,100000,Exhaustive-Expanded,1,1,0,0.3333333333333333,0.0
286,100000,Random-25,0,0,0,0.0,0.0
286,100000,VeraDM-prior,3,3,0,1.0,0.0
287,100000,Exhaustive-Expanded,0,0,0,0.0,0.0
287,100000,Random-25,0,0,0,0.0,0.0
287,100000,VeraDM-prior,2,2,0,0.6666666666666666,0.0
288,100000,Exhaustive-Expanded,2,2,0,0.6666666666666666,0.0
288,100000,Random-25,0,0,0,0.0,0.0
288,100000,VeraDM-prior,3,3,0,1.0,0.0
289,100000,Exhaustive-Expanded,2,2,0,0.6666666666666666,0.0
289,100000,Random-25,0,0,0,0.0,0.0
289,100000,VeraDM-prior,3,3,0,1.0,0.0
290,100000,Exhaustive-Expanded,1,1,0,0.3333333333333333,0.0
290,100000,Random-25,0,0,0,0.0,0.0
290,100000,VeraDM-prior,3,3,0,1.0,0.0
291,100000,Exhaustive-Expanded,2,2,0,0.6666666666666666,0.0
291,100000,Random-25,0,0,0,0.0,0.0
291,100000,VeraDM-prior,3,3,0,1.0,0.0
292,100000,Exhaustive-Expanded,0,0,0,0.0,0.0
292,100000,Random-25,2,0,2,0.0,1.0
292,100000,VeraDM-prior,3,2,1,0.6666666666666666,0.3333333333333333
293,100000,Exhaustive-Expanded,1,1,0,0.3333333333333333,0.0
293,100000,Random-25,0,0,0,0.0,0.0
293,100000,VeraDM-prior,3,2,1,0.6666666666666666,0.3333333333333333
294,100000,Exhaustive-Expanded,3,2,1,0.6666666666666666,0.3333333333333333
294,100000,Random-25,0,0,0,0.0,0.0
294,100000,VeraDM-prior,2,2,0,0.6666666666666666,0.0
295,100000,Exhaustive-Expanded,2,2,0,0.6666666666666666,0.0
295,100000,Random-25,0,0,0,0.0,0.0
295,100000,VeraDM-prior,3,3,0,1.0,0.0
296,100000,Exhaustive-Expanded,2,1,1,0.3333333333333333,0.5
296,100000,Random-25,1,0,1,0.0,1.0
296,100000,VeraDM-prior,3,3,0,1.0,0.0
297,100000,Exhaustive-Expanded,2,2,0,0.6666666666666666,0.0
297,100000,Random-25,0,0,0,0.0,0.0
297,100000,VeraDM-prior,2,2,0,0.6666666666666666,0.0
298,100000,Exhaustive-Expanded,0,0,0,0.0,0.0
298,100000,Random-25,0,0,0,0.0,0.0
298,100000,VeraDM-prior,3,3,0,1.0,0.0
299,100000,Exhaustive-Expanded,2,2,0,0.6666666666666666,0.0
299,100000,Random-25,0,0,0,0.0,0.0
299,100000,VeraDM-prior,3,3,0,1.0,0.0
300,100000,Exhaustive-Expanded,1,1,0,0.3333333333333333,0.0
300,100000,Random-25,0,0,0,0.0,0.0
300,100000,VeraDM-prior,3,3,0,1.0,0.0
301,100000,Exhaustive-Expanded,1,1,0,0.3333333333333333,0.0
301,100000,Random-25,0,0,0,0.0,0.0
301,100000,VeraDM-prior,4,3,1,1.0,0.25
302,100000,Exhaustive-Expanded,1,1,0,0.3333333333333333,0.0
302,100000,Random-25,1,0,1,0.0,1.0
302,100000,VeraDM-prior,4,3,1,1.0,0.25
303,100000,Exhaustive-Expanded,3,2,1,0.6666666666666666,0.3333333333333333
303,100000,Random-25,0,0,0,0.0,0.0
303,100000,VeraDM-prior,2,2,0,0.6666666666666666,0.0
304,100000,Exhaustive-Expanded,2,2,0,0.6666666666666666,0.0
304,100000,Random-25,0,0,0,0.0,0.0
304,100000,VeraDM-prior,3,2,1,0.6666666666666666,0.3333333333333333
305,100000,Exhaustive-Expanded,1,1,0,0.3333333333333333,0.0
305,100000,Random-25,0,0,0,0.0,0.0
305,100000,VeraDM-prior,3,3,0,1.0,0.0
306,100000,Exhaustive-Expanded,3,2,1,0.6666666666666666,0.3333333333333333
306,100000,Random-25,0,0,0,0.0,0.0
306,100000,VeraDM-prior,3,3,0,1.0,0.0
307,100000,Exhaustive-Expanded,1,1,0,0.3333333333333333,0.0
307,100000,Random-25,0,0,0,0.0,0.0
307,100000,VeraDM-prior,3,2,1,0.6666666666666666,0.3333333333333333
308,100000,Exhaustive-Expanded,1,1,0,0.3333333333333333,0.0
308,100000,Random-25,0,0,0,0.0,0.0
308,100000,VeraDM-prior,1,0,1,0.0,1.0
309,100000,Exhaustive-Expanded,1,1,0,0.3333333333333333,0.0
309,100000,Random-25,1,0,1,0.0,1.0
309,100000,VeraDM-prior,2,2,0,0.6666666666666666,0.0
310,100000,Exhaustive-Expanded,4,3,1,1.0,0.25
310,100000,Random-25,0,0,0,0.0,0.0
310,100000,VeraDM-prior,3,3,0,1.0,0.0
311,100000,Exhaustive-Expanded,1,1,0,0.3333333333333333,0.0
311,100000,Random-25,0,0,0,0.0,0.0
311,100000,VeraDM-prior,2,2,0,0.6666666666666666,0.0
312,100000,Exhaustive-Expanded,1,1,0,0.3333333333333333,0.0
312,100000,Random-25,0,0,0,0.0,0.0
312,100000,VeraDM-prior,3,3,0,1.0,0.0
313,100000,Exhaustive-Expanded,0,0,0,0.0,0.0
313,100000,Random-25,0,0,0,0.0,0.0
313,100000,VeraDM-prior,3,3,0,1.0,0.0
314,100000,Exhaustive-Expanded,1,1,0,0.3333333333333333,0.0
314,100000,Random-25,0,0,0,0.0,0.0
314,100000,VeraDM-prior,3,3,0,1.0,0.0
315,100000,Exhaustive-Expanded,5,3,2,1.0,0.4
315,100000,Random-25,0,0,0,0.0,0.0
315,100000,VeraDM-prior,2,2,0,0.6666666666666666,0.0
316,100000,Exhaustive-Expanded,0,0,0,0.0,0.0
316,100000,Random-25,0,0,0,0.0,0.0
316,100000,VeraDM-prior,3,3,0,1.0,0.0
317,100000,Exhaustive-Expanded,1,0,1,0.0,1.0
317,100000,Random-25,0,0,0,0.0,0.0
317,100000,VeraDM-prior,4,3,1,1.0,0.25
318,100000,Exhaustive-Expanded,1,1,0,0.3333333333333333,0.0
318,100000,Random-25,0,0,0,0.0,0.0
318,100000,VeraDM-prior,3,3,0,1.0,0.0
319,100000,Exhaustive-Expanded,0,0,0,0.0,0.0
319,100000,Random-25,0,0,0,0.0,0.0
319,100000,VeraDM-prior,3,3,0,1.0,0.0
320,100000,Exhaustive-Expanded,2,2,0,0.6666666666666666,0.0
320,100000,Random-25,0,0,0,0.0,0.0
320,100000,VeraDM-prior,2,2,0,0.6666666666666666,0.0
321,100000,Exhaustive-Expanded,2,2,0,0.6666666666666666,0.0
321,100000,Random-25,0,0,0,0.0,0.0
321,100000,VeraDM-prior,1,1,0,0.3333333333333333,0.0
322,100000,Exhaustive-Expanded,3,2,1,0.6666666666666666,0.3333333333333333
322,100000,Random-25,0,0,0,0.0,0.0
322,100000,VeraDM-prior,2,2,0,0.6666666666666666,0.0
323,100000,Exhaustive-Expanded,2,2,0,0.6666666666666666,0.0
323,100000,Random-25,1,0,1,0.0,1.0
323,100000,VeraDM-prior,3,3,0,1.0,0.0
324,100000,Exhaustive-Expanded,1,1,0,0.3333333333333333,0.0
324,100000,Random-25,0,0,0,0.0,0.0
324,100000,VeraDM-prior,3,3,0,1.0,0.0
325,100000,Exhaustive-Expanded,0,0,0,0.0,0.0
325,100000,Random-25,0,0,0,0.0,0.0
325,100000,VeraDM-prior,6,3,3,1.0,0.5
326,100000,Exhaustive-Expanded,0,0,0,0.0,0.0
326,100000,Random-25,0,0,0,0.0,0.0
326,100000,VeraDM-prior,4,3,1,1.0,0.25
327,100000,Exhaustive-Expanded,1,1,0,0.3333333333333333,0.0
327,100000,Random-25,0,0,0,0.0,0.0
327,100000,VeraDM-prior,3,3,0,1.0,0.0
328,100000,Exhaustive-Expanded,1,1,0,0.3333333333333333,0.0
328,100000,Random-25,0,0,0,0.0,0.0
328,100000,VeraDM-prior,4,3,1,1.0,0.25
329,100000,Exhaustive-Expanded,0,0,0,0.0,0.0
329,100000,Random-25,0,0,0,0.0,0.0
329,100000,VeraDM-prior,3,3,0,1.0,0.0
330,100000,Exhaustive-Expanded,1,1,0,0.3333333333333333,0.0
330,100000,Random-25,0,0,0,0.0,0.0
330,100000,VeraDM-prior,2,2,0,0.6666666666666666,0.0
331,100000,Exhaustive-Expanded,2,2,0,0.6666666666666666,0.0
331,100000,Random-25,0,0,0,0.0,0.0
331,100000,VeraDM-prior,2,2,0,0.6666666666666666,0.0
332,100000,Exhaustive-Expanded,3,2,1,0.6666666666666666,0.3333333333333333
332,100000,Random-25,0,0,0,0.0,0.0
332,100000,VeraDM-prior,3,3,0,1.0,0.0
333,100000,Exhaustive-Expanded,0,0,0,0.0,0.0
333,100000,Random-25,0,0,0,0.0,0.0
333,100000,VeraDM-prior,3,3,0,1.0,0.0
334,100000,Exhaustive-Expanded,1,1,0,0.3333333333333333,0.0
334,100000,Random-25,0,0,0,0.0,0.0
334,100000,VeraDM-prior,3,3,0,1.0,0.0
335,100000,Exhaustive-Expanded,2,2,0,0.6666666666666666,0.0
335,100000,Random-25,0,0,0,0.0,0.0
335,100000,VeraDM-prior,3,3,0,1.0,0.0
336,100000,Exhaustive-Expanded,2,2,0,0.6666666666666666,0.0
336,100000,Random-25,1,0,1,0.0,1.0
336,100000,VeraDM-prior,3,3,0,1.0,0.0
337,100000,Exhaustive-Expanded,4,2,2,0.6666666666666666,0.5
337,100000,Random-25,0,0,0,0.0,0.0
337,100000,VeraDM-prior,3,3,0,1.0,0.0
338,100000,Exhaustive-Expanded,0,0,0,0.0,0.0
338,100000,Random-25,0,0,0,0.0,0.0
338,100000,VeraDM-prior,5,3,2,1.0,0.4
339,100000,Exhaustive-Expanded,1,1,0,0.3333333333333333,0.0
339,100000,Random-25,0,0,0,0.0,0.0
339,100000,VeraDM-prior,3,2,1,0.6666666666666666,0.3333333333333333
340,100000,Exhaustive-Expanded,3,3,0,1.0,0.0
340,100000,Random-25,0,0,0,0.0,0.0
340,100000,VeraDM-prior,3,3,0,1.0,0.0
341,100000,Exhaustive-Expanded,1,1,0,0.3333333333333333,0.0
341,100000,Random-25,0,0,0,0.0,0.0
341,100000,VeraDM-prior,2,2,0,0.6666666666666666,0.0
342,100000,Exhaustive-Expanded,1,1,0,0.3333333333333333,0.0
342,100000,Random-25,0,0,0,0.0,0.0
342,100000,VeraDM-prior,3,2,1,0.6666666666666666,0.3333333333333333
343,100000,Exhaustive-Expanded,3,2,1,0.6666666666666666,0.3333333333333333
343,100000,Random-25,0,0,0,0.0,0.0
343,100000,VeraDM-prior,6,3,3,1.0,0.5
344,100000,Exhaustive-Expanded,0,0,0,0.0,0.0
344,100000,Random-25,0,0,0,0.0,0.0
344,100000,VeraDM-prior,1,1,0,0.3333333333333333,0.0
345,100000,Exhaustive-Expanded,0,0,0,0.0,0.0
345,100000,Random-25,0,0,0,0.0,0.0
345,100000,VeraDM-prior,3,3,0,1.0,0.0
346,100000,Exhaustive-Expanded,0,0,0,0.0,0.0
346,100000,Random-25,0,0,0,0.0,0.0
346,100000,VeraDM-prior,2,2,0,0.6666666666666666,0.0
347,100000,Exhaustive-Expanded,2,2,0,0.6666666666666666,0.0
347,100000,Random-25,0,0,0,0.0,0.0
347,100000,VeraDM-prior,3,3,0,1.0,0.0
348,100000,Exhaustive-Expanded,1,1,0,0.3333333333333333,0.0
348,100000,Random-25,0,0,0,0.0,0.0
348,100000,VeraDM-prior,2,2,0,0.6666666666666666,0.0
349,100000,Exhaustive-Expanded,0,0,0,0.0,0.0
349,100000,Random-25,0,0,0,0.0,0.0
349,100000,VeraDM-prior,2,2,0,0.6666666666666666,0.0
350,100000,Exhaustive-Expanded,1,0,1,0.0,1.0
350,100000,Random-25,0,0,0,0.0,0.0
350,100000,VeraDM-prior,2,2,0,0.6666666666666666,0.0
351,100000,Exhaustive-Expanded,0,0,0,0.0,0.0
351,100000,Random-25,0,0,0,0.0,0.0
351,100000,VeraDM-prior,4,3,1,1.0,0.25
352,100000,Exhaustive-Expanded,4,3,1,1.0,0.25
352,100000,Random-25,0,0,0,0.0,0.0
352,100000,VeraDM-prior,3,3,0,1.0,0.0
353,100000,Exhaustive-Expanded,2,2,0,0.6666666666666666,0.0
353,100000,Random-25,2,0,2,0.0,1.0
353,100000,VeraDM-prior,2,2,0,0.6666666666666666,0.0
354,100000,Exhaustive-Expanded,0,0,0,0.0,0.0
354,100000,Random-25,0,0,0,0.0,0.0
354,100000,VeraDM-prior,4,3,1,1.0,0.25
355,100000,Exhaustive-Expanded,0,0,0,0.0,0.0
355,100000,Random-25,0,0,0,0.0,0.0
355,100000,VeraDM-prior,3,3,0,1.0,0.0
356,100000,Exhaustive-Expanded,1,1,0,0.3333333333333333,0.0
356,100000,Random-25,0,0,0,0.0,0.0
356,100000,VeraDM-prior,2,2,0,0.6666666666666666,0.0
357,100000,Exhaustive-Expanded,3,3,0,1.0,0.0
357,100000,Random-25,0,0,0,0.0,0.0
357,100000,VeraDM-prior,3,2,1,0.6666666666666666,0.3333333333333333
358,100000,Exhaustive-Expanded,1,1,0,0.3333333333333333,0.0
358,100000,Random-25,0,0,0,0.0,0.0
358,100000,VeraDM-prior,3,3,0,1.0,0.0
359,100000,Exhaustive-Expanded,2,2,0,0.6666666666666666,0.0
359,100000,Random-25,0,0,0,0.0,0.0
359,100000,VeraDM-prior,3,3,0,1.0,0.0
360,100000,Exhaustive-Expanded,4,1,3,0.3333333333333333,0.75
360,100000,Random-25,0,0,0,0.0,0.0
360,100000,VeraDM-prior,4,3,1,1.0,0.25
361,100000,Exhaustive-Expanded,1,1,0,0.3333333333333333,0.0
361,100000,Random-25,0,0,0,0.0,0.0
361,100000,VeraDM-prior,2,2,0,0.6666666666666666,0.0
362,100000,Exhaustive-Expanded,3,2,1,0.6666666666666666,0.3333333333333333
362,100000,Random-25,0,0,0,0.0,0.0
362,100000,VeraDM-prior,4,3,1,1.0,0.25
363,100000,Exhaustive-Expanded,0,0,0,0.0,0.0
363,100000,Random-25,0,0,0,0.0,0.0
363,100000,VeraDM-prior,4,3,1,1.0,0.25
364,100000,Exhaustive-Expanded,1,1,0,0.3333333333333333,0.0
364,100000,Random-25,0,0,0,0.0,0.0
364,100000,VeraDM-prior,3,3,0,1.0,0.0
365,100000,Exhaustive-Expanded,1,0,1,0.0,1.0
365,100000,Random-25,0,0,0,0.0,0.0
365,100000,VeraDM-prior,3,3,0,1.0,0.0
366,100000,Exhaustive-Expanded,0,0,0,0.0,0.0
366,100000,Random-25,1,0,1,0.0,1.0
366,100000,VeraDM-prior,3,3,0,1.0,0.0
367,100000,Exhaustive-Expanded,2,1,1,0.3333333333333333,0.5
367,100000,Random-25,1,0,1,0.0,1.0
367,100000,VeraDM-prior,3,3,0,1.0,0.0
368,100000,Exhaustive-Expanded,2,2,0,0.6666666666666666,0.0
368,100000,Random-25,0,0,0,0.0,0.0
368,100000,VeraDM-prior,4,3,1,1.0,0.25
369,100000,Exhaustive-Expanded,0,0,0,0.0,0.0
369,100000,Random-25,0,0,0,0.0,0.0
369,100000,VeraDM-prior,2,2,0,0.6666666666666666,0.0
370,100000,Exhaustive-Expanded,0,0,0,0.0,0.0
370,100000,Random-25,0,0,0,0.0,0.0
370,100000,VeraDM-prior,3,3,0,1.0,0.0
371,100000,Exhaustive-Expanded,1,1,0,0.3333333333333333,0.0
371,100000,Random-25,0,0,0,0.0,0.0
371,100000,VeraDM-prior,4,2,2,0.6666666666666666,0.5
372,100000,Exhaustive-Expanded,0,0,0,0.0,0.0
372,100000,Random-25,0,0,0,0.0,0.0
372,100000,VeraDM-prior,3,3,0,1.0,0.0
373,100000,Exhaustive-Expanded,2,2,0,0.6666666666666666,0.0
373,100000,Random-25,0,0,0,0.0,0.0
373,100000,VeraDM-prior,3,3,0,1.0,0.0
374,100000,Exhaustive-Expanded,3,3,0,1.0,0.0
374,100000,Random-25,0,0,0,0.0,0.0
374,100000,VeraDM-prior,2,2,0,0.6666666666666666,0.0
375,100000,Exhaustive-Expanded,1,0,1,0.0,1.0
375,100000,Random-25,0,0,0,0.0,0.0
375,100000,VeraDM-prior,3,3,0,1.0,0.0
376,100000,Exhaustive-Expanded,1,1,0,0.3333333333333333,0.0
376,100000,Random-25,0,0,0,0.0,0.0
376,100000,VeraDM-prior,3,3,0,1.0,0.0
377,100000,Exhaustive-Expanded,5,3,2,1.0,0.4
377,100000,Random-25,0,0,0,0.0,0.0
377,100000,VeraDM-prior,3,2,1,0.6666666666666666,0.3333333333333333
378,100000,Exhaustive-Expanded,1,1,0,0.3333333333333333,0.0
378,100000,Random-25,0,0,0,0.0,0.0
378,100000,VeraDM-prior,3,3,0,1.0,0.0
379,100000,Exhaustive-Expanded,3,2,1,0.6666666666666666,0.3333333333333333
379,100000,Random-25,0,0,0,0.0,0.0
379,100000,VeraDM-prior,4,2,2,0.6666666666666666,0.5
380,100000,Exhaustive-Expanded,0,0,0,0.0,0.0
380,100000,Random-25,0,0,0,0.0,0.0
380,100000,VeraDM-prior,2,2,0,0.6666666666666666,0.0
381,100000,Exhaustive-Expanded,0,0,0,0.0,0.0
381,100000,Random-25,0,0,0,0.0,0.0
381,100000,VeraDM-prior,4,3,1,1.0,0.25
382,100000,Exhaustive-Expanded,1,1,0,0.3333333333333333,0.0
382,100000,Random-25,0,0,0,0.0,0.0
382,100000,VeraDM-prior,1,1,0,0.3333333333333333,0.0
383,100000,Exhaustive-Expanded,0,0,0,0.0,0.0
383,100000,Random-25,0,0,0,0.0,0.0
383,100000,VeraDM-prior,3,3,0,1.0,0.0
384,100000,Exhaustive-Expanded,1,1,0,0.3333333333333333,0.0
384,100000,Random-25,0,0,0,0.0,0.0
384,100000,VeraDM-prior,3,3,0,1.0,0.0
385,100000,Exhaustive-Expanded,2,2,0,0.6666666666666666,0.0
385,100000,Random-25,0,0,0,0.0,0.0
385,100000,VeraDM-prior,1,1,0,0.3333333333333333,0.0
386,100000,Exhaustive-Expanded,3,3,0,1.0,0.0
386,100000,Random-25,0,0,0,0.0,0.0
386,100000,VeraDM-prior,3,3,0,1.0,0.0
387,100000,Exhaustive-Expanded,1,1,0,0.3333333333333333,0.0
387,100000,Random-25,0,0,0,0.0,0.0
387,100000,VeraDM-prior,4,3,1,1.0,0.25
388,100000,Exhaustive-Expanded,2,2,0,0.6666666666666666,0.0
388,100000,Random-25,0,0,0,0.0,0.0
388,100000,VeraDM-prior,4,3,1,1.0,0.25
389,100000,Exhaustive-Expanded,2,2,0,0.6666666666666666,0.0
389,100000,Random-25,0,0,0,0.0,0.0
389,100000,VeraDM-prior,3,3,0,1.0,0.0
390,100000,Exhaustive-Expanded,2,2,0,0.6666666666666666,0.0
390,100000,Random-25,1,0,1,0.0,1.0
390,100000,VeraDM-prior,2,2,0,0.6666666666666666,0.0
391,100000,Exhaustive-Expanded,2,2,0,0.6666666666666666,0.0
391,100000,Random-25,0,0,0,0.0,0.0
391,100000,VeraDM-prior,4,3,1,1.0,0.25
392,100000,Exhaustive-Expanded,0,0,0,0.0,0.0
392,100000,Random-25,0,0,0,0.0,0.0
392,100000,VeraDM-prior,4,3,1,1.0,0.25
393,100000,Exhaustive-Expanded,3,3,0,1.0,0.0
393,100000,Random-25,0,0,0,0.0,0.0
393,100000,VeraDM-prior,1,1,0,0.3333333333333333,0.0
394,100000,Exhaustive-Expanded,3,1,2,0.3333333333333333,0.6666666666666666
394,100000,Random-25,0,0,0,0.0,0.0
394,100000,VeraDM-prior,3,3,0,1.0,0.0
395,100000,Exhaustive-Expanded,1,1,0,0.3333333333333333,0.0
395,100000,Random-25,1,0,1,0.0,1.0
395,100000,VeraDM-prior,3,3,0,1.0,0.0
396,100000,Exhaustive-Expanded,3,3,0,1.0,0.0
396,100000,Random-25,0,0,0,0.0,0.0
396,100000,VeraDM-prior,3,2,1,0.6666666666666666,0.3333333333333333
397,100000,Exhaustive-Expanded,2,2,0,0.6666666666666666,0.0
397,100000,Random-25,0,0,0,0.0,0.0
397,100000,VeraDM-prior,2,2,0,0.6666666666666666,0.0
398,100000,Exhaustive-Expanded,0,0,0,0.0,0.0
398,100000,Random-25,0,0,0,0.0,0.0
398,100000,VeraDM-prior,3,3,0,1.0,0.0
399,100000,Exhaustive-Expanded,2,0,2,0.0,1.0
399,100000,Random-25,0,0,0,0.0,0.0
399,100000,VeraDM-prior,3,3,0,1.0,0.0
400,100000,Exhaustive-Expanded,1,1,0,0.3333333333333333,0.0
400,100000,Random-25,0,0,0,0.0,0.0
400,100000,VeraDM-prior,3,3,0,1.0,0.0
401,100000,Exhaustive-Expanded,2,1,1,0.3333333333333333,0.5
401,100000,Random-25,1,0,1,0.0,1.0
401,100000,VeraDM-prior,3,3,0,1.0,0.0
402,100000,Exhaustive-Expanded,0,0,0,0.0,0.0
402,100000,Random-25,0,0,0,0.0,0.0
402,100000,VeraDM-prior,3,3,0,1.0,0.0
403,100000,Exhaustive-Expanded,0,0,0,0.0,0.0
403,100000,Random-25,0,0,0,0.0,0.0
403,100000,VeraDM-prior,6,3,3,1.0,0.5
404,100000,Exhaustive-Expanded,0,0,0,0.0,0.0
404,100000,Random-25,0,0,0,0.0,0.0
404,100000,VeraDM-prior,3,3,0,1.0,0.0
405,100000,Exhaustive-Expanded,1,1,0,0.3333333333333333,0.0
405,100000,Random-25,0,0,0,0.0,0.0
405,100000,VeraDM-prior,3,3,0,1.0,0.0
406,100000,Exhaustive-Expanded,4,3,1,1.0,0.25
406,100000,Random-25,0,0,0,0.0,0.0
406,100000,VeraDM-prior,3,3,0,1.0,0.0
407,100000,Exhaustive-Expanded,4,2,2,0.6666666666666666,0.5
407,100000,Random-25,0,0,0,0.0,0.0
407,100000,VeraDM-prior,3,3,0,1.0,0.0
408,100000,Exhaustive-Expanded,2,2,0,0.6666666666666666,0.0
408,100000,Random-25,0,0,0,0.0,0.0
408,100000,VeraDM-prior,2,2,0,0.6666666666666666,0.0
409,100000,Exhaustive-Expanded,1,1,0,0.3333333333333333,0.0
409,100000,Random-25,0,0,0,0.0,0.0
409,100000,VeraDM-prior,2,2,0,0.6666666666666666,0.0
410,100000,Exhaustive-Expanded,1,1,0,0.3333333333333333,0.0
410,100000,Random-25,0,0,0,0.0,0.0
410,100000,VeraDM-prior,3,3,0,1.0,0.0
411,100000,Exhaustive-Expanded,2,2,0,0.6666666666666666,0.0
411,100000,Random-25,0,0,0,0.0,0.0
411,100000,VeraDM-prior,3,3,0,1.0,0.0
412,100000,Exhaustive-Expanded,2,2,0,0.6666666666666666,0.0
412,100000,Random-25,0,0,0,0.0,0.0
412,100000,VeraDM-prior,3,3,0,1.0,0.0
413,100000,Exhaustive-Expanded,2,2,0,0.6666666666666666,0.0
413,100000,Random-25,0,0,0,0.0,0.0
413,100000,VeraDM-prior,3,3,0,1.0,0.0
414,100000,Exhaustive-Expanded,0,0,0,0.0,0.0
414,100000,Random-25,0,0,0,0.0,0.0
414,100000,VeraDM-prior,3,3,0,1.0,0.0
415,100000,Exhaustive-Expanded,0,0,0,0.0,0.0
415,100000,Random-25,0,0,0,0.0,0.0
415,100000,VeraDM-prior,4,3,1,1.0,0.25
416,100000,Exhaustive-Expanded,5,1,4,0.3333333333333333,0.8
416,100000,Random-25,0,0,0,0.0,0.0
416,100000,VeraDM-prior,4,3,1,1.0,0.25
417,100000,Exhaustive-Expanded,0,0,0,0.0,0.0
417,100000,Random-25,0,0,0,0.0,0.0
417,100000,VeraDM-prior,1,1,0,0.3333333333333333,0.0
418,100000,Exhaustive-Expanded,1,1,0,0.3333333333333333,0.0
418,100000,Random-25,0,0,0,0.0,0.0
418,100000,VeraDM-prior,2,2,0,0.6666666666666666,0.0
419,100000,Exhaustive-Expanded,1,1,0,0.3333333333333333,0.0
419,100000,Random-25,0,0,0,0.0,0.0
419,100000,VeraDM-prior,3,3,0,1.0,0.0
420,100000,Exhaustive-Expanded,0,0,0,0.0,0.0
420,100000,Random-25,0,0,0,0.0,0.0
420,100000,VeraDM-prior,2,2,0,0.6666666666666666,0.0
421,100000,Exhaustive-Expanded,2,2,0,0.6666666666666666,0.0
421,100000,Random-25,0,0,0,0.0,0.0
421,100000,VeraDM-prior,3,3,0,1.0,0.0
422,100000,Exhaustive-Expanded,1,1,0,0.3333333333333333,0.0
422,100000,Random-25,0,0,0,0.0,0.0
422,100000,VeraDM-prior,3,3,0,1.0,0.0
423,100000,Exhaustive-Expanded,2,2,0,0.6666666666666666,0.0
423,100000,Random-25,0,0,0,0.0,0.0
423,100000,VeraDM-prior,4,3,1,1.0,0.25
424,100000,Exhaustive-Expanded,2,1,1,0.3333333333333333,0.5
424,100000,Random-25,0,0,0,0.0,0.0
424,100000,VeraDM-prior,2,2,0,0.6666666666666666,0.0
425,100000,Exhaustive-Expanded,3,2,1,0.6666666666666666,0.3333333333333333
425,100000,Random-25,0,0,0,0.0,0.0
425,100000,VeraDM-prior,3,2,1,0.6666666666666666,0.3333333333333333
426,100000,Exhaustive-Expanded,0,0,0,0.0,0.0
426,100000,Random-25,1,0,1,0.0,1.0
426,100000,VeraDM-prior,3,3,0,1.0,0.0
427,100000,Exhaustive-Expanded,0,0,0,0.0,0.0
427,100000,Random-25,0,0,0,0.0,0.0
427,100000,VeraDM-prior,1,1,0,0.3333333333333333,0.0
428,100000,Exhaustive-Expanded,3,3,0,1.0,0.0
428,100000,Random-25,0,0,0,0.0,0.0
428,100000,VeraDM-prior,1,1,0,0.3333333333333333,0.0
429,100000,Exhaustive-Expanded,2,1,1,0.3333333333333333,0.5
429,100000,Random-25,0,0,0,0.0,0.0
429,100000,VeraDM-prior,3,3,0,1.0,0.0
430,100000,Exhaustive-Expanded,2,2,0,0.6666666666666666,0.0
430,100000,Random-25,0,0,0,0.0,0.0
430,100000,VeraDM-prior,3,3,0,1.0,0.0
431,100000,Exhaustive-Expanded,3,3,0,1.0,0.0
431,100000,Random-25,0,0,0,0.0,0.0
431,100000,VeraDM-prior,3,3,0,1.0,0.0
432,100000,Exhaustive-Expanded,1,1,0,0.3333333333333333,0.0
432,100000,Random-25,0,0,0,0.0,0.0
432,100000,VeraDM-prior,3,3,0,1.0,0.0
433,100000,Exhaustive-Expanded,1,1,0,0.3333333333333333,0.0
433,100000,Random-25,0,0,0,0.0,0.0
433,100000,VeraDM-prior,3,3,0,1.0,0.0
434,100000,Exhaustive-Expanded,0,0,0,0.0,0.0
434,100000,Random-25,0,0,0,0.0,0.0
434,100000,VeraDM-prior,3,2,1,0.6666666666666666,0.3333333333333333
435,100000,Exhaustive-Expanded,7,2,5,0.6666666666666666,0.7142857142857143
435,100000,Random-25,0,0,0,0.0,0.0
435,100000,VeraDM-prior,5,3,2,1.0,0.4
436,100000,Exhaustive-Expanded,3,1,2,0.3333333333333333,0.6666666666666666
436,100000,Random-25,0,0,0,0.0,0.0
436,100000,VeraDM-prior,2,2,0,0.6666666666666666,0.0
437,100000,Exhaustive-Expanded,2,2,0,0.6666666666666666,0.0
437,100000,Random-25,0,0,0,0.0,0.0
437,100000,VeraDM-prior,4,3,1,1.0,0.25
438,100000,Exhaustive-Expanded,0,0,0,0.0,0.0
438,100000,Random-25,0,0,0,0.0,0.0
438,100000,VeraDM-prior,3,3,0,1.0,0.0
439,100000,Exhaustive-Expanded,2,1,1,0.3333333333333333,0.5
439,100000,Random-25,0,0,0,0.0,0.0
439,100000,VeraDM-prior,4,3,1,1.0,0.25
440,100000,Exhaustive-Expanded,0,0,0,0.0,0.0
440,100000,Random-25,0,0,0,0.0,0.0
440,100000,VeraDM-prior,3,3,0,1.0,0.0
441,100000,Exhaustive-Expanded,1,1,0,0.3333333333333333,0.0
441,100000,Random-25,2,0,2,0.0,1.0
441,100000,VeraDM-prior,3,3,0,1.0,0.0
442,100000,Exhaustive-Expanded,1,1,0,0.3333333333333333,0.0
442,100000,Random-25,0,0,0,0.0,0.0
442,100000,VeraDM-prior,4,3,1,1.0,0.25
443,100000,Exhaustive-Expanded,0,0,0,0.0,0.0
443,100000,Random-25,0,0,0,0.0,0.0
443,100000,VeraDM-prior,2,2,0,0.6666666666666666,0.0
444,100000,Exhaustive-Expanded,1,0,1,0.0,1.0
444,100000,Random-25,0,0,0,0.0,0.0
444,100000,VeraDM-prior,2,2,0,0.6666666666666666,0.0
445,100000,Exhaustive-Expanded,2,2,0,0.6666666666666666,0.0
445,100000,Random-25,0,0,0,0.0,0.0
445,100000,VeraDM-prior,2,2,0,0.6666666666666666,0.0
446,100000,Exhaustive-Expanded,1,1,0,0.3333333333333333,0.0
446,100000,Random-25,0,0,0,0.0,0.0
446,100000,VeraDM-prior,3,3,0,1.0,0.0
447,100000,Exhaustive-Expanded,3,2,1,0.6666666666666666,0.3333333333333333
447,100000,Random-25,0,0,0,0.0,0.0
447,100000,VeraDM-prior,2,2,0,0.6666666666666666,0.0
448,100000,Exhaustive-Expanded,2,1,1,0.3333333333333333,0.5
448,100000,Random-25,0,0,0,0.0,0.0
448,100000,VeraDM-prior,3,3,0,1.0,0.0
449,100000,Exhaustive-Expanded,2,2,0,0.6666666666666666,0.0
449,100000,Random-25,1,0,1,0.0,1.0
449,100000,VeraDM-prior,4,3,1,1.0,0.25
450,100000,Exhaustive-Expanded,0,0,0,0.0,0.0
450,100000,Random-25,0,0,0,0.0,0.0
450,100000,VeraDM-prior,2,2,0,0.6666666666666666,0.0
451,100000,Exhaustive-Expanded,0,0,0,0.0,0.0
451,100000,Random-25,0,0,0,0.0,0.0
451,100000,VeraDM-prior,2,2,0,0.6666666666666666,0.0
452,100000,Exhaustive-Expanded,1,1,0,0.3333333333333333,0.0
452,100000,Random-25,0,0,0,0.0,0.0
452,100000,VeraDM-prior,2,2,0,0.6666666666666666,0.0
453,100000,Exhaustive-Expanded,0,0,0,0.0,0.0
453,100000,Random-25,0,0,0,0.0,0.0
453,100000,VeraDM-prior,3,3,0,1.0,0.0
454,100000,Exhaustive-Expanded,2,1,1,0.3333333333333333,0.5
454,100000,Random-25,2,0,2,0.0,1.0
454,100000,VeraDM-prior,2,2,0,0.6666666666666666,0.0
455,100000,Exhaustive-Expanded,1,1,0,0.3333333333333333,0.0
455,100000,Random-25,0,0,0,0.0,0.0
455,100000,VeraDM-prior,3,3,0,1.0,0.0
456,100000,Exhaustive-Expanded,0,0,0,0.0,0.0
456,100000,Random-25,0,0,0,0.0,0.0
456,100000,VeraDM-prior,3,3,0,1.0,0.0
457,100000,Exhaustive-Expanded,0,0,0,0.0,0.0
457,100000,Random-25,0,0,0,0.0,0.0
457,100000,VeraDM-prior,2,2,0,0.6666666666666666,0.0
458,100000,Exhaustive-Expanded,1,1,0,0.3333333333333333,0.0
458,100000,Random-25,0,0,0,0.0,0.0
458,100000,VeraDM-prior,1,1,0,0.3333333333333333,0.0
459,100000,Exhaustive-Expanded,1,1,0,0.3333333333333333,0.0
459,100000,Random-25,0,0,0,0.0,0.0
459,100000,VeraDM-prior,5,3,2,1.0,0.4
460,100000,Exhaustive-Expanded,0,0,0,0.0,0.0
460,100000,Random-25,0,0,0,0.0,0.0
460,100000,VeraDM-prior,3,3,0,1.0,0.0
461,100000,Exhaustive-Expanded,1,1,0,0.3333333333333333,0.0
461,100000,Random-25,0,0,0,0.0,0.0
461,100000,VeraDM-prior,3,3,0,1.0,0.0
462,100000,Exhaustive-Expanded,2,2,0,0.6666666666666666,0.0
462,100000,Random-25,0,0,0,0.0,0.0
462,100000,VeraDM-prior,4,3,1,1.0,0.25
463,100000,Exhaustive-Expanded,3,3,0,1.0,0.0
463,100000,Random-25,0,0,0,0.0,0.0
463,100000,VeraDM-prior,5,3,2,1.0,0.4
464,100000,Exhaustive-Expanded,4,3,1,1.0,0.25
464,100000,Random-25,0,0,0,0.0,0.0
464,100000,VeraDM-prior,3,3,0,1.0,0.0
465,100000,Exhaustive-Expanded,2,2,0,0.6666666666666666,0.0
465,100000,Random-25,0,0,0,0.0,0.0
465,100000,VeraDM-prior,3,3,0,1.0,0.0
466,100000,Exhaustive-Expanded,0,0,0,0.0,0.0
466,100000,Random-25,0,0,0,0.0,0.0
466,100000,VeraDM-prior,3,3,0,1.0,0.0
467,100000,Exhaustive-Expanded,0,0,0,0.0,0.0
467,100000,Random-25,0,0,0,0.0,0.0
467,100000,VeraDM-prior,3,3,0,1.0,0.0
468,100000,Exhaustive-Expanded,1,1,0,0.3333333333333333,0.0
468,100000,Random-25,0,0,0,0.0,0.0
468,100000,VeraDM-prior,4,3,1,1.0,0.25
469,100000,Exhaustive-Expanded,1,1,0,0.3333333333333333,0.0
469,100000,Random-25,0,0,0,0.0,0.0
469,100000,VeraDM-prior,3,3,0,1.0,0.0
470,100000,Exhaustive-Expanded,1,1,0,0.3333333333333333,0.0
470,100000,Random-25,0,0,0,0.0,0.0
470,100000,VeraDM-prior,3,2,1,0.6666666666666666,0.3333333333333333
471,100000,Exhaustive-Expanded,1,1,0,0.3333333333333333,0.0
471,100000,Random-25,0,0,0,0.0,0.0
471,100000,VeraDM-prior,2,2,0,0.6666666666666666,0.0
472,100000,Exhaustive-Expanded,3,2,1,0.6666666666666666,0.3333333333333333
472,100000,Random-25,0,0,0,0.0,0.0
472,100000,VeraDM-prior,3,3,0,1.0,0.0
473,100000,Exhaustive-Expanded,0,0,0,0.0,0.0
473,100000,Random-25,0,0,0,0.0,0.0
473,100000,VeraDM-prior,3,3,0,1.0,0.0
474,100000,Exhaustive-Expanded,2,2,0,0.6666666666666666,0.0
474,100000,Random-25,0,0,0,0.0,0.0
474,100000,VeraDM-prior,3,3,0,1.0,0.0
475,100000,Exhaustive-Expanded,2,2,0,0.6666666666666666,0.0
475,100000,Random-25,0,0,0,0.0,0.0
475,100000,VeraDM-prior,1,1,0,0.3333333333333333,0.0
476,100000,Exhaustive-Expanded,3,2,1,0.6666666666666666,0.3333333333333333
476,100000,Random-25,0,0,0,0.0,0.0
476,100000,VeraDM-prior,3,3,0,1.0,0.0
477,100000,Exhaustive-Expanded,1,1,0,0.3333333333333333,0.0
477,100000,Random-25,0,0,0,0.0,0.0
477,100000,VeraDM-prior,3,2,1,0.6666666666666666,0.3333333333333333
478,100000,Exhaustive-Expanded,1,1,0,0.3333333333333333,0.0
478,100000,Random-25,0,0,0,0.0,0.0
478,100000,VeraDM-prior,1,1,0,0.3333333333333333,0.0
479,100000,Exhaustive-Expanded,1,1,0,0.3333333333333333,0.0
479,100000,Random-25,0,0,0,0.0,0.0
479,100000,VeraDM-prior,3,3,0,1.0,0.0
480,100000,Exhaustive-Expanded,1,1,0,0.3333333333333333,0.0
480,100000,Random-25,0,0,0,0.0,0.0
480,100000,VeraDM-prior,3,3,0,1.0,0.0
481,100000,Exhaustive-Expanded,1,1,0,0.3333333333333333,0.0
481,100000,Random-25,1,0,1,0.0,1.0
481,100000,VeraDM-prior,2,2,0,0.6666666666666666,0.0
482,100000,Exhaustive-Expanded,2,1,1,0.3333333333333333,0.5
482,100000,Random-25,0,0,0,0.0,0.0
482,100000,VeraDM-prior,3,3,0,1.0,0.0
483,100000,Exhaustive-Expanded,3,2,1,0.6666666666666666,0.3333333333333333
483,100000,Random-25,0,0,0,0.0,0.0
483,100000,VeraDM-prior,3,3,0,1.0,0.0
484,100000,Exhaustive-Expanded,2,2,0,0.6666666666666666,0.0
484,100000,Random-25,0,0,0,0.0,0.0
484,100000,VeraDM-prior,3,3,0,1.0,0.0
485,100000,Exhaustive-Expanded,2,2,0,0.6666666666666666,0.0
485,100000,Random-25,0,0,0,0.0,0.0
485,100000,VeraDM-prior,5,3,2,1.0,0.4
486,100000,Exhaustive-Expanded,1,1,0,0.3333333333333333,0.0
486,100000,Random-25,0,0,0,0.0,0.0
486,100000,VeraDM-prior,3,3,0,1.0,0.0
487,100000,Exhaustive-Expanded,0,0,0,0.0,0.0
487,100000,Random-25,0,0,0,0.0,0.0
487,100000,VeraDM-prior,3,3,0,1.0,0.0
488,100000,Exhaustive-Expanded,0,0,0,0.0,0.0
488,100000,Random-25,0,0,0,0.0,0.0
488,100000,VeraDM-prior,4,3,1,1.0,0.25
489,100000,Exhaustive-Expanded,1,1,0,0.3333333333333333,0.0
489,100000,Random-25,2,0,2,0.0,1.0
489,100000,VeraDM-prior,3,3,0,1.0,0.0
490,100000,Exhaustive-Expanded,3,3,0,1.0,0.0
490,100000,Random-25,0,0,0,0.0,0.0
490,100000,VeraDM-prior,3,3,0,1.0,0.0
491,100000,Exhaustive-Expanded,3,2,1,0.6666666666666666,0.3333333333333333
491,100000,Random-25,1,0,1,0.0,1.0
491,100000,VeraDM-prior,3,3,0,1.0,0.0
492,100000,Exhaustive-Expanded,2,2,0,0.6666666666666666,0.0
492,100000,Random-25,0,0,0,0.0,0.0
492,100000,VeraDM-prior,2,1,1,0.3333333333333333,0.5
493,100000,Exhaustive-Expanded,2,2,0,0.6666666666666666,0.0
493,100000,Random-25,0,0,0,0.0,0.0
493,100000,VeraDM-prior,2,2,0,0.6666666666666666,0.0
494,100000,Exhaustive-Expanded,1,1,0,0.3333333333333333,0.0
494,100000,Random-25,0,0,0,0.0,0.0
494,100000,VeraDM-prior,3,3,0,1.0,0.0
495,100000,Exhaustive-Expanded,1,1,0,0.3333333333333333,0.0
495,100000,Random-25,0,0,0,0.0,0.0
495,100000,VeraDM-prior,3,3,0,1.0,0.0
496,100000,Exhaustive-Expanded,2,2,0,0.6666666666666666,0.0
496,100000,Random-25,0,0,0,0.0,0.0
496,100000,VeraDM-prior,3,3,0,1.0,0.0
497,100000,Exhaustive-Expanded,2,2,0,0.6666666666666666,0.0
497,100000,Random-25,0,0,0,0.0,0.0
497,100000,VeraDM-prior,3,2,1,0.6666666666666666,0.3333333333333333
498,100000,Exhaustive-Expanded,0,0,0,0.0,0.0
498,100000,Random-25,0,0,0,0.0,0.0
498,100000,VeraDM-prior,2,2,0,0.6666666666666666,0.0
499,100000,Exhaustive-Expanded,2,2,0,0.6666666666666666,0.0
499,100000,Random-25,0,0,0,0.0,0.0
499,100000,VeraDM-prior,3,3,0,1.0,0.0
