category,method,reason,seed,suite
uncompiled,LLMOnly,unknown feature x999,0,LLMStress
uncompiled,LLMOnly,hypothesis must contain an IF ... THEN ... structure,0,LLMStress
shifted,StatisticalFilter,not significant after FDR correction,0,LLMStress
shifted,StatisticalFilter,not significant after FDR correction,0,LLMStress
rare,StatisticalFilter,insufficient support; not significant after FDR correction,0,LLMStress
true,StatisticalFilter,not significant after FDR correction,0,LLMStress
redundant,StatisticalFilter,not significant after FDR correction,0,LLMStress
true,StatisticalFilter,not significant after FDR correction,0,LLMStress
redundant,StatisticalFilter,not significant after FDR correction,0,LLMStress
true,StatisticalFilter,not significant after FDR correction,0,LLMStress
redundant,StatisticalFilter,not significant after FDR correction,0,LLMStress
confounded,StatisticalFilter,not significant after FDR correction,0,LLMStress
null,StatisticalFilter,not significant after FDR correction,0,LLMStress
null,StatisticalFilter,not significant after FDR correction,0,LLMStress
null,StatisticalFilter,not significant after FDR correction,0,LLMStress
null,StatisticalFilter,weak validation effect; not significant after FDR correction,0,LLMStress
null,StatisticalFilter,weak validation effect; not significant after FDR correction,0,LLMStress
null,StatisticalFilter,weak validation effect; not significant after FDR correction,0,LLMStress
null,StatisticalFilter,weak validation effect; not significant after FDR correction,0,LLMStress
confounded,StatisticalFilter,weak validation effect; not significant after FDR correction,0,LLMStress
null,StatisticalFilter,weak validation effect; not significant after FDR correction,0,LLMStress
null,StatisticalFilter,weak validation effect; not significant after FDR correction,0,LLMStress
null,StatisticalFilter,weak validation effect; not significant after FDR correction,0,LLMStress
null,StatisticalFilter,weak validation effect; not significant after FDR correction,0,LLMStress
null,StatisticalFilter,weak validation effect; not significant after FDR correction,0,LLMStress
null,StatisticalFilter,weak validation effect; not significant after FDR correction,0,LLMStress
null,StatisticalFilter,weak validation effect; not significant after FDR correction,0,LLMStress
null,StatisticalFilter,weak validation effect; not significant after FDR correction,0,LLMStress
null,StatisticalFilter,weak validation effect; not significant after FDR correction,0,LLMStress
null,StatisticalFilter,weak validation effect; not significant after FDR correction,0,LLMStress
null,StatisticalFilter,weak validation effect; not significant after FDR correction,0,LLMStress
null,StatisticalFilter,weak validation effect; not significant after FDR correction,0,LLMStress
null,StatisticalFilter,weak validation effect; not significant after FDR correction,0,LLMStress
null,StatisticalFilter,weak validation effect; not significant after FDR correction,0,LLMStress
null,StatisticalFilter,weak validation effect; not significant after FDR correction,0,LLMStress
null,StatisticalFilter,weak validation effect; not significant after FDR correction,0,LLMStress
null,StatisticalFilter,weak validation effect; not significant after FDR correction,0,LLMStress
null,StatisticalFilter,weak validation effect; not significant after FDR correction,0,LLMStress
null,StatisticalFilter,weak validation effect; not significant after FDR correction,0,LLMStress
null,StatisticalFilter,weak validation effect; not significant after FDR correction,0,LLMStress
null,StatisticalFilter,weak validation effect; not significant after FDR correction,0,LLMStress
null,StatisticalFilter,weak validation effect; not significant after FDR correction,0,LLMStress
null,StatisticalFilter,weak validation effect; not significant after FDR correction,0,LLMStress
null,StatisticalFilter,weak validation effect; not significant after FDR correction,0,LLMStress
null,StatisticalFilter,weak validation effect; not significant after FDR correction,0,LLMStress
null,StatisticalFilter,weak validation effect; not significant after FDR correction,0,LLMStress
null,StatisticalFilter,weak validation effect; not significant after FDR correction,0,LLMStress
null,StatisticalFilter,weak validation effect; not significant after FDR correction,0,LLMStress
null,StatisticalFilter,weak validation effect; not significant after FDR correction,0,LLMStress
null,StatisticalFilter,weak validation effect; not significant after FDR correction,0,LLMStress
null,StatisticalFilter,weak validation effect; not significant after FDR correction,0,LLMStress
null,StatisticalFilter,weak validation effect; not significant after FDR correction,0,LLMStress
null,StatisticalFilter,weak validation effect; not significant after FDR correction,0,LLMStress
null,StatisticalFilter,weak validation effect; not significant after FDR correction,0,LLMStress
null,StatisticalFilter,weak validation effect; not significant after FDR correction,0,LLMStress
null,StatisticalFilter,weak validation effect; not significant after FDR correction,0,LLMStress
null,StatisticalFilter,weak validation effect; not significant after FDR correction,0,LLMStress
null,StatisticalFilter,weak validation effect; not significant after FDR correction,0,LLMStress
null,StatisticalFilter,weak validation effect; not significant after FDR correction,0,LLMStress
null,StatisticalFilter,weak validation effect; not significant after FDR correction,0,LLMStress
null,StatisticalFilter,weak validation effect; not significant after FDR correction,0,LLMStress
null,StatisticalFilter,weak validation effect; not significant after FDR correction,0,LLMStress
null,StatisticalFilter,weak validation effect; not significant after FDR correction,0,LLMStress
null,StatisticalFilter,weak validation effect; not significant after FDR correction,0,LLMStress
null,StatisticalFilter,weak validation effect; not significant after FDR correction,0,LLMStress
null,StatisticalFilter,weak validation effect; not significant after FDR correction,0,LLMStress
null,StatisticalFilter,weak validation effect; not significant after FDR correction,0,LLMStress
null,StatisticalFilter,weak validation effect; not significant after FDR correction,0,LLMStress
null,StatisticalFilter,weak validation effect; not significant after FDR correction,0,LLMStress
null,StatisticalFilter,weak validation effect; not significant after FDR correction,0,LLMStress
null,StatisticalFilter,weak validation effect; not significant after FDR correction,0,LLMStress
null,StatisticalFilter,weak validation effect; not significant after FDR correction,0,LLMStress
null,StatisticalFilter,weak validation effect; not significant after FDR correction,0,LLMStress
null,StatisticalFilter,weak validation effect; not significant after FDR correction,0,LLMStress
null,StatisticalFilter,weak validation effect; not significant after FDR correction,0,LLMStress
null,StatisticalFilter,weak validation effect; not significant after FDR correction,0,LLMStress
uncompiled,StatisticalFilter,unknown feature x999,0,LLMStress
uncompiled,StatisticalFilter,hypothesis must contain an IF ... THEN ... structure,0,LLMStress
shifted,FullVerifier,not significant after FDR correction; held-out effect does not replicate,0,LLMStress
shifted,FullVerifier,not significant after FDR correction; held-out effect does not replicate,0,LLMStress
rare,FullVerifier,insufficient support; not significant after FDR correction,0,LLMStress
true,FullVerifier,not significant after FDR correction,0,LLMStress
redundant,FullVerifier,not significant after FDR correction; matched counterfactual contrast is weak,0,LLMStress
true,FullVerifier,not significant after FDR correction,0,LLMStress
redundant,FullVerifier,not significant after FDR correction; matched counterfactual contrast is weak,0,LLMStress
true,FullVerifier,not significant after FDR correction,0,LLMStress
redundant,FullVerifier,not significant after FDR correction,0,LLMStress
confounded,FullVerifier,not significant after FDR correction; matched counterfactual contrast is weak; held-out effect does not replicate,0,LLMStress
null,FullVerifier,not significant after FDR correction; held-out effect does not replicate,0,LLMStress
null,FullVerifier,not significant after FDR correction; held-out effect does not replicate,0,LLMStress
null,FullVerifier,not significant after FDR correction; held-out effect does not replicate,0,LLMStress
null,FullVerifier,weak validation effect; not significant after FDR correction,0,LLMStress
null,FullVerifier,weak validation effect; not significant after FDR correction; held-out effect does not replicate,0,LLMStress
null,FullVerifier,weak validation effect; not significant after FDR correction; matched counterfactual contrast is weak; held-out effect does not replicate,0,LLMStress
null,FullVerifier,weak validation effect; not significant after FDR correction; matched counterfactual contrast is weak; held-out effect does not replicate,0,LLMStress
confounded,FullVerifier,weak validation effect; not significant after FDR correction; matched counterfactual contrast is weak; held-out effect does not replicate,0,LLMStress
null,FullVerifier,weak validation effect; not significant after FDR correction; matched counterfactual contrast is weak; held-out effect does not replicate,0,LLMStress
null,FullVerifier,weak validation effect; not significant after FDR correction; matched counterfactual contrast is weak; held-out effect does not replicate,0,LLMStress
null,FullVerifier,weak validation effect; not significant after FDR correction; matched counterfactual contrast is weak; held-out effect does not replicate,0,LLMStress
null,FullVerifier,weak validation effect; not significant after FDR correction; matched counterfactual contrast is weak; held-out effect does not replicate,0,LLMStress
null,FullVerifier,weak validation effect; not significant after FDR correction; matched counterfactual contrast is weak; held-out effect does not replicate,0,LLMStress
null,FullVerifier,weak validation effect; not significant after FDR correction; matched counterfactual contrast is weak; held-out effect does not replicate,0,LLMStress
null,FullVerifier,weak validation effect; not significant after FDR correction; matched counterfactual contrast is weak; held-out effect does not replicate,0,LLMStress
null,FullVerifier,weak validation effect; not significant after FDR correction; matched counterfactual contrast is weak; held-out effect does not replicate,0,LLMStress
null,FullVerifier,weak validation effect; not significant after FDR correction; matched counterfactual contrast is weak; held-out effect does not replicate,0,LLMStress
null,FullVerifier,weak validation effect; not significant after FDR correction; matched counterfactual contrast is weak; held-out effect does not replicate,0,LLMStress
null,FullVerifier,weak validation effect; not significant after FDR correction; matched counterfactual contrast is weak; held-out effect does not replicate,0,LLMStress
null,FullVerifier,weak validation effect; not significant after FDR correction; matched counterfactual contrast is weak; held-out effect does not replicate,0,LLMStress
null,FullVerifier,weak validation effect; not significant after FDR correction; matched counterfactual contrast is weak; held-out effect does not replicate,0,LLMStress
null,FullVerifier,weak validation effect; not significant after FDR correction; matched counterfactual contrast is weak; held-out effect does not replicate,0,LLMStress
null,FullVerifier,weak validation effect; not significant after FDR correction; matched counterfactual contrast is weak; held-out effect does not replicate,0,LLMStress
null,FullVerifier,weak validation effect; not significant after FDR correction; matched counterfactual contrast is weak; held-out effect does not replicate,0,LLMStress
null,FullVerifier,weak validation effect; not significant after FDR correction; matched counterfactual contrast is weak; held-out effect does not replicate,0,LLMStress
null,FullVerifier,weak validation effect; not significant after FDR correction; matched counterfactual contrast is weak; held-out effect does not replicate,0,LLMStress
null,FullVerifier,weak validation effect; not significant after FDR correction; matched counterfactual contrast is weak; held-out effect does not replicate,0,LLMStress
null,FullVerifier,weak validation effect; not significant after FDR correction; matched counterfactual contrast is weak; held-out effect does not replicate,0,LLMStress
null,FullVerifier,weak validation effect; not significant after FDR correction; matched counterfactual contrast is weak; held-out effect does not replicate,0,LLMStress
null,FullVerifier,weak validation effect; not significant after FDR correction; matched counterfactual contrast is weak; held-out effect does not replicate,0,LLMStress
null,FullVerifier,weak validation effect; not significant after FDR correction; matched counterfactual contrast is weak; held-out effect does not replicate,0,LLMStress
null,FullVerifier,weak validation effect; not significant after FDR correction; matched counterfactual contrast is weak; held-out effect does not replicate,0,LLMStress
null,FullVerifier,weak validation effect; not significant after FDR correction; matched counterfactual contrast is weak; held-out effect does not replicate,0,LLMStress
null,FullVerifier,weak validation effect; not significant after FDR correction; matched counterfactual contrast is weak; held-out effect does not replicate,0,LLMStress
null,FullVerifier,weak validation effect; not significant after FDR correction; matched counterfactual contrast is weak; held-out effect does not replicate,0,LLMStress
null,FullVerifier,weak validation effect; not significant after FDR correction; matched counterfactual contrast is weak; held-out effect does not replicate,0,LLMStress
null,FullVerifier,weak validation effect; not significant after FDR correction; matched counterfactual contrast is weak; held-out effect does not replicate,0,LLMStress
null,FullVerifier,weak validation effect; not significant after FDR correction; matched counterfactual contrast is weak,0,LLMStress
null,FullVerifier,weak validation effect; not significant after FDR correction; matched counterfactual contrast is weak; held-out effect does not replicate,0,LLMStress
null,FullVerifier,weak validation effect; not significant after FDR correction; matched counterfactual contrast is weak; held-out effect does not replicate,0,LLMStress
null,FullVerifier,weak validation effect; not significant after FDR correction; matched counterfactual contrast is weak; held-out effect does not replicate,0,LLMStress
null,FullVerifier,weak validation effect; not significant after FDR correction; matched counterfactual contrast is weak; held-out effect does not replicate,0,LLMStress
null,FullVerifier,weak validation effect; not significant after FDR correction; matched counterfactual contrast is weak; held-out effect does not replicate,0,LLMStress
null,FullVerifier,weak validation effect; not significant after FDR correction; matched counterfactual contrast is weak; held-out effect does not replicate,0,LLMStress
null,FullVerifier,weak validation effect; not significant after FDR correction; matched counterfactual contrast is weak; held-out effect does not replicate,0,LLMStress
null,FullVerifier,weak validation effect; not significant after FDR correction; matched counterfactual contrast is weak; held-out effect does not replicate,0,LLMStress
null,FullVerifier,weak validation effect; not significant after FDR correction; matched counterfactual contrast is weak; held-out effect does not replicate,0,LLMStress
null,FullVerifier,weak validation effect; not significant after FDR correction; matched counterfactual contrast is weak; held-out effect does not replicate,0,LLMStress
null,FullVerifier,weak validation effect; not significant after FDR correction; matched counterfactual contrast is weak; held-out effect does not replicate,0,LLMStress
null,FullVerifier,weak validation effect; not significant after FDR correction; matched counterfactual contrast is weak; held-out effect does not replicate,0,LLMStress
null,FullVerifier,weak validation effect; not significant after FDR correction; matched counterfactual contrast is weak; held-out effect does not replicate,0,LLMStress
null,FullVerifier,weak validation effect; not significant after FDR correction; matched counterfactual contrast is weak; held-out effect does not replicate,0,LLMStress
null,FullVerifier,weak validation effect; not significant after FDR correction; matched counterfactual contrast is weak; held-out effect does not replicate,0,LLMStress
null,FullVerifier,weak validation effect; not significant after FDR correction; matched counterfactual contrast is weak; held-out effect does not replicate,0,LLMStress
null,FullVerifier,weak validation effect; not significant after FDR correction; matched counterfactual contrast is weak; held-out effect does not replicate,0,LLMStress
null,FullVerifier,weak validation effect; not significant after FDR correction; matched counterfactual contrast is weak; held-out effect does not replicate,0,LLMStress
null,FullVerifier,weak validation effect; not significant after FDR correction; matched counterfactual contrast is weak; held-out effect does not replicate,0,LLMStress
null,FullVerifier,weak validation effect; not significant after FDR correction; matched counterfactual contrast is weak; held-out effect does not replicate,0,LLMStress
null,FullVerifier,weak validation effect; not significant after FDR correction; matched counterfactual contrast is weak; held-out effect does not replicate,0,LLMStress
null,FullVerifier,weak validation effect; not significant after FDR correction; matched counterfactual contrast is weak; held-out effect does not replicate,0,LLMStress
null,FullVerifier,weak validation effect; not significant after FDR correction; matched counterfactual contrast is weak; held-out effect does not replicate,0,LLMStress
null,FullVerifier,weak validation effect; not significant after FDR correction; matched counterfactual contrast is weak; held-out effect does not replicate,0,LLMStress
null,FullVerifier,weak validation effect; not significant after FDR correction; matched counterfactual contrast is weak; held-out effect does not replicate,0,LLMStress
null,FullVerifier,weak validation effect; not significant after FDR correction; matched counterfactual contrast is weak; held-out effect does not replicate,0,LLMStress
uncompiled,FullVerifier,unknown feature x999,0,LLMStress
uncompiled,FullVerifier,hypothesis must contain an IF ... THEN ... structure,0,LLMStress
shifted,StatisticalFilter,insufficient support,0,ExhaustiveRules
shifted,StatisticalFilter,insufficient support,0,ExhaustiveRules
rare,StatisticalFilter,insufficient support,0,ExhaustiveRules
rare,StatisticalFilter,insufficient support,0,ExhaustiveRules
rare,StatisticalFilter,insufficient support,0,ExhaustiveRules
rare,StatisticalFilter,insufficient support,0,ExhaustiveRules
rare,StatisticalFilter,insufficient support,0,ExhaustiveRules
rare,StatisticalFilter,insufficient support,0,ExhaustiveRules
rare,StatisticalFilter,insufficient support,0,ExhaustiveRules
rare,StatisticalFilter,insufficient support,0,ExhaustiveRules
confounded,StatisticalFilter,not significant after FDR correction,0,ExhaustiveRules
confounded,StatisticalFilter,weak validation effect; not significant after FDR correction,0,ExhaustiveRules
null,StatisticalFilter,weak validation effect; not significant after FDR correction,0,ExhaustiveRules
confounded,StatisticalFilter,weak validation effect; not significant after FDR correction,0,ExhaustiveRules
confounded,StatisticalFilter,weak validation effect; not significant after FDR correction,0,ExhaustiveRules
shifted,StatisticalFilter,weak validation effect; not significant after FDR correction,0,ExhaustiveRules
shifted,StatisticalFilter,weak validation effect; not significant after FDR correction,0,ExhaustiveRules
shifted,StatisticalFilter,insufficient support; weak validation effect; not significant after FDR correction,0,ExhaustiveRules
shifted,StatisticalFilter,insufficient support; weak validation effect; not significant after FDR correction,0,ExhaustiveRules
shifted,StatisticalFilter,weak validation effect; not significant after FDR correction,0,ExhaustiveRules
shifted,StatisticalFilter,weak validation effect; not significant after FDR correction,0,ExhaustiveRules
rare,StatisticalFilter,insufficient support; weak validation effect; not significant after FDR correction,0,ExhaustiveRules
rare,StatisticalFilter,insufficient support; weak validation effect; not significant after FDR correction,0,ExhaustiveRules
rare,StatisticalFilter,insufficient support; weak validation effect; not significant after FDR correction,0,ExhaustiveRules
rare,StatisticalFilter,insufficient support; weak validation effect; not significant after FDR correction,0,ExhaustiveRules
shifted,StatisticalFilter,weak validation effect; not significant after FDR correction,0,ExhaustiveRules
shifted,StatisticalFilter,weak validation effect; not significant after FDR correction,0,ExhaustiveRules
rare,StatisticalFilter,insufficient support; weak validation effect; not significant after FDR correction,0,ExhaustiveRules
true,StatisticalFilter,weak validation effect; not significant after FDR correction,0,ExhaustiveRules
shifted,StatisticalFilter,weak validation effect; not significant after FDR correction,0,ExhaustiveRules
rare,StatisticalFilter,insufficient support; weak validation effect; not significant after FDR correction,0,ExhaustiveRules
rare,StatisticalFilter,insufficient support; weak validation effect; not significant after FDR correction,0,ExhaustiveRules
redundant,StatisticalFilter,weak validation effect; not significant after FDR correction,0,ExhaustiveRules
redundant,StatisticalFilter,weak validation effect; not significant after FDR correction,0,ExhaustiveRules
shifted,StatisticalFilter,weak validation effect; not significant after FDR correction,0,ExhaustiveRules
rare,StatisticalFilter,insufficient support; weak validation effect; not significant after FDR correction,0,ExhaustiveRules
redundant,StatisticalFilter,weak validation effect; not significant after FDR correction,0,ExhaustiveRules
true,StatisticalFilter,weak validation effect; not significant after FDR correction,0,ExhaustiveRules
shifted,StatisticalFilter,weak validation effect; not significant after FDR correction,0,ExhaustiveRules
redundant,StatisticalFilter,weak validation effect; not significant after FDR correction,0,ExhaustiveRules
shifted,StatisticalFilter,weak validation effect; not significant after FDR correction,0,ExhaustiveRules
shifted,StatisticalFilter,weak validation effect; not significant after FDR correction,0,ExhaustiveRules
shifted,StatisticalFilter,weak validation effect; not significant after FDR correction,0,ExhaustiveRules
shifted,StatisticalFilter,weak validation effect; not significant after FDR correction,0,ExhaustiveRules
redundant,StatisticalFilter,weak validation effect; not significant after FDR correction,0,ExhaustiveRules
true,StatisticalFilter,weak validation effect; not significant after FDR correction,0,ExhaustiveRules
confounded,StatisticalFilter,weak validation effect; not significant after FDR correction,0,ExhaustiveRules
redundant,StatisticalFilter,weak validation effect; not significant after FDR correction,0,ExhaustiveRules
redundant,StatisticalFilter,weak validation effect; not significant after FDR correction,0,ExhaustiveRules
redundant,StatisticalFilter,weak validation effect; not significant after FDR correction,0,ExhaustiveRules
null,StatisticalFilter,weak validation effect; not significant after FDR correction,0,ExhaustiveRules
confounded,StatisticalFilter,weak validation effect; not significant after FDR correction,0,ExhaustiveRules
shifted,StatisticalFilter,weak validation effect; not significant after FDR correction,0,ExhaustiveRules
confounded,StatisticalFilter,weak validation effect; not significant after FDR correction,0,ExhaustiveRules
null,StatisticalFilter,weak validation effect; not significant after FDR correction,0,ExhaustiveRules
shifted,StatisticalFilter,weak validation effect; not significant after FDR correction,0,ExhaustiveRules
shifted,StatisticalFilter,weak validation effect; not significant after FDR correction,0,ExhaustiveRules
redundant,StatisticalFilter,weak validation effect; not significant after FDR correction,0,ExhaustiveRules
redundant,StatisticalFilter,weak validation effect; not significant after FDR correction,0,ExhaustiveRules
shifted,StatisticalFilter,weak validation effect; not significant after FDR correction,0,ExhaustiveRules
confounded,StatisticalFilter,weak validation effect; not significant after FDR correction,0,ExhaustiveRules
redundant,StatisticalFilter,weak validation effect; not significant after FDR correction,0,ExhaustiveRules
redundant,StatisticalFilter,weak validation effect; not significant after FDR correction,0,ExhaustiveRules
redundant,StatisticalFilter,weak validation effect; not significant after FDR correction,0,ExhaustiveRules
confounded,StatisticalFilter,weak validation effect; not significant after FDR correction,0,ExhaustiveRules
confounded,StatisticalFilter,weak validation effect; not significant after FDR correction,0,ExhaustiveRules
confounded,StatisticalFilter,weak validation effect; not significant after FDR correction,0,ExhaustiveRules
null,StatisticalFilter,weak validation effect; not significant after FDR correction,0,ExhaustiveRules
confounded,StatisticalFilter,weak validation effect; not significant after FDR correction,0,ExhaustiveRules
confounded,StatisticalFilter,weak validation effect; not significant after FDR correction,0,ExhaustiveRules
shifted,FullVerifier,held-out effect does not replicate,0,ExhaustiveRules
shifted,FullVerifier,held-out effect does not replicate,0,ExhaustiveRules
shifted,FullVerifier,insufficient support,0,ExhaustiveRules
shifted,FullVerifier,insufficient support,0,ExhaustiveRules
shifted,FullVerifier,held-out effect does not replicate,0,ExhaustiveRules
shifted,FullVerifier,held-out effect does not replicate,0,ExhaustiveRules
rare,FullVerifier,insufficient support,0,ExhaustiveRules
rare,FullVerifier,insufficient support,0,ExhaustiveRules
rare,FullVerifier,insufficient support,0,ExhaustiveRules
rare,FullVerifier,insufficient support,0,ExhaustiveRules
shifted,FullVerifier,held-out effect does not replicate,0,ExhaustiveRules
shifted,FullVerifier,held-out effect does not replicate,0,ExhaustiveRules
rare,FullVerifier,insufficient support,0,ExhaustiveRules
shifted,FullVerifier,held-out effect does not replicate,0,ExhaustiveRules
rare,FullVerifier,insufficient support,0,ExhaustiveRules
rare,FullVerifier,insufficient support,0,ExhaustiveRules
shifted,FullVerifier,held-out effect does not replicate,0,ExhaustiveRules
rare,FullVerifier,insufficient support,0,ExhaustiveRules
redundant,FullVerifier,matched counterfactual contrast is weak,0,ExhaustiveRules
shifted,FullVerifier,held-out effect does not replicate,0,ExhaustiveRules
shifted,FullVerifier,held-out effect does not replicate,0,ExhaustiveRules
shifted,FullVerifier,held-out effect does not replicate,0,ExhaustiveRules
shifted,FullVerifier,held-out effect does not replicate,0,ExhaustiveRules
shifted,FullVerifier,held-out effect does not replicate,0,ExhaustiveRules
redundant,FullVerifier,matched counterfactual contrast is weak,0,ExhaustiveRules
shifted,FullVerifier,held-out effect does not replicate,0,ExhaustiveRules
shifted,FullVerifier,held-out effect does not replicate,0,ExhaustiveRules
shifted,FullVerifier,held-out effect does not replicate,0,ExhaustiveRules
shifted,FullVerifier,held-out effect does not replicate,0,ExhaustiveRules
redundant,FullVerifier,matched counterfactual contrast is weak,0,ExhaustiveRules
redundant,FullVerifier,matched counterfactual contrast is weak,0,ExhaustiveRules
confounded,FullVerifier,matched counterfactual contrast is weak; held-out effect does not replicate,0,ExhaustiveRules
confounded,FullVerifier,not significant after FDR correction; held-out effect does not replicate,0,ExhaustiveRules
confounded,FullVerifier,weak validation effect; not significant after FDR correction; matched counterfactual contrast is weak; held-out effect does not replicate,0,ExhaustiveRules
null,FullVerifier,weak validation effect; not significant after FDR correction; matched counterfactual contrast is weak; held-out effect does not replicate,0,ExhaustiveRules
confounded,FullVerifier,weak validation effect; not significant after FDR correction; matched counterfactual contrast is weak; held-out effect does not replicate,0,ExhaustiveRules
confounded,FullVerifier,weak validation effect; not significant after FDR correction; matched counterfactual contrast is weak; held-out effect does not replicate,0,ExhaustiveRules
shifted,FullVerifier,weak validation effect; not significant after FDR correction; matched counterfactual contrast is weak,0,ExhaustiveRules
shifted,FullVerifier,weak validation effect; not significant after FDR correction; matched counterfactual contrast is weak,0,ExhaustiveRules
shifted,FullVerifier,insufficient support; weak validation effect; not significant after FDR correction; matched counterfactual contrast is weak; held-out effect does not replicate,0,ExhaustiveRules
shifted,FullVerifier,insufficient support; weak validation effect; not significant after FDR correction; matched counterfactual contrast is weak; held-out effect does not replicate,0,ExhaustiveRules
shifted,FullVerifier,weak validation effect; not significant after FDR correction; matched counterfactual contrast is weak,0,ExhaustiveRules
shifted,FullVerifier,weak validation effect; not significant after FDR correction; matched counterfactual contrast is weak,0,ExhaustiveRules
rare,FullVerifier,insufficient support; weak validation effect; not significant after FDR correction; matched counterfactual contrast is weak; held-out effect does not replicate,0,ExhaustiveRules
rare,FullVerifier,insufficient support; weak validation effect; not significant after FDR correction; matched counterfactual contrast is weak; held-out effect does not replicate,0,ExhaustiveRules
rare,FullVerifier,insufficient support; weak validation effect; not significant after FDR correction; matched counterfactual contrast is weak; held-out effect does not replicate,0,ExhaustiveRules
rare,FullVerifier,insufficient support; weak validation effect; not significant after FDR correction; matched counterfactual contrast is weak; held-out effect does not replicate,0,ExhaustiveRules
shifted,FullVerifier,weak validation effect; not significant after FDR correction; matched counterfactual contrast is weak,0,ExhaustiveRules
shifted,FullVerifier,weak validation effect; not significant after FDR correction; matched counterfactual contrast is weak,0,ExhaustiveRules
rare,FullVerifier,insufficient support; weak validation effect; not significant after FDR correction; matched counterfactual contrast is weak; held-out effect does not replicate,0,ExhaustiveRules
true,FullVerifier,weak validation effect; not significant after FDR correction; matched counterfactual contrast is weak; held-out effect does not replicate,0,ExhaustiveRules
shifted,FullVerifier,weak validation effect; not significant after FDR correction; matched counterfactual contrast is weak,0,ExhaustiveRules
rare,FullVerifier,insufficient support; weak validation effect; not significant after FDR correction; matched counterfactual contrast is weak; held-out effect does not replicate,0,ExhaustiveRules
rare,FullVerifier,insufficient support; weak validation effect; not significant after FDR correction; matched counterfactual contrast is weak; held-out effect does not replicate,0,ExhaustiveRules
redundant,FullVerifier,weak validation effect; not significant after FDR correction; matched counterfactual contrast is weak; held-out effect does not replicate,0,ExhaustiveRules
redundant,FullVerifier,weak validation effect; not significant after FDR correction; matched counterfactual contrast is weak; held-out effect does not replicate,0,ExhaustiveRules
shifted,FullVerifier,weak validation effect; not significant after FDR correction; matched counterfactual contrast is weak,0,ExhaustiveRules
rare,FullVerifier,insufficient support; weak validation effect; not significant after FDR correction; matched counterfactual contrast is weak; held-out effect does not replicate,0,ExhaustiveRules
redundant,FullVerifier,weak validation effect; not significant after FDR correction; matched counterfactual contrast is weak; held-out effect does not replicate,0,ExhaustiveRules
true,FullVerifier,weak validation effect; not significant after FDR correction; matched counterfactual contrast is weak; held-out effect does not replicate,0,ExhaustiveRules
shifted,FullVerifier,weak validation effect; not significant after FDR correction; matched counterfactual contrast is weak,0,ExhaustiveRules
redundant,FullVerifier,weak validation effect; not significant after FDR correction; matched counterfactual contrast is weak; held-out effect does not replicate,0,ExhaustiveRules
shifted,FullVerifier,weak validation effect; not significant after FDR correction; matched counterfactual contrast is weak,0,ExhaustiveRules
shifted,FullVerifier,weak validation effect; not significant after FDR correction; matched counterfactual contrast is weak,0,ExhaustiveRules
shifted,FullVerifier,weak validation effect; not significant after FDR correction; matched counterfactual contrast is weak,0,ExhaustiveRules
shifted,FullVerifier,weak validation effect; not significant after FDR correction; matched counterfactual contrast is weak,0,ExhaustiveRules
redundant,FullVerifier,weak validation effect; not significant after FDR correction; matched counterfactual contrast is weak; held-out effect does not replicate,0,ExhaustiveRules
true,FullVerifier,weak validation effect; not significant after FDR correction; matched counterfactual contrast is weak; held-out effect does not replicate,0,ExhaustiveRules
confounded,FullVerifier,weak validation effect; not significant after FDR correction; matched counterfactual contrast is weak; held-out effect does not replicate,0,ExhaustiveRules
redundant,FullVerifier,weak validation effect; not significant after FDR correction; matched counterfactual contrast is weak; held-out effect does not replicate,0,ExhaustiveRules
redundant,FullVerifier,weak validation effect; not significant after FDR correction; matched counterfactual contrast is weak; held-out effect does not replicate,0,ExhaustiveRules
redundant,FullVerifier,weak validation effect; not significant after FDR correction; matched counterfactual contrast is weak; held-out effect does not replicate,0,ExhaustiveRules
null,FullVerifier,weak validation effect; not significant after FDR correction; matched counterfactual contrast is weak; held-out effect does not replicate,0,ExhaustiveRules
confounded,FullVerifier,weak validation effect; not significant after FDR correction; matched counterfactual contrast is weak; held-out effect does not replicate,0,ExhaustiveRules
shifted,FullVerifier,weak validation effect; not significant after FDR correction; matched counterfactual contrast is weak,0,ExhaustiveRules
confounded,FullVerifier,weak validation effect; not significant after FDR correction; matched counterfactual contrast is weak; held-out effect does not replicate,0,ExhaustiveRules
null,FullVerifier,weak validation effect; not significant after FDR correction; matched counterfactual contrast is weak; held-out effect does not replicate,0,ExhaustiveRules
shifted,FullVerifier,weak validation effect; not significant after FDR correction; matched counterfactual contrast is weak,0,ExhaustiveRules
shifted,FullVerifier,weak validation effect; not significant after FDR correction; matched counterfactual contrast is weak,0,ExhaustiveRules
redundant,FullVerifier,weak validation effect; not significant after FDR correction; matched counterfactual contrast is weak; held-out effect does not replicate,0,ExhaustiveRules
redundant,FullVerifier,weak validation effect; not significant after FDR correction; matched counterfactual contrast is weak; held-out effect does not replicate,0,ExhaustiveRules
shifted,FullVerifier,weak validation effect; not significant after FDR correction; matched counterfactual contrast is weak,0,ExhaustiveRules
confounded,FullVerifier,weak validation effect; not significant after FDR correction; matched counterfactual contrast is weak; held-out effect does not replicate,0,ExhaustiveRules
redundant,FullVerifier,weak validation effect; not significant after FDR correction; matched counterfactual contrast is weak; held-out effect does not replicate,0,ExhaustiveRules
redundant,FullVerifier,weak validation effect; not significant after FDR correction; matched counterfactual contrast is weak; held-out effect does not replicate,0,ExhaustiveRules
redundant,FullVerifier,weak validation effect; not significant after FDR correction; matched counterfactual contrast is weak; held-out effect does not replicate,0,ExhaustiveRules
confounded,FullVerifier,weak validation effect; not significant after FDR correction; matched counterfactual contrast is weak,0,ExhaustiveRules
confounded,FullVerifier,weak validation effect; not significant after FDR correction; matched counterfactual contrast is weak; held-out effect does not replicate,0,ExhaustiveRules
confounded,FullVerifier,weak validation effect; not significant after FDR correction; matched counterfactual contrast is weak; held-out effect does not replicate,0,ExhaustiveRules
null,FullVerifier,weak validation effect; not significant after FDR correction; matched counterfactual contrast is weak; held-out effect does not replicate,0,ExhaustiveRules
confounded,FullVerifier,weak validation effect; not significant after FDR correction; matched counterfactual contrast is weak; held-out effect does not replicate,0,ExhaustiveRules
confounded,FullVerifier,weak validation effect; not significant after FDR correction; matched counterfactual contrast is weak; held-out effect does not replicate,0,ExhaustiveRules
uncompiled,LLMOnly,unknown feature x999,1,LLMStress
uncompiled,LLMOnly,hypothesis must contain an IF ... THEN ... structure,1,LLMStress
shifted,StatisticalFilter,not significant after FDR correction,1,LLMStress
true,StatisticalFilter,not significant after FDR correction,1,LLMStress
shifted,StatisticalFilter,not significant after FDR correction,1,LLMStress
rare,StatisticalFilter,insufficient support; not significant after FDR correction,1,LLMStress
redundant,StatisticalFilter,not significant after FDR correction,1,LLMStress
true,StatisticalFilter,not significant after FDR correction,1,LLMStress
true,StatisticalFilter,not significant after FDR correction,1,LLMStress
redundant,StatisticalFilter,not significant after FDR correction,1,LLMStress
redundant,StatisticalFilter,not significant after FDR correction,1,LLMStress
null,StatisticalFilter,not significant after FDR correction,1,LLMStress
null,StatisticalFilter,not significant after FDR correction,1,LLMStress
null,StatisticalFilter,not significant after FDR correction,1,LLMStress
null,StatisticalFilter,not significant after FDR correction,1,LLMStress
null,StatisticalFilter,not significant after FDR correction,1,LLMStress
null,StatisticalFilter,not significant after FDR correction,1,LLMStress
null,StatisticalFilter,not significant after FDR correction,1,LLMStress
null,StatisticalFilter,weak validation effect; not significant after FDR correction,1,LLMStress
null,StatisticalFilter,weak validation effect; not significant after FDR correction,1,LLMStress
null,StatisticalFilter,weak validation effect; not significant after FDR correction,1,LLMStress
null,StatisticalFilter,weak validation effect; not significant after FDR correction,1,LLMStress
null,StatisticalFilter,weak validation effect; not significant after FDR correction,1,LLMStress
confounded,StatisticalFilter,weak validation effect; not significant after FDR correction,1,LLMStress
null,StatisticalFilter,weak validation effect; not significant after FDR correction,1,LLMStress
null,StatisticalFilter,weak validation effect; not significant after FDR correction,1,LLMStress
null,StatisticalFilter,weak validation effect; not significant after FDR correction,1,LLMStress
null,StatisticalFilter,weak validation effect; not significant after FDR correction,1,LLMStress
null,StatisticalFilter,weak validation effect; not significant after FDR correction,1,LLMStress
null,StatisticalFilter,weak validation effect; not significant after FDR correction,1,LLMStress
null,StatisticalFilter,weak validation effect; not significant after FDR correction,1,LLMStress
null,StatisticalFilter,weak validation effect; not significant after FDR correction,1,LLMStress
null,StatisticalFilter,weak validation effect; not significant after FDR correction,1,LLMStress
null,StatisticalFilter,weak validation effect; not significant after FDR correction,1,LLMStress
null,StatisticalFilter,weak validation effect; not significant after FDR correction,1,LLMStress
null,StatisticalFilter,weak validation effect; not significant after FDR correction,1,LLMStress
null,StatisticalFilter,weak validation effect; not significant after FDR correction,1,LLMStress
null,StatisticalFilter,weak validation effect; not significant after FDR correction,1,LLMStress
null,StatisticalFilter,weak validation effect; not significant after FDR correction,1,LLMStress
null,StatisticalFilter,weak validation effect; not significant after FDR correction,1,LLMStress
null,StatisticalFilter,weak validation effect; not significant after FDR correction,1,LLMStress
null,StatisticalFilter,weak validation effect; not significant after FDR correction,1,LLMStress
null,StatisticalFilter,weak validation effect; not significant after FDR correction,1,LLMStress
null,StatisticalFilter,weak validation effect; not significant after FDR correction,1,LLMStress
null,StatisticalFilter,weak validation effect; not significant after FDR correction,1,LLMStress
null,StatisticalFilter,weak validation effect; not significant after FDR correction,1,LLMStress
null,StatisticalFilter,weak validation effect; not significant after FDR correction,1,LLMStress
null,StatisticalFilter,weak validation effect; not significant after FDR correction,1,LLMStress
null,StatisticalFilter,weak validation effect; not significant after FDR correction,1,LLMStress
null,StatisticalFilter,weak validation effect; not significant after FDR correction,1,LLMStress
null,StatisticalFilter,weak validation effect; not significant after FDR correction,1,LLMStress
null,StatisticalFilter,weak validation effect; not significant after FDR correction,1,LLMStress
null,StatisticalFilter,weak validation effect; not significant after FDR correction,1,LLMStress
null,StatisticalFilter,weak validation effect; not significant after FDR correction,1,LLMStress
null,StatisticalFilter,weak validation effect; not significant after FDR correction,1,LLMStress
null,StatisticalFilter,weak validation effect; not significant after FDR correction,1,LLMStress
null,StatisticalFilter,weak validation effect; not significant after FDR correction,1,LLMStress
null,StatisticalFilter,weak validation effect; not significant after FDR correction,1,LLMStress
null,StatisticalFilter,weak validation effect; not significant after FDR correction,1,LLMStress
null,StatisticalFilter,weak validation effect; not significant after FDR correction,1,LLMStress
null,StatisticalFilter,weak validation effect; not significant after FDR correction,1,LLMStress
null,StatisticalFilter,weak validation effect; not significant after FDR correction,1,LLMStress
null,StatisticalFilter,weak validation effect; not significant after FDR correction,1,LLMStress
null,StatisticalFilter,weak validation effect; not significant after FDR correction,1,LLMStress
null,StatisticalFilter,weak validation effect; not significant after FDR correction,1,LLMStress
null,StatisticalFilter,weak validation effect; not significant after FDR correction,1,LLMStress
null,StatisticalFilter,weak validation effect; not significant after FDR correction,1,LLMStress
null,StatisticalFilter,weak validation effect; not significant after FDR correction,1,LLMStress
confounded,StatisticalFilter,weak validation effect; not significant after FDR correction,1,LLMStress
null,StatisticalFilter,weak validation effect; not significant after FDR correction,1,LLMStress
null,StatisticalFilter,weak validation effect; not significant after FDR correction,1,LLMStress
null,StatisticalFilter,weak validation effect; not significant after FDR correction,1,LLMStress
null,StatisticalFilter,weak validation effect; not significant after FDR correction,1,LLMStress
null,StatisticalFilter,weak validation effect; not significant after FDR correction,1,LLMStress
null,StatisticalFilter,weak validation effect; not significant after FDR correction,1,LLMStress
null,StatisticalFilter,weak validation effect; not significant after FDR correction,1,LLMStress
uncompiled,StatisticalFilter,unknown feature x999,1,LLMStress
uncompiled,StatisticalFilter,hypothesis must contain an IF ... THEN ... structure,1,LLMStress
shifted,FullVerifier,not significant after FDR correction; held-out effect does not replicate,1,LLMStress
true,FullVerifier,not significant after FDR correction,1,LLMStress
shifted,FullVerifier,not significant after FDR correction; held-out effect does not replicate,1,LLMStress
rare,FullVerifier,insufficient support; not significant after FDR correction,1,LLMStress
redundant,FullVerifier,not significant after FDR correction; matched counterfactual contrast is weak,1,LLMStress
true,FullVerifier,not significant after FDR correction,1,LLMStress
true,FullVerifier,not significant after FDR correction,1,LLMStress
redundant,FullVerifier,not significant after FDR correction; matched counterfactual contrast is weak,1,LLMStress
redundant,FullVerifier,not significant after FDR correction; matched counterfactual contrast is weak,1,LLMStress
null,FullVerifier,not significant after FDR correction; held-out effect does not replicate,1,LLMStress
null,FullVerifier,not significant after FDR correction; held-out effect does not replicate,1,LLMStress
null,FullVerifier,not significant after FDR correction; held-out effect does not replicate,1,LLMStress
null,FullVerifier,not significant after FDR correction; held-out effect does not replicate,1,LLMStress
null,FullVerifier,not significant after FDR correction; held-out effect does not replicate,1,LLMStress
null,FullVerifier,not significant after FDR correction; held-out effect does not replicate,1,LLMStress
null,FullVerifier,not significant after FDR correction; held-out effect does not replicate,1,LLMStress
null,FullVerifier,weak validation effect; not significant after FDR correction; matched counterfactual contrast is weak; held-out effect does not replicate,1,LLMStress
null,FullVerifier,weak validation effect; not significant after FDR correction; matched counterfactual contrast is weak; held-out effect does not replicate,1,LLMStress
null,FullVerifier,weak validation effect; not significant after FDR correction; matched counterfactual contrast is weak; held-out effect does not replicate,1,LLMStress
null,FullVerifier,weak validation effect; not significant after FDR correction; matched counterfactual contrast is weak; held-out effect does not replicate,1,LLMStress
null,FullVerifier,weak validation effect; not significant after FDR correction; held-out effect does not replicate,1,LLMStress
confounded,FullVerifier,weak validation effect; not significant after FDR correction; matched counterfactual contrast is weak; held-out effect does not replicate,1,LLMStress
null,FullVerifier,weak validation effect; not significant after FDR correction; matched counterfactual contrast is weak; held-out effect does not replicate,1,LLMStress
null,FullVerifier,weak validation effect; not significant after FDR correction; matched counterfactual contrast is weak; held-out effect does not replicate,1,LLMStress
null,FullVerifier,weak validation effect; not significant after FDR correction; matched counterfactual contrast is weak; held-out effect does not replicate,1,LLMStress
null,FullVerifier,weak validation effect; not significant after FDR correction; matched counterfactual contrast is weak; held-out effect does not replicate,1,LLMStress
null,FullVerifier,weak validation effect; not significant after FDR correction; matched counterfactual contrast is weak; held-out effect does not replicate,1,LLMStress
null,FullVerifier,weak validation effect; not significant after FDR correction; matched counterfactual contrast is weak; held-out effect does not replicate,1,LLMStress
null,FullVerifier,weak validation effect; not significant after FDR correction; matched counterfactual contrast is weak; held-out effect does not replicate,1,LLMStress
null,FullVerifier,weak validation effect; not significant after FDR correction; matched counterfactual contrast is weak; held-out effect does not replicate,1,LLMStress
null,FullVerifier,weak validation effect; not significant after FDR correction; matched counterfactual contrast is weak; held-out effect does not replicate,1,LLMStress
null,FullVerifier,weak validation effect; not significant after FDR correction; matched counterfactual contrast is weak; held-out effect does not replicate,1,LLMStress
null,FullVerifier,weak validation effect; not significant after FDR correction; matched counterfactual contrast is weak; held-out effect does not replicate,1,LLMStress
null,FullVerifier,weak validation effect; not significant after FDR correction; matched counterfactual contrast is weak; held-out effect does not replicate,1,LLMStress
null,FullVerifier,weak validation effect; not significant after FDR correction; matched counterfactual contrast is weak; held-out effect does not replicate,1,LLMStress
null,FullVerifier,weak validation effect; not significant after FDR correction; matched counterfactual contrast is weak; held-out effect does not replicate,1,LLMStress
null,FullVerifier,weak validation effect; not significant after FDR correction; matched counterfactual contrast is weak; held-out effect does not replicate,1,LLMStress
null,FullVerifier,weak validation effect; not significant after FDR correction; matched counterfactual contrast is weak; held-out effect does not replicate,1,LLMStress
null,FullVerifier,weak validation effect; not significant after FDR correction; matched counterfactual contrast is weak,1,LLMStress
null,FullVerifier,weak validation effect; not significant after FDR correction; matched counterfactual contrast is weak,1,LLMStress
null,FullVerifier,weak validation effect; not significant after FDR correction; matched counterfactual contrast is weak,1,LLMStress
null,FullVerifier,weak validation effect; not significant after FDR correction; matched counterfactual contrast is weak; held-out effect does not replicate,1,LLMStress
null,FullVerifier,weak validation effect; not significant after FDR correction; matched counterfactual contrast is weak; held-out effect does not replicate,1,LLMStress
null,FullVerifier,weak validation effect; not significant after FDR correction; matched counterfactual contrast is weak; held-out effect does not replicate,1,LLMStress
null,FullVerifier,weak validation effect; not significant after FDR correction; matched counterfactual contrast is weak; held-out effect does not replicate,1,LLMStress
null,FullVerifier,weak validation effect; not significant after FDR correction; matched counterfactual contrast is weak; held-out effect does not replicate,1,LLMStress
null,FullVerifier,weak validation effect; not significant after FDR correction; matched counterfactual contrast is weak; held-out effect does not replicate,1,LLMStress
null,FullVerifier,weak validation effect; not significant after FDR correction; matched counterfactual contrast is weak; held-out effect does not replicate,1,LLMStress
null,FullVerifier,weak validation effect; not significant after FDR correction; matched counterfactual contrast is weak; held-out effect does not replicate,1,LLMStress
null,FullVerifier,weak validation effect; not significant after FDR correction; matched counterfactual contrast is weak; held-out effect does not replicate,1,LLMStress
null,FullVerifier,weak validation effect; not significant after FDR correction; matched counterfactual contrast is weak; held-out effect does not replicate,1,LLMStress
null,FullVerifier,weak validation effect; not significant after FDR correction; matched counterfactual contrast is weak; held-out effect does not replicate,1,LLMStress
null,FullVerifier,weak validation effect; not significant after FDR correction; matched counterfactual contrast is weak; held-out effect does not replicate,1,LLMStress
null,FullVerifier,weak validation effect; not significant after FDR correction; matched counterfactual contrast is weak; held-out effect does not replicate,1,LLMStress
null,FullVerifier,weak validation effect; not significant after FDR correction; matched counterfactual contrast is weak; held-out effect does not replicate,1,LLMStress
null,FullVerifier,weak validation effect; not significant after FDR correction; matched counterfactual contrast is weak; held-out effect does not replicate,1,LLMStress
null,FullVerifier,weak validation effect; not significant after FDR correction; matched counterfactual contrast is weak; held-out effect does not replicate,1,LLMStress
null,FullVerifier,weak validation effect; not significant after FDR correction; matched counterfactual contrast is weak; held-out effect does not replicate,1,LLMStress
null,FullVerifier,weak validation effect; not significant after FDR correction; matched counterfactual contrast is weak; held-out effect does not replicate,1,LLMStress
null,FullVerifier,weak validation effect; not significant after FDR correction; matched counterfactual contrast is weak; held-out effect does not replicate,1,LLMStress
null,FullVerifier,weak validation effect; not significant after FDR correction; matched counterfactual contrast is weak; held-out effect does not replicate,1,LLMStress
null,FullVerifier,weak validation effect; not significant after FDR correction; matched counterfactual contrast is weak; held-out effect does not replicate,1,LLMStress
null,FullVerifier,weak validation effect; not significant after FDR correction; matched counterfactual contrast is weak; held-out effect does not replicate,1,LLMStress
null,FullVerifier,weak validation effect; not significant after FDR correction; matched counterfactual contrast is weak; held-out effect does not replicate,1,LLMStress
null,FullVerifier,weak validation effect; not significant after FDR correction; matched counterfactual contrast is weak; held-out effect does not replicate,1,LLMStress
null,FullVerifier,weak validation effect; not significant after FDR correction; matched counterfactual contrast is weak; held-out effect does not replicate,1,LLMStress
confounded,FullVerifier,weak validation effect; not significant after FDR correction; matched counterfactual contrast is weak; held-out effect does not replicate,1,LLMStress
null,FullVerifier,weak validation effect; not significant after FDR correction; matched counterfactual contrast is weak; held-out effect does not replicate,1,LLMStress
null,FullVerifier,weak validation effect; not significant after FDR correction; matched counterfactual contrast is weak; held-out effect does not replicate,1,LLMStress
null,FullVerifier,weak validation effect; not significant after FDR correction; matched counterfactual contrast is weak; held-out effect does not replicate,1,LLMStress
null,FullVerifier,weak validation effect; not significant after FDR correction; matched counterfactual contrast is weak; held-out effect does not replicate,1,LLMStress
null,FullVerifier,weak validation effect; not significant after FDR correction; matched counterfactual contrast is weak; held-out effect does not replicate,1,LLMStress
null,FullVerifier,weak validation effect; not significant after FDR correction; matched counterfactual contrast is weak; held-out effect does not replicate,1,LLMStress
null,FullVerifier,weak validation effect; not significant after FDR correction; matched counterfactual contrast is weak; held-out effect does not replicate,1,LLMStress
uncompiled,FullVerifier,unknown feature x999,1,LLMStress
uncompiled,FullVerifier,hypothesis must contain an IF ... THEN ... structure,1,LLMStress
rare,StatisticalFilter,insufficient support,1,ExhaustiveRules
rare,StatisticalFilter,insufficient support,1,ExhaustiveRules
rare,StatisticalFilter,insufficient support,1,ExhaustiveRules
rare,StatisticalFilter,insufficient support,1,ExhaustiveRules
rare,StatisticalFilter,insufficient support,1,ExhaustiveRules
rare,StatisticalFilter,insufficient support,1,ExhaustiveRules
shifted,StatisticalFilter,insufficient support,1,ExhaustiveRules
rare,StatisticalFilter,insufficient support,1,ExhaustiveRules
rare,StatisticalFilter,insufficient support,1,ExhaustiveRules
shifted,StatisticalFilter,insufficient support; not significant after FDR correction,1,ExhaustiveRules
confounded,StatisticalFilter,weak validation effect; not significant after FDR correction,1,ExhaustiveRules
confounded,StatisticalFilter,weak validation effect; not significant after FDR correction,1,ExhaustiveRules
null,StatisticalFilter,weak validation effect; not significant after FDR correction,1,ExhaustiveRules
confounded,StatisticalFilter,weak validation effect; not significant after FDR correction,1,ExhaustiveRules
confounded,StatisticalFilter,weak validation effect; not significant after FDR correction,1,ExhaustiveRules
shifted,StatisticalFilter,weak validation effect; not significant after FDR correction,1,ExhaustiveRules
shifted,StatisticalFilter,weak validation effect; not significant after FDR correction,1,ExhaustiveRules
shifted,StatisticalFilter,weak validation effect; not significant after FDR correction,1,ExhaustiveRules
shifted,StatisticalFilter,weak validation effect; not significant after FDR correction,1,ExhaustiveRules
shifted,StatisticalFilter,weak validation effect; not significant after FDR correction,1,ExhaustiveRules
shifted,StatisticalFilter,weak validation effect; not significant after FDR correction,1,ExhaustiveRules
rare,StatisticalFilter,insufficient support; weak validation effect; not significant after FDR correction,1,ExhaustiveRules
rare,StatisticalFilter,insufficient support; weak validation effect; not significant after FDR correction,1,ExhaustiveRules
true,StatisticalFilter,weak validation effect; not significant after FDR correction,1,ExhaustiveRules
rare,StatisticalFilter,insufficient support; weak validation effect; not significant after FDR correction,1,ExhaustiveRules
shifted,StatisticalFilter,weak validation effect; not significant after FDR correction,1,ExhaustiveRules
shifted,StatisticalFilter,weak validation effect; not significant after FDR correction,1,ExhaustiveRules
shifted,StatisticalFilter,weak validation effect; not significant after FDR correction,1,ExhaustiveRules
redundant,StatisticalFilter,weak validation effect; not significant after FDR correction,1,ExhaustiveRules
rare,StatisticalFilter,insufficient support; weak validation effect; not significant after FDR correction,1,ExhaustiveRules
shifted,StatisticalFilter,weak validation effect; not significant after FDR correction,1,ExhaustiveRules
redundant,StatisticalFilter,weak validation effect; not significant after FDR correction,1,ExhaustiveRules
rare,StatisticalFilter,insufficient support; weak validation effect; not significant after FDR correction,1,ExhaustiveRules
rare,StatisticalFilter,insufficient support; weak validation effect; not significant after FDR correction,1,ExhaustiveRules
shifted,StatisticalFilter,insufficient support; weak validation effect; not significant after FDR correction,1,ExhaustiveRules
shifted,StatisticalFilter,insufficient support; weak validation effect; not significant after FDR correction,1,ExhaustiveRules
shifted,StatisticalFilter,weak validation effect; not significant after FDR correction,1,ExhaustiveRules
rare,StatisticalFilter,insufficient support; weak validation effect; not significant after FDR correction,1,ExhaustiveRules
rare,StatisticalFilter,insufficient support; weak validation effect; not significant after FDR correction,1,ExhaustiveRules
redundant,StatisticalFilter,weak validation effect; not significant after FDR correction,1,ExhaustiveRules
shifted,StatisticalFilter,weak validation effect; not significant after FDR correction,1,ExhaustiveRules
shifted,StatisticalFilter,weak validation effect; not significant after FDR correction,1,ExhaustiveRules
true,StatisticalFilter,weak validation effect; not significant after FDR correction,1,ExhaustiveRules
redundant,StatisticalFilter,weak validation effect; not significant after FDR correction,1,ExhaustiveRules
true,StatisticalFilter,weak validation effect; not significant after FDR correction,1,ExhaustiveRules
redundant,StatisticalFilter,weak validation effect; not significant after FDR correction,1,ExhaustiveRules
redundant,StatisticalFilter,weak validation effect; not significant after FDR correction,1,ExhaustiveRules
confounded,StatisticalFilter,weak validation effect; not significant after FDR correction,1,ExhaustiveRules
shifted,StatisticalFilter,weak validation effect; not significant after FDR correction,1,ExhaustiveRules
redundant,StatisticalFilter,weak validation effect; not significant after FDR correction,1,ExhaustiveRules
redundant,StatisticalFilter,weak validation effect; not significant after FDR correction,1,ExhaustiveRules
confounded,StatisticalFilter,weak validation effect; not significant after FDR correction,1,ExhaustiveRules
null,StatisticalFilter,weak validation effect; not significant after FDR correction,1,ExhaustiveRules
confounded,StatisticalFilter,weak validation effect; not significant after FDR correction,1,ExhaustiveRules
confounded,StatisticalFilter,weak validation effect; not significant after FDR correction,1,ExhaustiveRules
null,StatisticalFilter,weak validation effect; not significant after FDR correction,1,ExhaustiveRules
shifted,StatisticalFilter,weak validation effect; not significant after FDR correction,1,ExhaustiveRules
redundant,StatisticalFilter,weak validation effect; not significant after FDR correction,1,ExhaustiveRules
shifted,StatisticalFilter,weak validation effect; not significant after FDR correction,1,ExhaustiveRules
shifted,StatisticalFilter,weak validation effect; not significant after FDR correction,1,ExhaustiveRules
redundant,StatisticalFilter,weak validation effect; not significant after FDR correction,1,ExhaustiveRules
redundant,StatisticalFilter,weak validation effect; not significant after FDR correction,1,ExhaustiveRules
redundant,StatisticalFilter,weak validation effect; not significant after FDR correction,1,ExhaustiveRules
redundant,StatisticalFilter,weak validation effect; not significant after FDR correction,1,ExhaustiveRules
confounded,StatisticalFilter,weak validation effect; not significant after FDR correction,1,ExhaustiveRules
confounded,StatisticalFilter,weak validation effect; not significant after FDR correction,1,ExhaustiveRules
null,StatisticalFilter,weak validation effect; not significant after FDR correction,1,ExhaustiveRules
confounded,StatisticalFilter,weak validation effect; not significant after FDR correction,1,ExhaustiveRules
confounded,StatisticalFilter,weak validation effect; not significant after FDR correction,1,ExhaustiveRules
confounded,StatisticalFilter,weak validation effect; not significant after FDR correction,1,ExhaustiveRules
shifted,FullVerifier,held-out effect does not replicate,1,ExhaustiveRules
shifted,FullVerifier,held-out effect does not replicate,1,ExhaustiveRules
shifted,FullVerifier,held-out effect does not replicate,1,ExhaustiveRules
shifted,FullVerifier,held-out effect does not replicate,1,ExhaustiveRules
shifted,FullVerifier,held-out effect does not replicate,1,ExhaustiveRules
shifted,FullVerifier,held-out effect does not replicate,1,ExhaustiveRules
rare,FullVerifier,insufficient support,1,ExhaustiveRules
rare,FullVerifier,insufficient support,1,ExhaustiveRules
rare,FullVerifier,insufficient support,1,ExhaustiveRules
shifted,FullVerifier,held-out effect does not replicate,1,ExhaustiveRules
shifted,FullVerifier,held-out effect does not replicate,1,ExhaustiveRules
shifted,FullVerifier,held-out effect does not replicate,1,ExhaustiveRules
rare,FullVerifier,insufficient support,1,ExhaustiveRules
shifted,FullVerifier,held-out effect does not replicate,1,ExhaustiveRules
rare,FullVerifier,insufficient support,1,ExhaustiveRules
rare,FullVerifier,insufficient support,1,ExhaustiveRules
shifted,FullVerifier,insufficient support,1,ExhaustiveRules
shifted,FullVerifier,held-out effect does not replicate,1,ExhaustiveRules
rare,FullVerifier,insufficient support,1,ExhaustiveRules
rare,FullVerifier,insufficient support,1,ExhaustiveRules
redundant,FullVerifier,matched counterfactual contrast is weak,1,ExhaustiveRules
shifted,FullVerifier,held-out effect does not replicate,1,ExhaustiveRules
shifted,FullVerifier,held-out effect does not replicate,1,ExhaustiveRules
redundant,FullVerifier,matched counterfactual contrast is weak,1,ExhaustiveRules
shifted,FullVerifier,held-out effect does not replicate,1,ExhaustiveRules
redundant,FullVerifier,matched counterfactual contrast is weak,1,ExhaustiveRules
redundant,FullVerifier,matched counterfactual contrast is weak,1,ExhaustiveRules
shifted,FullVerifier,held-out effect does not replicate,1,ExhaustiveRules
redundant,FullVerifier,matched counterfactual contrast is weak,1,ExhaustiveRules
shifted,FullVerifier,held-out effect does not replicate,1,ExhaustiveRules
shifted,FullVerifier,held-out effect does not replicate,1,ExhaustiveRules
redundant,FullVerifier,matched counterfactual contrast is weak,1,ExhaustiveRules
redundant,FullVerifier,matched counterfactual contrast is weak,1,ExhaustiveRules
confounded,FullVerifier,matched counterfactual contrast is weak; held-out effect does not replicate,1,ExhaustiveRules
shifted,FullVerifier,insufficient support; not significant after FDR correction,1,ExhaustiveRules
confounded,FullVerifier,weak validation effect; not significant after FDR correction; matched counterfactual contrast is weak; held-out effect does not replicate,1,ExhaustiveRules
confounded,FullVerifier,weak validation effect; not significant after FDR correction; matched counterfactual contrast is weak; held-out effect does not replicate,1,ExhaustiveRules
null,FullVerifier,weak validation effect; not significant after FDR correction; matched counterfactual contrast is weak; held-out effect does not replicate,1,ExhaustiveRules
confounded,FullVerifier,weak validation effect; not significant after FDR correction; matched counterfactual contrast is weak; held-out effect does not replicate,1,ExhaustiveRules
confounded,FullVerifier,weak validation effect; not significant after FDR correction; matched counterfactual contrast is weak; held-out effect does not replicate,1,ExhaustiveRules
shifted,FullVerifier,weak validation effect; not significant after FDR correction; matched counterfactual contrast is weak,1,ExhaustiveRules
shifted,FullVerifier,weak validation effect; not significant after FDR correction; matched counterfactual contrast is weak,1,ExhaustiveRules
shifted,FullVerifier,weak validation effect; not significant after FDR correction; matched counterfactual contrast is weak,1,ExhaustiveRules
shifted,FullVerifier,weak validation effect; not significant after FDR correction; matched counterfactual contrast is weak,1,ExhaustiveRules
shifted,FullVerifier,weak validation effect; not significant after FDR correction; matched counterfactual contrast is weak,1,ExhaustiveRules
shifted,FullVerifier,weak validation effect; not significant after FDR correction; matched counterfactual contrast is weak,1,ExhaustiveRules
rare,FullVerifier,insufficient support; weak validation effect; not significant after FDR correction; matched counterfactual contrast is weak; held-out effect does not replicate,1,ExhaustiveRules
rare,FullVerifier,insufficient support; weak validation effect; not significant after FDR correction; matched counterfactual contrast is weak; held-out effect does not replicate,1,ExhaustiveRules
true,FullVerifier,weak validation effect; not significant after FDR correction; matched counterfactual contrast is weak; held-out effect does not replicate,1,ExhaustiveRules
rare,FullVerifier,insufficient support; weak validation effect; not significant after FDR correction; matched counterfactual contrast is weak; held-out effect does not replicate,1,ExhaustiveRules
shifted,FullVerifier,weak validation effect; not significant after FDR correction; matched counterfactual contrast is weak,1,ExhaustiveRules
shifted,FullVerifier,weak validation effect; not significant after FDR correction; matched counterfactual contrast is weak,1,ExhaustiveRules
shifted,FullVerifier,weak validation effect; not significant after FDR correction; matched counterfactual contrast is weak,1,ExhaustiveRules
redundant,FullVerifier,weak validation effect; not significant after FDR correction; matched counterfactual contrast is weak; held-out effect does not replicate,1,ExhaustiveRules
rare,FullVerifier,insufficient support; weak validation effect; not significant after FDR correction; matched counterfactual contrast is weak; held-out effect does not replicate,1,ExhaustiveRules
shifted,FullVerifier,weak validation effect; not significant after FDR correction; matched counterfactual contrast is weak,1,ExhaustiveRules
redundant,FullVerifier,weak validation effect; not significant after FDR correction; matched counterfactual contrast is weak; held-out effect does not replicate,1,ExhaustiveRules
rare,FullVerifier,insufficient support; weak validation effect; not significant after FDR correction; matched counterfactual contrast is weak; held-out effect does not replicate,1,ExhaustiveRules
rare,FullVerifier,insufficient support; weak validation effect; not significant after FDR correction; matched counterfactual contrast is weak; held-out effect does not replicate,1,ExhaustiveRules
shifted,FullVerifier,insufficient support; weak validation effect; not significant after FDR correction; matched counterfactual contrast is weak; held-out effect does not replicate,1,ExhaustiveRules
shifted,FullVerifier,insufficient support; weak validation effect; not significant after FDR correction; matched counterfactual contrast is weak; held-out effect does not replicate,1,ExhaustiveRules
shifted,FullVerifier,weak validation effect; not significant after FDR correction; matched counterfactual contrast is weak,1,ExhaustiveRules
rare,FullVerifier,insufficient support; weak validation effect; not significant after FDR correction; matched counterfactual contrast is weak; held-out effect does not replicate,1,ExhaustiveRules
rare,FullVerifier,insufficient support; weak validation effect; not significant after FDR correction; matched counterfactual contrast is weak; held-out effect does not replicate,1,ExhaustiveRules
redundant,FullVerifier,weak validation effect; not significant after FDR correction; matched counterfactual contrast is weak; held-out effect does not replicate,1,ExhaustiveRules
shifted,FullVerifier,weak validation effect; not significant after FDR correction; matched counterfactual contrast is weak,1,ExhaustiveRules
shifted,FullVerifier,weak validation effect; not significant after FDR correction; matched counterfactual contrast is weak,1,ExhaustiveRules
true,FullVerifier,weak validation effect; not significant after FDR correction; matched counterfactual contrast is weak; held-out effect does not replicate,1,ExhaustiveRules
redundant,FullVerifier,weak validation effect; not significant after FDR correction; matched counterfactual contrast is weak; held-out effect does not replicate,1,ExhaustiveRules
true,FullVerifier,weak validation effect; not significant after FDR correction; matched counterfactual contrast is weak; held-out effect does not replicate,1,ExhaustiveRules
redundant,FullVerifier,weak validation effect; not significant after FDR correction; matched counterfactual contrast is weak; held-out effect does not replicate,1,ExhaustiveRules
redundant,FullVerifier,weak validation effect; not significant after FDR correction; matched counterfactual contrast is weak; held-out effect does not replicate,1,ExhaustiveRules
confounded,FullVerifier,weak validation effect; not significant after FDR correction; matched counterfactual contrast is weak; held-out effect does not replicate,1,ExhaustiveRules
shifted,FullVerifier,weak validation effect; not significant after FDR correction; matched counterfactual contrast is weak,1,ExhaustiveRules
redundant,FullVerifier,weak validation effect; not significant after FDR correction; matched counterfactual contrast is weak; held-out effect does not replicate,1,ExhaustiveRules
redundant,FullVerifier,weak validation effect; not significant after FDR correction; matched counterfactual contrast is weak; held-out effect does not replicate,1,ExhaustiveRules
confounded,FullVerifier,weak validation effect; not significant after FDR correction; matched counterfactual contrast is weak; held-out effect does not replicate,1,ExhaustiveRules
null,FullVerifier,weak validation effect; not significant after FDR correction; matched counterfactual contrast is weak; held-out effect does not replicate,1,ExhaustiveRules
confounded,FullVerifier,weak validation effect; not significant after FDR correction; matched counterfactual contrast is weak; held-out effect does not replicate,1,ExhaustiveRules
confounded,FullVerifier,weak validation effect; not significant after FDR correction; matched counterfactual contrast is weak; held-out effect does not replicate,1,ExhaustiveRules
null,FullVerifier,weak validation effect; not significant after FDR correction; matched counterfactual contrast is weak; held-out effect does not replicate,1,ExhaustiveRules
shifted,FullVerifier,weak validation effect; not significant after FDR correction; matched counterfactual contrast is weak,1,ExhaustiveRules
redundant,FullVerifier,weak validation effect; not significant after FDR correction; held-out effect does not replicate,1,ExhaustiveRules
shifted,FullVerifier,weak validation effect; not significant after FDR correction; matched counterfactual contrast is weak,1,ExhaustiveRules
shifted,FullVerifier,weak validation effect; not significant after FDR correction; matched counterfactual contrast is weak,1,ExhaustiveRules
redundant,FullVerifier,weak validation effect; not significant after FDR correction; matched counterfactual contrast is weak; held-out effect does not replicate,1,ExhaustiveRules
redundant,FullVerifier,weak validation effect; not significant after FDR correction; matched counterfactual contrast is weak; held-out effect does not replicate,1,ExhaustiveRules
redundant,FullVerifier,weak validation effect; not significant after FDR correction; matched counterfactual contrast is weak; held-out effect does not replicate,1,ExhaustiveRules
redundant,FullVerifier,weak validation effect; not significant after FDR correction; matched counterfactual contrast is weak; held-out effect does not replicate,1,ExhaustiveRules
confounded,FullVerifier,weak validation effect; not significant after FDR correction; matched counterfactual contrast is weak; held-out effect does not replicate,1,ExhaustiveRules
confounded,FullVerifier,weak validation effect; not significant after FDR correction; matched counterfactual contrast is weak; held-out effect does not replicate,1,ExhaustiveRules
null,FullVerifier,weak validation effect; not significant after FDR correction; matched counterfactual contrast is weak; held-out effect does not replicate,1,ExhaustiveRules
confounded,FullVerifier,weak validation effect; not significant after FDR correction; matched counterfactual contrast is weak; held-out effect does not replicate,1,ExhaustiveRules
confounded,FullVerifier,weak validation effect; not significant after FDR correction; matched counterfactual contrast is weak; held-out effect does not replicate,1,ExhaustiveRules
confounded,FullVerifier,weak validation effect; not significant after FDR correction; matched counterfactual contrast is weak; held-out effect does not replicate,1,ExhaustiveRules
uncompiled,LLMOnly,unknown feature x999,2,LLMStress
uncompiled,LLMOnly,hypothesis must contain an IF ... THEN ... structure,2,LLMStress
shifted,StatisticalFilter,not significant after FDR correction,2,LLMStress
true,StatisticalFilter,not significant after FDR correction,2,LLMStress
shifted,StatisticalFilter,not significant after FDR correction,2,LLMStress
rare,StatisticalFilter,insufficient support; not significant after FDR correction,2,LLMStress
redundant,StatisticalFilter,not significant after FDR correction,2,LLMStress
true,StatisticalFilter,not significant after FDR correction,2,LLMStress
true,StatisticalFilter,not significant after FDR correction,2,LLMStress
redundant,StatisticalFilter,not significant after FDR correction,2,LLMStress
redundant,StatisticalFilter,not significant after FDR correction,2,LLMStress
confounded,StatisticalFilter,weak validation effect; not significant after FDR correction,2,LLMStress
null,StatisticalFilter,not significant after FDR correction,2,LLMStress
null,StatisticalFilter,weak validation effect; not significant after FDR correction,2,LLMStress
null,StatisticalFilter,weak validation effect; not significant after FDR correction,2,LLMStress
null,StatisticalFilter,weak validation effect; not significant after FDR correction,2,LLMStress
null,StatisticalFilter,weak validation effect; not significant after FDR correction,2,LLMStress
null,StatisticalFilter,weak validation effect; not significant after FDR correction,2,LLMStress
null,StatisticalFilter,weak validation effect; not significant after FDR correction,2,LLMStress
null,StatisticalFilter,weak validation effect; not significant after FDR correction,2,LLMStress
null,StatisticalFilter,weak validation effect; not significant after FDR correction,2,LLMStress
null,StatisticalFilter,weak validation effect; not significant after FDR correction,2,LLMStress
null,StatisticalFilter,weak validation effect; not significant after FDR correction,2,LLMStress
null,StatisticalFilter,weak validation effect; not significant after FDR correction,2,LLMStress
null,StatisticalFilter,weak validation effect; not significant after FDR correction,2,LLMStress
null,StatisticalFilter,weak validation effect; not significant after FDR correction,2,LLMStress
null,StatisticalFilter,weak validation effect; not significant after FDR correction,2,LLMStress
null,StatisticalFilter,weak validation effect; not significant after FDR correction,2,LLMStress
null,StatisticalFilter,weak validation effect; not significant after FDR correction,2,LLMStress
null,StatisticalFilter,weak validation effect; not significant after FDR correction,2,LLMStress
null,StatisticalFilter,weak validation effect; not significant after FDR correction,2,LLMStress
null,StatisticalFilter,weak validation effect; not significant after FDR correction,2,LLMStress
null,StatisticalFilter,weak validation effect; not significant after FDR correction,2,LLMStress
null,StatisticalFilter,weak validation effect; not significant after FDR correction,2,LLMStress
null,StatisticalFilter,weak validation effect; not significant after FDR correction,2,LLMStress
null,StatisticalFilter,weak validation effect; not significant after FDR correction,2,LLMStress
null,StatisticalFilter,weak validation effect; not significant after FDR correction,2,LLMStress
confounded,StatisticalFilter,weak validation effect; not significant after FDR correction,2,LLMStress
null,StatisticalFilter,weak validation effect; not significant after FDR correction,2,LLMStress
null,StatisticalFilter,weak validation effect; not significant after FDR correction,2,LLMStress
null,StatisticalFilter,weak validation effect; not significant after FDR correction,2,LLMStress
null,StatisticalFilter,weak validation effect; not significant after FDR correction,2,LLMStress
null,StatisticalFilter,weak validation effect; not significant after FDR correction,2,LLMStress
null,StatisticalFilter,weak validation effect; not significant after FDR correction,2,LLMStress
null,StatisticalFilter,weak validation effect; not significant after FDR correction,2,LLMStress
null,StatisticalFilter,weak validation effect; not significant after FDR correction,2,LLMStress
null,StatisticalFilter,weak validation effect; not significant after FDR correction,2,LLMStress
null,StatisticalFilter,weak validation effect; not significant after FDR correction,2,LLMStress
null,StatisticalFilter,weak validation effect; not significant after FDR correction,2,LLMStress
null,StatisticalFilter,weak validation effect; not significant after FDR correction,2,LLMStress
null,StatisticalFilter,weak validation effect; not significant after FDR correction,2,LLMStress
null,StatisticalFilter,weak validation effect; not significant after FDR correction,2,LLMStress
null,StatisticalFilter,weak validation effect; not significant after FDR correction,2,LLMStress
null,StatisticalFilter,weak validation effect; not significant after FDR correction,2,LLMStress
null,StatisticalFilter,weak validation effect; not significant after FDR correction,2,LLMStress
null,StatisticalFilter,weak validation effect; not significant after FDR correction,2,LLMStress
null,StatisticalFilter,weak validation effect; not significant after FDR correction,2,LLMStress
null,StatisticalFilter,weak validation effect; not significant after FDR correction,2,LLMStress
null,StatisticalFilter,weak validation effect; not significant after FDR correction,2,LLMStress
null,StatisticalFilter,weak validation effect; not significant after FDR correction,2,LLMStress
null,StatisticalFilter,weak validation effect; not significant after FDR correction,2,LLMStress
null,StatisticalFilter,weak validation effect; not significant after FDR correction,2,LLMStress
null,StatisticalFilter,weak validation effect; not significant after FDR correction,2,LLMStress
null,StatisticalFilter,weak validation effect; not significant after FDR correction,2,LLMStress
null,StatisticalFilter,weak validation effect; not significant after FDR correction,2,LLMStress
null,StatisticalFilter,weak validation effect; not significant after FDR correction,2,LLMStress
null,StatisticalFilter,weak validation effect; not significant after FDR correction,2,LLMStress
null,StatisticalFilter,weak validation effect; not significant after FDR correction,2,LLMStress
null,StatisticalFilter,weak validation effect; not significant after FDR correction,2,LLMStress
null,StatisticalFilter,weak validation effect; not significant after FDR correction,2,LLMStress
null,StatisticalFilter,weak validation effect; not significant after FDR correction,2,LLMStress
null,StatisticalFilter,weak validation effect; not significant after FDR correction,2,LLMStress
null,StatisticalFilter,weak validation effect; not significant after FDR correction,2,LLMStress
null,StatisticalFilter,weak validation effect; not significant after FDR correction,2,LLMStress
null,StatisticalFilter,weak validation effect; not significant after FDR correction,2,LLMStress
null,StatisticalFilter,weak validation effect; not significant after FDR correction,2,LLMStress
uncompiled,StatisticalFilter,unknown feature x999,2,LLMStress
uncompiled,StatisticalFilter,hypothesis must contain an IF ... THEN ... structure,2,LLMStress
shifted,FullVerifier,not significant after FDR correction; held-out effect does not replicate,2,LLMStress
true,FullVerifier,not significant after FDR correction,2,LLMStress
shifted,FullVerifier,not significant after FDR correction; held-out effect does not replicate,2,LLMStress
rare,FullVerifier,insufficient support; not significant after FDR correction,2,LLMStress
redundant,FullVerifier,not significant after FDR correction; matched counterfactual contrast is weak,2,LLMStress
true,FullVerifier,not significant after FDR correction,2,LLMStress
true,FullVerifier,not significant after FDR correction,2,LLMStress
redundant,FullVerifier,not significant after FDR correction; matched counterfactual contrast is weak,2,LLMStress
redundant,FullVerifier,not significant after FDR correction; matched counterfactual contrast is weak,2,LLMStress
confounded,FullVerifier,weak validation effect; not significant after FDR correction; matched counterfactual contrast is weak; held-out effect does not replicate,2,LLMStress
null,FullVerifier,not significant after FDR correction; held-out effect does not replicate,2,LLMStress
null,FullVerifier,weak validation effect; not significant after FDR correction; matched counterfactual contrast is weak; held-out effect does not replicate,2,LLMStress
null,FullVerifier,weak validation effect; not significant after FDR correction; matched counterfactual contrast is weak; held-out effect does not replicate,2,LLMStress
null,FullVerifier,weak validation effect; not significant after FDR correction; matched counterfactual contrast is weak; held-out effect does not replicate,2,LLMStress
null,FullVerifier,weak validation effect; not significant after FDR correction; matched counterfactual contrast is weak; held-out effect does not replicate,2,LLMStress
null,FullVerifier,weak validation effect; not significant after FDR correction; matched counterfactual contrast is weak; held-out effect does not replicate,2,LLMStress
null,FullVerifier,weak validation effect; not significant after FDR correction; matched counterfactual contrast is weak; held-out effect does not replicate,2,LLMStress
null,FullVerifier,weak validation effect; not significant after FDR correction; matched counterfactual contrast is weak; held-out effect does not replicate,2,LLMStress
null,FullVerifier,weak validation effect; not significant after FDR correction; matched counterfactual contrast is weak; held-out effect does not replicate,2,LLMStress
null,FullVerifier,weak validation effect; not significant after FDR correction; matched counterfactual contrast is weak; held-out effect does not replicate,2,LLMStress
null,FullVerifier,weak validation effect; not significant after FDR correction; matched counterfactual contrast is weak; held-out effect does not replicate,2,LLMStress
null,FullVerifier,weak validation effect; not significant after FDR correction; matched counterfactual contrast is weak; held-out effect does not replicate,2,LLMStress
null,FullVerifier,weak validation effect; not significant after FDR correction; matched counterfactual contrast is weak; held-out effect does not replicate,2,LLMStress
null,FullVerifier,weak validation effect; not significant after FDR correction; matched counterfactual contrast is weak; held-out effect does not replicate,2,LLMStress
null,FullVerifier,weak validation effect; not significant after FDR correction; matched counterfactual contrast is weak; held-out effect does not replicate,2,LLMStress
null,FullVerifier,weak validation effect; not significant after FDR correction; matched counterfactual contrast is weak; held-out effect does not replicate,2,LLMStress
null,FullVerifier,weak validation effect; not significant after FDR correction; matched counterfactual contrast is weak; held-out effect does not replicate,2,LLMStress
null,FullVerifier,weak validation effect; not significant after FDR correction; matched counterfactual contrast is weak; held-out effect does not replicate,2,LLMStress
null,FullVerifier,weak validation effect; not significant after FDR correction; matched counterfactual contrast is weak; held-out effect does not replicate,2,LLMStress
null,FullVerifier,weak validation effect; not significant after FDR correction; matched counterfactual contrast is weak; held-out effect does not replicate,2,LLMStress
null,FullVerifier,weak validation effect; not significant after FDR correction; matched counterfactual contrast is weak; held-out effect does not replicate,2,LLMStress
null,FullVerifier,weak validation effect; not significant after FDR correction; matched counterfactual contrast is weak; held-out effect does not replicate,2,LLMStress
null,FullVerifier,weak validation effect; not significant after FDR correction; matched counterfactual contrast is weak; held-out effect does not replicate,2,LLMStress
null,FullVerifier,weak validation effect; not significant after FDR correction; matched counterfactual contrast is weak; held-out effect does not replicate,2,LLMStress
null,FullVerifier,weak validation effect; not significant after FDR correction; matched counterfactual contrast is weak; held-out effect does not replicate,2,LLMStress
confounded,FullVerifier,weak validation effect; not significant after FDR correction; matched counterfactual contrast is weak; held-out effect does not replicate,2,LLMStress
null,FullVerifier,weak validation effect; not significant after FDR correction; matched counterfactual contrast is weak; held-out effect does not replicate,2,LLMStress
null,FullVerifier,weak validation effect; not significant after FDR correction; matched counterfactual contrast is weak; held-out effect does not replicate,2,LLMStress
null,FullVerifier,weak validation effect; not significant after FDR correction; matched counterfactual contrast is weak; held-out effect does not replicate,2,LLMStress
null,FullVerifier,weak validation effect; not significant after FDR correction; matched counterfactual contrast is weak; held-out effect does not replicate,2,LLMStress
null,FullVerifier,weak validation effect; not significant after FDR correction; matched counterfactual contrast is weak; held-out effect does not replicate,2,LLMStress
null,FullVerifier,weak validation effect; not significant after FDR correction; matched counterfactual contrast is weak; held-out effect does not replicate,2,LLMStress
null,FullVerifier,weak validation effect; not significant after FDR correction; matched counterfactual contrast is weak; held-out effect does not replicate,2,LLMStress
null,FullVerifier,weak validation effect; not significant after FDR correction; matched counterfactual contrast is weak; held-out effect does not replicate,2,LLMStress
null,FullVerifier,weak validation effect; not significant after FDR correction; matched counterfactual contrast is weak; held-out effect does not replicate,2,LLMStress
null,FullVerifier,weak validation effect; not significant after FDR correction; matched counterfactual contrast is weak; held-out effect does not replicate,2,LLMStress
null,FullVerifier,weak validation effect; not significant after FDR correction; matched counterfactual contrast is weak; held-out effect does not replicate,2,LLMStress
null,FullVerifier,weak validation effect; not significant after FDR correction; matched counterfactual contrast is weak; held-out effect does not replicate,2,LLMStress
null,FullVerifier,weak validation effect; not significant after FDR correction; matched counterfactual contrast is weak; held-out effect does not replicate,2,LLMStress
null,FullVerifier,weak validation effect; not significant after FDR correction; matched counterfactual contrast is weak; held-out effect does not replicate,2,LLMStress
null,FullVerifier,weak validation effect; not significant after FDR correction; matched counterfactual contrast is weak; held-out effect does not replicate,2,LLMStress
null,FullVerifier,weak validation effect; not significant after FDR correction; matched counterfactual contrast is weak; held-out effect does not replicate,2,LLMStress
null,FullVerifier,weak validation effect; not significant after FDR correction; matched counterfactual contrast is weak; held-out effect does not replicate,2,LLMStress
null,FullVerifier,weak validation effect; not significant after FDR correction; matched counterfactual contrast is weak; held-out effect does not replicate,2,LLMStress
null,FullVerifier,weak validation effect; not significant after FDR correction; matched counterfactual contrast is weak; held-out effect does not replicate,2,LLMStress
null,FullVerifier,weak validation effect; not significant after FDR correction; matched counterfactual contrast is weak; held-out effect does not replicate,2,LLMStress
null,FullVerifier,weak validation effect; not significant after FDR correction; matched counterfactual contrast is weak; held-out effect does not replicate,2,LLMStress
null,FullVerifier,weak validation effect; not significant after FDR correction; matched counterfactual contrast is weak; held-out effect does not replicate,2,LLMStress
null,FullVerifier,weak validation effect; not significant after FDR correction; matched counterfactual contrast is weak; held-out effect does not replicate,2,LLMStress
null,FullVerifier,weak validation effect; not significant after FDR correction; matched counterfactual contrast is weak; held-out effect does not replicate,2,LLMStress
null,FullVerifier,weak validation effect; not significant after FDR correction; matched counterfactual contrast is weak; held-out effect does not replicate,2,LLMStress
null,FullVerifier,weak validation effect; not significant after FDR correction; matched counterfactual contrast is weak; held-out effect does not replicate,2,LLMStress
null,FullVerifier,weak validation effect; not significant after FDR correction; matched counterfactual contrast is weak; held-out effect does not replicate,2,LLMStress
null,FullVerifier,weak validation effect; not significant after FDR correction; matched counterfactual contrast is weak; held-out effect does not replicate,2,LLMStress
null,FullVerifier,weak validation effect; not significant after FDR correction; matched counterfactual contrast is weak; held-out effect does not replicate,2,LLMStress
null,FullVerifier,weak validation effect; not significant after FDR correction; matched counterfactual contrast is weak; held-out effect does not replicate,2,LLMStress
null,FullVerifier,weak validation effect; not significant after FDR correction; matched counterfactual contrast is weak; held-out effect does not replicate,2,LLMStress
null,FullVerifier,weak validation effect; not significant after FDR correction; matched counterfactual contrast is weak; held-out effect does not replicate,2,LLMStress
null,FullVerifier,weak validation effect; not significant after FDR correction; matched counterfactual contrast is weak; held-out effect does not replicate,2,LLMStress
null,FullVerifier,weak validation effect; not significant after FDR correction; matched counterfactual contrast is weak; held-out effect does not replicate,2,LLMStress
null,FullVerifier,weak validation effect; not significant after FDR correction; matched counterfactual contrast is weak,2,LLMStress
null,FullVerifier,weak validation effect; not significant after FDR correction; matched counterfactual contrast is weak,2,LLMStress
null,FullVerifier,weak validation effect; not significant after FDR correction; matched counterfactual contrast is weak; held-out effect does not replicate,2,LLMStress
null,FullVerifier,weak validation effect; not significant after FDR correction; matched counterfactual contrast is weak; held-out effect does not replicate,2,LLMStress
uncompiled,FullVerifier,unknown feature x999,2,LLMStress
uncompiled,FullVerifier,hypothesis must contain an IF ... THEN ... structure,2,LLMStress
shifted,StatisticalFilter,insufficient support,2,ExhaustiveRules
rare,StatisticalFilter,insufficient support,2,ExhaustiveRules
rare,StatisticalFilter,insufficient support,2,ExhaustiveRules
rare,StatisticalFilter,insufficient support,2,ExhaustiveRules
rare,StatisticalFilter,insufficient support,2,ExhaustiveRules
rare,StatisticalFilter,insufficient support,2,ExhaustiveRules
rare,StatisticalFilter,insufficient support,2,ExhaustiveRules
shifted,StatisticalFilter,insufficient support,2,ExhaustiveRules
rare,StatisticalFilter,insufficient support,2,ExhaustiveRules
rare,StatisticalFilter,insufficient support,2,ExhaustiveRules
confounded,StatisticalFilter,weak validation effect; not significant after FDR correction,2,ExhaustiveRules
null,StatisticalFilter,weak validation effect; not significant after FDR correction,2,ExhaustiveRules
confounded,StatisticalFilter,weak validation effect; not significant after FDR correction,2,ExhaustiveRules
confounded,StatisticalFilter,weak validation effect; not significant after FDR correction,2,ExhaustiveRules
confounded,StatisticalFilter,weak validation effect; not significant after FDR correction,2,ExhaustiveRules
shifted,StatisticalFilter,weak validation effect; not significant after FDR correction,2,ExhaustiveRules
shifted,StatisticalFilter,weak validation effect; not significant after FDR correction,2,ExhaustiveRules
shifted,StatisticalFilter,weak validation effect; not significant after FDR correction,2,ExhaustiveRules
shifted,StatisticalFilter,weak validation effect; not significant after FDR correction,2,ExhaustiveRules
shifted,StatisticalFilter,weak validation effect; not significant after FDR correction,2,ExhaustiveRules
shifted,StatisticalFilter,insufficient support; weak validation effect; not significant after FDR correction,2,ExhaustiveRules
true,StatisticalFilter,weak validation effect; not significant after FDR correction,2,ExhaustiveRules
shifted,StatisticalFilter,weak validation effect; not significant after FDR correction,2,ExhaustiveRules
rare,StatisticalFilter,insufficient support; weak validation effect; not significant after FDR correction,2,ExhaustiveRules
rare,StatisticalFilter,insufficient support; weak validation effect; not significant after FDR correction,2,ExhaustiveRules
redundant,StatisticalFilter,weak validation effect; not significant after FDR correction,2,ExhaustiveRules
redundant,StatisticalFilter,weak validation effect; not significant after FDR correction,2,ExhaustiveRules
rare,StatisticalFilter,insufficient support; weak validation effect; not significant after FDR correction,2,ExhaustiveRules
rare,StatisticalFilter,insufficient support; weak validation effect; not significant after FDR correction,2,ExhaustiveRules
shifted,StatisticalFilter,weak validation effect; not significant after FDR correction,2,ExhaustiveRules
rare,StatisticalFilter,insufficient support; weak validation effect; not significant after FDR correction,2,ExhaustiveRules
rare,StatisticalFilter,insufficient support; weak validation effect; not significant after FDR correction,2,ExhaustiveRules
redundant,StatisticalFilter,weak validation effect; not significant after FDR correction,2,ExhaustiveRules
shifted,StatisticalFilter,insufficient support; weak validation effect; not significant after FDR correction,2,ExhaustiveRules
rare,StatisticalFilter,insufficient support; weak validation effect; not significant after FDR correction,2,ExhaustiveRules
shifted,StatisticalFilter,weak validation effect; not significant after FDR correction,2,ExhaustiveRules
shifted,StatisticalFilter,weak validation effect; not significant after FDR correction,2,ExhaustiveRules
rare,StatisticalFilter,insufficient support; weak validation effect; not significant after FDR correction,2,ExhaustiveRules
shifted,StatisticalFilter,weak validation effect; not significant after FDR correction,2,ExhaustiveRules
shifted,StatisticalFilter,weak validation effect; not significant after FDR correction,2,ExhaustiveRules
true,StatisticalFilter,weak validation effect; not significant after FDR correction,2,ExhaustiveRules
shifted,StatisticalFilter,weak validation effect; not significant after FDR correction,2,ExhaustiveRules
true,StatisticalFilter,weak validation effect; not significant after FDR correction,2,ExhaustiveRules
redundant,StatisticalFilter,weak validation effect; not significant after FDR correction,2,ExhaustiveRules
shifted,StatisticalFilter,weak validation effect; not significant after FDR correction,2,ExhaustiveRules
redundant,StatisticalFilter,weak validation effect; not significant after FDR correction,2,ExhaustiveRules
redundant,StatisticalFilter,weak validation effect; not significant after FDR correction,2,ExhaustiveRules
confounded,StatisticalFilter,weak validation effect; not significant after FDR correction,2,ExhaustiveRules
redundant,StatisticalFilter,weak validation effect; not significant after FDR correction,2,ExhaustiveRules
redundant,StatisticalFilter,weak validation effect; not significant after FDR correction,2,ExhaustiveRules
confounded,StatisticalFilter,weak validation effect; not significant after FDR correction,2,ExhaustiveRules
null,StatisticalFilter,weak validation effect; not significant after FDR correction,2,ExhaustiveRules
confounded,StatisticalFilter,weak validation effect; not significant after FDR correction,2,ExhaustiveRules
null,StatisticalFilter,weak validation effect; not significant after FDR correction,2,ExhaustiveRules
redundant,StatisticalFilter,weak validation effect; not significant after FDR correction,2,ExhaustiveRules
confounded,StatisticalFilter,weak validation effect; not significant after FDR correction,2,ExhaustiveRules
redundant,StatisticalFilter,weak validation effect; not significant after FDR correction,2,ExhaustiveRules
redundant,StatisticalFilter,weak validation effect; not significant after FDR correction,2,ExhaustiveRules
redundant,StatisticalFilter,weak validation effect; not significant after FDR correction,2,ExhaustiveRules
shifted,StatisticalFilter,weak validation effect; not significant after FDR correction,2,ExhaustiveRules
shifted,StatisticalFilter,weak validation effect; not significant after FDR correction,2,ExhaustiveRules
redundant,StatisticalFilter,weak validation effect; not significant after FDR correction,2,ExhaustiveRules
shifted,StatisticalFilter,weak validation effect; not significant after FDR correction,2,ExhaustiveRules
shifted,StatisticalFilter,weak validation effect; not significant after FDR correction,2,ExhaustiveRules
confounded,StatisticalFilter,weak validation effect; not significant after FDR correction,2,ExhaustiveRules
confounded,StatisticalFilter,weak validation effect; not significant after FDR correction,2,ExhaustiveRules
confounded,StatisticalFilter,weak validation effect; not significant after FDR correction,2,ExhaustiveRules
confounded,StatisticalFilter,weak validation effect; not significant after FDR correction,2,ExhaustiveRules
null,StatisticalFilter,weak validation effect; not significant after FDR correction,2,ExhaustiveRules
confounded,StatisticalFilter,weak validation effect; not significant after FDR correction,2,ExhaustiveRules
confounded,StatisticalFilter,weak validation effect; not significant after FDR correction,2,ExhaustiveRules
shifted,FullVerifier,held-out effect does not replicate,2,ExhaustiveRules
shifted,FullVerifier,held-out effect does not replicate,2,ExhaustiveRules
shifted,FullVerifier,held-out effect does not replicate,2,ExhaustiveRules
shifted,FullVerifier,held-out effect does not replicate,2,ExhaustiveRules
shifted,FullVerifier,held-out effect does not replicate,2,ExhaustiveRules
shifted,FullVerifier,insufficient support,2,ExhaustiveRules
shifted,FullVerifier,held-out effect does not replicate,2,ExhaustiveRules
rare,FullVerifier,insufficient support,2,ExhaustiveRules
rare,FullVerifier,insufficient support,2,ExhaustiveRules
rare,FullVerifier,insufficient support,2,ExhaustiveRules
rare,FullVerifier,insufficient support,2,ExhaustiveRules
shifted,FullVerifier,held-out effect does not replicate,2,ExhaustiveRules
rare,FullVerifier,insufficient support,2,ExhaustiveRules
rare,FullVerifier,insufficient support,2,ExhaustiveRules
redundant,FullVerifier,matched counterfactual contrast is weak,2,ExhaustiveRules
shifted,FullVerifier,insufficient support,2,ExhaustiveRules
rare,FullVerifier,insufficient support,2,ExhaustiveRules
shifted,FullVerifier,held-out effect does not replicate,2,ExhaustiveRules
shifted,FullVerifier,held-out effect does not replicate,2,ExhaustiveRules
rare,FullVerifier,insufficient support,2,ExhaustiveRules
shifted,FullVerifier,held-out effect does not replicate,2,ExhaustiveRules
shifted,FullVerifier,held-out effect does not replicate,2,ExhaustiveRules
shifted,FullVerifier,held-out effect does not replicate,2,ExhaustiveRules
shifted,FullVerifier,held-out effect does not replicate,2,ExhaustiveRules
redundant,FullVerifier,matched counterfactual contrast is weak,2,ExhaustiveRules
redundant,FullVerifier,matched counterfactual contrast is weak,2,ExhaustiveRules
redundant,FullVerifier,matched counterfactual contrast is weak,2,ExhaustiveRules
redundant,FullVerifier,matched counterfactual contrast is weak,2,ExhaustiveRules
redundant,FullVerifier,matched counterfactual contrast is weak,2,ExhaustiveRules
redundant,FullVerifier,matched counterfactual contrast is weak,2,ExhaustiveRules
shifted,FullVerifier,held-out effect does not replicate,2,ExhaustiveRules
shifted,FullVerifier,held-out effect does not replicate,2,ExhaustiveRules
redundant,FullVerifier,matched counterfactual contrast is weak,2,ExhaustiveRules
shifted,FullVerifier,held-out effect does not replicate,2,ExhaustiveRules
shifted,FullVerifier,held-out effect does not replicate,2,ExhaustiveRules
confounded,FullVerifier,weak validation effect; not significant after FDR correction; matched counterfactual contrast is weak; held-out effect does not replicate,2,ExhaustiveRules
null,FullVerifier,weak validation effect; not significant after FDR correction; matched counterfactual contrast is weak; held-out effect does not replicate,2,ExhaustiveRules
confounded,FullVerifier,weak validation effect; not significant after FDR correction; matched counterfactual contrast is weak; held-out effect does not replicate,2,ExhaustiveRules
confounded,FullVerifier,weak validation effect; not significant after FDR correction; matched counterfactual contrast is weak,2,ExhaustiveRules
confounded,FullVerifier,weak validation effect; not significant after FDR correction; matched counterfactual contrast is weak; held-out effect does not replicate,2,ExhaustiveRules
shifted,FullVerifier,weak validation effect; not significant after FDR correction; matched counterfactual contrast is weak,2,ExhaustiveRules
shifted,FullVerifier,weak validation effect; not significant after FDR correction; matched counterfactual contrast is weak,2,ExhaustiveRules
shifted,FullVerifier,weak validation effect; not significant after FDR correction; matched counterfactual contrast is weak,2,ExhaustiveRules
shifted,FullVerifier,weak validation effect; not significant after FDR correction; matched counterfactual contrast is weak,2,ExhaustiveRules
shifted,FullVerifier,weak validation effect; not significant after FDR correction; matched counterfactual contrast is weak,2,ExhaustiveRules
shifted,FullVerifier,insufficient support; weak validation effect; not significant after FDR correction; matched counterfactual contrast is weak; held-out effect does not replicate,2,ExhaustiveRules
true,FullVerifier,weak validation effect; not significant after FDR correction; matched counterfactual contrast is weak; held-out effect does not replicate,2,ExhaustiveRules
shifted,FullVerifier,weak validation effect; not significant after FDR correction; matched counterfactual contrast is weak,2,ExhaustiveRules
rare,FullVerifier,insufficient support; weak validation effect; not significant after FDR correction; matched counterfactual contrast is weak; held-out effect does not replicate,2,ExhaustiveRules
rare,FullVerifier,insufficient support; weak validation effect; not significant after FDR correction; matched counterfactual contrast is weak; held-out effect does not replicate,2,ExhaustiveRules
redundant,FullVerifier,weak validation effect; not significant after FDR correction; matched counterfactual contrast is weak; held-out effect does not replicate,2,ExhaustiveRules
redundant,FullVerifier,weak validation effect; not significant after FDR correction; matched counterfactual contrast is weak; held-out effect does not replicate,2,ExhaustiveRules
rare,FullVerifier,insufficient support; weak validation effect; not significant after FDR correction; matched counterfactual contrast is weak; held-out effect does not replicate,2,ExhaustiveRules
rare,FullVerifier,insufficient support; weak validation effect; not significant after FDR correction; matched counterfactual contrast is weak; held-out effect does not replicate,2,ExhaustiveRules
shifted,FullVerifier,weak validation effect; not significant after FDR correction; matched counterfactual contrast is weak,2,ExhaustiveRules
rare,FullVerifier,insufficient support; weak validation effect; not significant after FDR correction; matched counterfactual contrast is weak; held-out effect does not replicate,2,ExhaustiveRules
rare,FullVerifier,insufficient support; weak validation effect; not significant after FDR correction; matched counterfactual contrast is weak; held-out effect does not replicate,2,ExhaustiveRules
redundant,FullVerifier,weak validation effect; not significant after FDR correction; matched counterfactual contrast is weak; held-out effect does not replicate,2,ExhaustiveRules
shifted,FullVerifier,insufficient support; weak validation effect; not significant after FDR correction; matched counterfactual contrast is weak; held-out effect does not replicate,2,ExhaustiveRules
rare,FullVerifier,insufficient support; weak validation effect; not significant after FDR correction; matched counterfactual contrast is weak; held-out effect does not replicate,2,ExhaustiveRules
shifted,FullVerifier,weak validation effect; not significant after FDR correction; matched counterfactual contrast is weak,2,ExhaustiveRules
shifted,FullVerifier,weak validation effect; not significant after FDR correction; matched counterfactual contrast is weak,2,ExhaustiveRules
rare,FullVerifier,insufficient support; weak validation effect; not significant after FDR correction; matched counterfactual contrast is weak; held-out effect does not replicate,2,ExhaustiveRules
shifted,FullVerifier,weak validation effect; not significant after FDR correction; matched counterfactual contrast is weak,2,ExhaustiveRules
shifted,FullVerifier,weak validation effect; not significant after FDR correction; matched counterfactual contrast is weak,2,ExhaustiveRules
true,FullVerifier,weak validation effect; not significant after FDR correction; matched counterfactual contrast is weak; held-out effect does not replicate,2,ExhaustiveRules
shifted,FullVerifier,weak validation effect; not significant after FDR correction; matched counterfactual contrast is weak,2,ExhaustiveRules
true,FullVerifier,weak validation effect; not significant after FDR correction; matched counterfactual contrast is weak; held-out effect does not replicate,2,ExhaustiveRules
redundant,FullVerifier,weak validation effect; not significant after FDR correction; matched counterfactual contrast is weak; held-out effect does not replicate,2,ExhaustiveRules
shifted,FullVerifier,weak validation effect; not significant after FDR correction; matched counterfactual contrast is weak,2,ExhaustiveRules
redundant,FullVerifier,weak validation effect; not significant after FDR correction; held-out effect does not replicate,2,ExhaustiveRules
redundant,FullVerifier,weak validation effect; not significant after FDR correction; matched counterfactual contrast is weak; held-out effect does not replicate,2,ExhaustiveRules
confounded,FullVerifier,weak validation effect; not significant after FDR correction; matched counterfactual contrast is weak; held-out effect does not replicate,2,ExhaustiveRules
redundant,FullVerifier,weak validation effect; not significant after FDR correction; matched counterfactual contrast is weak; held-out effect does not replicate,2,ExhaustiveRules
redundant,FullVerifier,weak validation effect; not significant after FDR correction; matched counterfactual contrast is weak; held-out effect does not replicate,2,ExhaustiveRules
confounded,FullVerifier,weak validation effect; not significant after FDR correction; matched counterfactual contrast is weak; held-out effect does not replicate,2,ExhaustiveRules
null,FullVerifier,weak validation effect; not significant after FDR correction; matched counterfactual contrast is weak; held-out effect does not replicate,2,ExhaustiveRules
confounded,FullVerifier,weak validation effect; not significant after FDR correction; matched counterfactual contrast is weak; held-out effect does not replicate,2,ExhaustiveRules
null,FullVerifier,weak validation effect; not significant after FDR correction; matched counterfactual contrast is weak; held-out effect does not replicate,2,ExhaustiveRules
redundant,FullVerifier,weak validation effect; not significant after FDR correction; matched counterfactual contrast is weak; held-out effect does not replicate,2,ExhaustiveRules
confounded,FullVerifier,weak validation effect; not significant after FDR correction; matched counterfactual contrast is weak; held-out effect does not replicate,2,ExhaustiveRules
redundant,FullVerifier,weak validation effect; not significant after FDR correction; matched counterfactual contrast is weak; held-out effect does not replicate,2,ExhaustiveRules
redundant,FullVerifier,weak validation effect; not significant after FDR correction; matched counterfactual contrast is weak; held-out effect does not replicate,2,ExhaustiveRules
redundant,FullVerifier,weak validation effect; not significant after FDR correction; matched counterfactual contrast is weak; held-out effect does not replicate,2,ExhaustiveRules
shifted,FullVerifier,weak validation effect; not significant after FDR correction; matched counterfactual contrast is weak,2,ExhaustiveRules
shifted,FullVerifier,weak validation effect; not significant after FDR correction; matched counterfactual contrast is weak,2,ExhaustiveRules
redundant,FullVerifier,weak validation effect; not significant after FDR correction; held-out effect does not replicate,2,ExhaustiveRules
shifted,FullVerifier,weak validation effect; not significant after FDR correction; matched counterfactual contrast is weak,2,ExhaustiveRules
shifted,FullVerifier,weak validation effect; not significant after FDR correction; matched counterfactual contrast is weak,2,ExhaustiveRules
confounded,FullVerifier,weak validation effect; not significant after FDR correction; matched counterfactual contrast is weak; held-out effect does not replicate,2,ExhaustiveRules
confounded,FullVerifier,weak validation effect; not significant after FDR correction; matched counterfactual contrast is weak,2,ExhaustiveRules
confounded,FullVerifier,weak validation effect; not significant after FDR correction; matched counterfactual contrast is weak; held-out effect does not replicate,2,ExhaustiveRules
confounded,FullVerifier,weak validation effect; not significant after FDR correction; matched counterfactual contrast is weak; held-out effect does not replicate,2,ExhaustiveRules
null,FullVerifier,weak validation effect; not significant after FDR correction; matched counterfactual contrast is weak; held-out effect does not replicate,2,ExhaustiveRules
confounded,FullVerifier,weak validation effect; not significant after FDR correction; matched counterfactual contrast is weak; held-out effect does not replicate,2,ExhaustiveRules
confounded,FullVerifier,weak validation effect; not significant after FDR correction; matched counterfactual contrast is weak; held-out effect does not replicate,2,ExhaustiveRules
uncompiled,LLMOnly,unknown feature x999,3,LLMStress
uncompiled,LLMOnly,hypothesis must contain an IF ... THEN ... structure,3,LLMStress
shifted,StatisticalFilter,not significant after FDR correction,3,LLMStress
true,StatisticalFilter,not significant after FDR correction,3,LLMStress
rare,StatisticalFilter,insufficient support; not significant after FDR correction,3,LLMStress
redundant,StatisticalFilter,not significant after FDR correction,3,LLMStress
shifted,StatisticalFilter,not significant after FDR correction,3,LLMStress
true,StatisticalFilter,not significant after FDR correction,3,LLMStress
redundant,StatisticalFilter,not significant after FDR correction,3,LLMStress
true,StatisticalFilter,not significant after FDR correction,3,LLMStress
redundant,StatisticalFilter,not significant after FDR correction,3,LLMStress
null,StatisticalFilter,not significant after FDR correction,3,LLMStress
null,StatisticalFilter,not significant after FDR correction,3,LLMStress
null,StatisticalFilter,not significant after FDR correction,3,LLMStress
null,StatisticalFilter,not significant after FDR correction,3,LLMStress
null,StatisticalFilter,not significant after FDR correction,3,LLMStress
null,StatisticalFilter,not significant after FDR correction,3,LLMStress
confounded,StatisticalFilter,not significant after FDR correction,3,LLMStress
null,StatisticalFilter,weak validation effect; not significant after FDR correction,3,LLMStress
null,StatisticalFilter,weak validation effect; not significant after FDR correction,3,LLMStress
null,StatisticalFilter,not significant after FDR correction,3,LLMStress
null,StatisticalFilter,not significant after FDR correction,3,LLMStress
null,StatisticalFilter,weak validation effect; not significant after FDR correction,3,LLMStress
null,StatisticalFilter,weak validation effect; not significant after FDR correction,3,LLMStress
null,StatisticalFilter,weak validation effect; not significant after FDR correction,3,LLMStress
null,StatisticalFilter,weak validation effect; not significant after FDR correction,3,LLMStress
null,StatisticalFilter,weak validation effect; not significant after FDR correction,3,LLMStress
null,StatisticalFilter,weak validation effect; not significant after FDR correction,3,LLMStress
null,StatisticalFilter,weak validation effect; not significant after FDR correction,3,LLMStress
null,StatisticalFilter,weak validation effect; not significant after FDR correction,3,LLMStress
null,StatisticalFilter,weak validation effect; not significant after FDR correction,3,LLMStress
null,StatisticalFilter,weak validation effect; not significant after FDR correction,3,LLMStress
null,StatisticalFilter,weak validation effect; not significant after FDR correction,3,LLMStress
null,StatisticalFilter,weak validation effect; not significant after FDR correction,3,LLMStress
null,StatisticalFilter,weak validation effect; not significant after FDR correction,3,LLMStress
null,StatisticalFilter,weak validation effect; not significant after FDR correction,3,LLMStress
null,StatisticalFilter,weak validation effect; not significant after FDR correction,3,LLMStress
null,StatisticalFilter,weak validation effect; not significant after FDR correction,3,LLMStress
null,StatisticalFilter,weak validation effect; not significant after FDR correction,3,LLMStress
null,StatisticalFilter,weak validation effect; not significant after FDR correction,3,LLMStress
null,StatisticalFilter,weak validation effect; not significant after FDR correction,3,LLMStress
null,StatisticalFilter,weak validation effect; not significant after FDR correction,3,LLMStress
null,StatisticalFilter,weak validation effect; not significant after FDR correction,3,LLMStress
null,StatisticalFilter,weak validation effect; not significant after FDR correction,3,LLMStress
null,StatisticalFilter,weak validation effect; not significant after FDR correction,3,LLMStress
null,StatisticalFilter,weak validation effect; not significant after FDR correction,3,LLMStress
null,StatisticalFilter,weak validation effect; not significant after FDR correction,3,LLMStress
null,StatisticalFilter,weak validation effect; not significant after FDR correction,3,LLMStress
null,StatisticalFilter,weak validation effect; not significant after FDR correction,3,LLMStress
null,StatisticalFilter,weak validation effect; not significant after FDR correction,3,LLMStress
null,StatisticalFilter,weak validation effect; not significant after FDR correction,3,LLMStress
null,StatisticalFilter,weak validation effect; not significant after FDR correction,3,LLMStress
null,StatisticalFilter,weak validation effect; not significant after FDR correction,3,LLMStress
null,StatisticalFilter,weak validation effect; not significant after FDR correction,3,LLMStress
null,StatisticalFilter,weak validation effect; not significant after FDR correction,3,LLMStress
null,StatisticalFilter,weak validation effect; not significant after FDR correction,3,LLMStress
null,StatisticalFilter,weak validation effect; not significant after FDR correction,3,LLMStress
null,StatisticalFilter,weak validation effect; not significant after FDR correction,3,LLMStress
null,StatisticalFilter,weak validation effect; not significant after FDR correction,3,LLMStress
null,StatisticalFilter,weak validation effect; not significant after FDR correction,3,LLMStress
null,StatisticalFilter,weak validation effect; not significant after FDR correction,3,LLMStress
null,StatisticalFilter,weak validation effect; not significant after FDR correction,3,LLMStress
null,StatisticalFilter,weak validation effect; not significant after FDR correction,3,LLMStress
confounded,StatisticalFilter,weak validation effect; not significant after FDR correction,3,LLMStress
null,StatisticalFilter,weak validation effect; not significant after FDR correction,3,LLMStress
null,StatisticalFilter,weak validation effect; not significant after FDR correction,3,LLMStress
null,StatisticalFilter,weak validation effect; not significant after FDR correction,3,LLMStress
null,StatisticalFilter,weak validation effect; not significant after FDR correction,3,LLMStress
null,StatisticalFilter,weak validation effect; not significant after FDR correction,3,LLMStress
null,StatisticalFilter,weak validation effect; not significant after FDR correction,3,LLMStress
null,StatisticalFilter,weak validation effect; not significant after FDR correction,3,LLMStress
null,StatisticalFilter,weak validation effect; not significant after FDR correction,3,LLMStress
null,StatisticalFilter,weak validation effect; not significant after FDR correction,3,LLMStress
null,StatisticalFilter,weak validation effect; not significant after FDR correction,3,LLMStress
null,StatisticalFilter,weak validation effect; not significant after FDR correction,3,LLMStress
null,StatisticalFilter,weak validation effect; not significant after FDR correction,3,LLMStress
uncompiled,StatisticalFilter,unknown feature x999,3,LLMStress
uncompiled,StatisticalFilter,hypothesis must contain an IF ... THEN ... structure,3,LLMStress
shifted,FullVerifier,not significant after FDR correction; held-out effect does not replicate,3,LLMStress
true,FullVerifier,not significant after FDR correction,3,LLMStress
rare,FullVerifier,insufficient support; not significant after FDR correction,3,LLMStress
redundant,FullVerifier,not significant after FDR correction; matched counterfactual contrast is weak,3,LLMStress
shifted,FullVerifier,not significant after FDR correction; held-out effect does not replicate,3,LLMStress
true,FullVerifier,not significant after FDR correction,3,LLMStress
redundant,FullVerifier,not significant after FDR correction; matched counterfactual contrast is weak,3,LLMStress
true,FullVerifier,not significant after FDR correction,3,LLMStress
redundant,FullVerifier,not significant after FDR correction,3,LLMStress
null,FullVerifier,not significant after FDR correction; matched counterfactual contrast is weak; held-out effect does not replicate,3,LLMStress
null,FullVerifier,not significant after FDR correction; matched counterfactual contrast is weak; held-out effect does not replicate,3,LLMStress
null,FullVerifier,not significant after FDR correction; matched counterfactual contrast is weak; held-out effect does not replicate,3,LLMStress
null,FullVerifier,not significant after FDR correction; matched counterfactual contrast is weak; held-out effect does not replicate,3,LLMStress
null,FullVerifier,not significant after FDR correction; matched counterfactual contrast is weak; held-out effect does not replicate,3,LLMStress
null,FullVerifier,not significant after FDR correction; matched counterfactual contrast is weak; held-out effect does not replicate,3,LLMStress
confounded,FullVerifier,not significant after FDR correction; matched counterfactual contrast is weak; held-out effect does not replicate,3,LLMStress
null,FullVerifier,weak validation effect; not significant after FDR correction; held-out effect does not replicate,3,LLMStress
null,FullVerifier,weak validation effect; not significant after FDR correction; held-out effect does not replicate,3,LLMStress
null,FullVerifier,not significant after FDR correction; matched counterfactual contrast is weak; held-out effect does not replicate,3,LLMStress
null,FullVerifier,not significant after FDR correction; matched counterfactual contrast is weak; held-out effect does not replicate,3,LLMStress
null,FullVerifier,weak validation effect; not significant after FDR correction; matched counterfactual contrast is weak; held-out effect does not replicate,3,LLMStress
null,FullVerifier,weak validation effect; not significant after FDR correction; matched counterfactual contrast is weak; held-out effect does not replicate,3,LLMStress
null,FullVerifier,weak validation effect; not significant after FDR correction; matched counterfactual contrast is weak; held-out effect does not replicate,3,LLMStress
null,FullVerifier,weak validation effect; not significant after FDR correction; held-out effect does not replicate,3,LLMStress
null,FullVerifier,weak validation effect; not significant after FDR correction; held-out effect does not replicate,3,LLMStress
null,FullVerifier,weak validation effect; not significant after FDR correction; held-out effect does not replicate,3,LLMStress
null,FullVerifier,weak validation effect; not significant after FDR correction; held-out effect does not replicate,3,LLMStress
null,FullVerifier,weak validation effect; not significant after FDR correction; matched counterfactual contrast is weak; held-out effect does not replicate,3,LLMStress
null,FullVerifier,weak validation effect; not significant after FDR correction; matched counterfactual contrast is weak; held-out effect does not replicate,3,LLMStress
null,FullVerifier,weak validation effect; not significant after FDR correction; matched counterfactual contrast is weak; held-out effect does not replicate,3,LLMStress
null,FullVerifier,weak validation effect; not significant after FDR correction; matched counterfactual contrast is weak; held-out effect does not replicate,3,LLMStress
null,FullVerifier,weak validation effect; not significant after FDR correction; matched counterfactual contrast is weak; held-out effect does not replicate,3,LLMStress
null,FullVerifier,weak validation effect; not significant after FDR correction; matched counterfactual contrast is weak; held-out effect does not replicate,3,LLMStress
null,FullVerifier,weak validation effect; not significant after FDR correction; matched counterfactual contrast is weak; held-out effect does not replicate,3,LLMStress
null,FullVerifier,weak validation effect; not significant after FDR correction; matched counterfactual contrast is weak; held-out effect does not replicate,3,LLMStress
null,FullVerifier,weak validation effect; not significant after FDR correction; matched counterfactual contrast is weak; held-out effect does not replicate,3,LLMStress
null,FullVerifier,weak validation effect; not significant after FDR correction; matched counterfactual contrast is weak; held-out effect does not replicate,3,LLMStress
null,FullVerifier,weak validation effect; not significant after FDR correction; matched counterfactual contrast is weak; held-out effect does not replicate,3,LLMStress
null,FullVerifier,weak validation effect; not significant after FDR correction; matched counterfactual contrast is weak; held-out effect does not replicate,3,LLMStress
null,FullVerifier,weak validation effect; not significant after FDR correction; matched counterfactual contrast is weak; held-out effect does not replicate,3,LLMStress
null,FullVerifier,weak validation effect; not significant after FDR correction; matched counterfactual contrast is weak; held-out effect does not replicate,3,LLMStress
null,FullVerifier,weak validation effect; not significant after FDR correction; matched counterfactual contrast is weak; held-out effect does not replicate,3,LLMStress
null,FullVerifier,weak validation effect; not significant after FDR correction; matched counterfactual contrast is weak; held-out effect does not replicate,3,LLMStress
null,FullVerifier,weak validation effect; not significant after FDR correction; matched counterfactual contrast is weak; held-out effect does not replicate,3,LLMStress
null,FullVerifier,weak validation effect; not significant after FDR correction; matched counterfactual contrast is weak; held-out effect does not replicate,3,LLMStress
null,FullVerifier,weak validation effect; not significant after FDR correction; matched counterfactual contrast is weak; held-out effect does not replicate,3,LLMStress
null,FullVerifier,weak validation effect; not significant after FDR correction; matched counterfactual contrast is weak; held-out effect does not replicate,3,LLMStress
null,FullVerifier,weak validation effect; not significant after FDR correction; matched counterfactual contrast is weak; held-out effect does not replicate,3,LLMStress
null,FullVerifier,weak validation effect; not significant after FDR correction; matched counterfactual contrast is weak; held-out effect does not replicate,3,LLMStress
null,FullVerifier,weak validation effect; not significant after FDR correction; matched counterfactual contrast is weak; held-out effect does not replicate,3,LLMStress
null,FullVerifier,weak validation effect; not significant after FDR correction; matched counterfactual contrast is weak; held-out effect does not replicate,3,LLMStress
null,FullVerifier,weak validation effect; not significant after FDR correction; matched counterfactual contrast is weak; held-out effect does not replicate,3,LLMStress
null,FullVerifier,weak validation effect; not significant after FDR correction; matched counterfactual contrast is weak; held-out effect does not replicate,3,LLMStress
null,FullVerifier,weak validation effect; not significant after FDR correction; matched counterfactual contrast is weak; held-out effect does not replicate,3,LLMStress
null,FullVerifier,weak validation effect; not significant after FDR correction; matched counterfactual contrast is weak; held-out effect does not replicate,3,LLMStress
null,FullVerifier,weak validation effect; not significant after FDR correction; matched counterfactual contrast is weak; held-out effect does not replicate,3,LLMStress
null,FullVerifier,weak validation effect; not significant after FDR correction; matched counterfactual contrast is weak; held-out effect does not replicate,3,LLMStress
null,FullVerifier,weak validation effect; not significant after FDR correction; matched counterfactual contrast is weak; held-out effect does not replicate,3,LLMStress
null,FullVerifier,weak validation effect; not significant after FDR correction; matched counterfactual contrast is weak; held-out effect does not replicate,3,LLMStress
null,FullVerifier,weak validation effect; not significant after FDR correction; matched counterfactual contrast is weak; held-out effect does not replicate,3,LLMStress
null,FullVerifier,weak validation effect; not significant after FDR correction; matched counterfactual contrast is weak; held-out effect does not replicate,3,LLMStress
confounded,FullVerifier,weak validation effect; not significant after FDR correction; matched counterfactual contrast is weak; held-out effect does not replicate,3,LLMStress
null,FullVerifier,weak validation effect; not significant after FDR correction; matched counterfactual contrast is weak; held-out effect does not replicate,3,LLMStress
null,FullVerifier,weak validation effect; not significant after FDR correction; matched counterfactual contrast is weak; held-out effect does not replicate,3,LLMStress
null,FullVerifier,weak validation effect; not significant after FDR correction; matched counterfactual contrast is weak; held-out effect does not replicate,3,LLMStress
null,FullVerifier,weak validation effect; not significant after FDR correction; matched counterfactual contrast is weak; held-out effect does not replicate,3,LLMStress
null,FullVerifier,weak validation effect; not significant after FDR correction; matched counterfactual contrast is weak; held-out effect does not replicate,3,LLMStress
null,FullVerifier,weak validation effect; not significant after FDR correction; matched counterfactual contrast is weak; held-out effect does not replicate,3,LLMStress
null,FullVerifier,weak validation effect; not significant after FDR correction; matched counterfactual contrast is weak; held-out effect does not replicate,3,LLMStress
null,FullVerifier,weak validation effect; not significant after FDR correction; matched counterfactual contrast is weak; held-out effect does not replicate,3,LLMStress
null,FullVerifier,weak validation effect; not significant after FDR correction; matched counterfactual contrast is weak; held-out effect does not replicate,3,LLMStress
null,FullVerifier,weak validation effect; not significant after FDR correction; matched counterfactual contrast is weak; held-out effect does not replicate,3,LLMStress
null,FullVerifier,weak validation effect; not significant after FDR correction; matched counterfactual contrast is weak; held-out effect does not replicate,3,LLMStress
null,FullVerifier,weak validation effect; not significant after FDR correction; matched counterfactual contrast is weak; held-out effect does not replicate,3,LLMStress
uncompiled,FullVerifier,unknown feature x999,3,LLMStress
uncompiled,FullVerifier,hypothesis must contain an IF ... THEN ... structure,3,LLMStress
shifted,StatisticalFilter,insufficient support,3,ExhaustiveRules
rare,StatisticalFilter,insufficient support,3,ExhaustiveRules
rare,StatisticalFilter,insufficient support,3,ExhaustiveRules
rare,StatisticalFilter,insufficient support,3,ExhaustiveRules
shifted,StatisticalFilter,insufficient support,3,ExhaustiveRules
rare,StatisticalFilter,insufficient support,3,ExhaustiveRules
rare,StatisticalFilter,insufficient support,3,ExhaustiveRules
rare,StatisticalFilter,insufficient support,3,ExhaustiveRules
rare,StatisticalFilter,insufficient support,3,ExhaustiveRules
rare,StatisticalFilter,insufficient support,3,ExhaustiveRules
confounded,StatisticalFilter,not significant after FDR correction,3,ExhaustiveRules
confounded,StatisticalFilter,weak validation effect; not significant after FDR correction,3,ExhaustiveRules
confounded,StatisticalFilter,weak validation effect; not significant after FDR correction,3,ExhaustiveRules
shifted,StatisticalFilter,weak validation effect; not significant after FDR correction,3,ExhaustiveRules
shifted,StatisticalFilter,weak validation effect; not significant after FDR correction,3,ExhaustiveRules
shifted,StatisticalFilter,insufficient support; weak validation effect; not significant after FDR correction,3,ExhaustiveRules
rare,StatisticalFilter,insufficient support; weak validation effect; not significant after FDR correction,3,ExhaustiveRules
true,StatisticalFilter,weak validation effect; not significant after FDR correction,3,ExhaustiveRules
rare,StatisticalFilter,insufficient support; weak validation effect; not significant after FDR correction,3,ExhaustiveRules
rare,StatisticalFilter,insufficient support; weak validation effect; not significant after FDR correction,3,ExhaustiveRules
redundant,StatisticalFilter,weak validation effect; not significant after FDR correction,3,ExhaustiveRules
shifted,StatisticalFilter,insufficient support; weak validation effect; not significant after FDR correction,3,ExhaustiveRules
rare,StatisticalFilter,insufficient support; weak validation effect; not significant after FDR correction,3,ExhaustiveRules
shifted,StatisticalFilter,weak validation effect; not significant after FDR correction,3,ExhaustiveRules
redundant,StatisticalFilter,weak validation effect; not significant after FDR correction,3,ExhaustiveRules
shifted,StatisticalFilter,weak validation effect; not significant after FDR correction,3,ExhaustiveRules
shifted,StatisticalFilter,weak validation effect; not significant after FDR correction,3,ExhaustiveRules
rare,StatisticalFilter,insufficient support; weak validation effect; not significant after FDR correction,3,ExhaustiveRules
rare,StatisticalFilter,insufficient support; weak validation effect; not significant after FDR correction,3,ExhaustiveRules
rare,StatisticalFilter,insufficient support; weak validation effect; not significant after FDR correction,3,ExhaustiveRules
rare,StatisticalFilter,insufficient support; weak validation effect; not significant after FDR correction,3,ExhaustiveRules
redundant,StatisticalFilter,weak validation effect; not significant after FDR correction,3,ExhaustiveRules
shifted,StatisticalFilter,weak validation effect; not significant after FDR correction,3,ExhaustiveRules
shifted,StatisticalFilter,weak validation effect; not significant after FDR correction,3,ExhaustiveRules
true,StatisticalFilter,weak validation effect; not significant after FDR correction,3,ExhaustiveRules
redundant,StatisticalFilter,weak validation effect; not significant after FDR correction,3,ExhaustiveRules
shifted,StatisticalFilter,weak validation effect; not significant after FDR correction,3,ExhaustiveRules
redundant,StatisticalFilter,weak validation effect; not significant after FDR correction,3,ExhaustiveRules
shifted,StatisticalFilter,weak validation effect; not significant after FDR correction,3,ExhaustiveRules
true,StatisticalFilter,weak validation effect; not significant after FDR correction,3,ExhaustiveRules
shifted,StatisticalFilter,weak validation effect; not significant after FDR correction,3,ExhaustiveRules
redundant,StatisticalFilter,weak validation effect; not significant after FDR correction,3,ExhaustiveRules
shifted,StatisticalFilter,weak validation effect; not significant after FDR correction,3,ExhaustiveRules
confounded,StatisticalFilter,weak validation effect; not significant after FDR correction,3,ExhaustiveRules
shifted,StatisticalFilter,weak validation effect; not significant after FDR correction,3,ExhaustiveRules
shifted,StatisticalFilter,weak validation effect; not significant after FDR correction,3,ExhaustiveRules
confounded,StatisticalFilter,weak validation effect; not significant after FDR correction,3,ExhaustiveRules
confounded,StatisticalFilter,weak validation effect; not significant after FDR correction,3,ExhaustiveRules
null,StatisticalFilter,weak validation effect; not significant after FDR correction,3,ExhaustiveRules
redundant,StatisticalFilter,weak validation effect; not significant after FDR correction,3,ExhaustiveRules
redundant,StatisticalFilter,weak validation effect; not significant after FDR correction,3,ExhaustiveRules
null,StatisticalFilter,weak validation effect; not significant after FDR correction,3,ExhaustiveRules
redundant,StatisticalFilter,weak validation effect; not significant after FDR correction,3,ExhaustiveRules
redundant,StatisticalFilter,weak validation effect; not significant after FDR correction,3,ExhaustiveRules
shifted,StatisticalFilter,weak validation effect; not significant after FDR correction,3,ExhaustiveRules
confounded,StatisticalFilter,weak validation effect; not significant after FDR correction,3,ExhaustiveRules
redundant,StatisticalFilter,weak validation effect; not significant after FDR correction,3,ExhaustiveRules
redundant,StatisticalFilter,weak validation effect; not significant after FDR correction,3,ExhaustiveRules
shifted,StatisticalFilter,weak validation effect; not significant after FDR correction,3,ExhaustiveRules
redundant,StatisticalFilter,weak validation effect; not significant after FDR correction,3,ExhaustiveRules
shifted,StatisticalFilter,weak validation effect; not significant after FDR correction,3,ExhaustiveRules
confounded,StatisticalFilter,weak validation effect; not significant after FDR correction,3,ExhaustiveRules
confounded,StatisticalFilter,weak validation effect; not significant after FDR correction,3,ExhaustiveRules
shifted,StatisticalFilter,weak validation effect; not significant after FDR correction,3,ExhaustiveRules
confounded,StatisticalFilter,weak validation effect; not significant after FDR correction,3,ExhaustiveRules
null,StatisticalFilter,weak validation effect; not significant after FDR correction,3,ExhaustiveRules
confounded,StatisticalFilter,weak validation effect; not significant after FDR correction,3,ExhaustiveRules
confounded,StatisticalFilter,weak validation effect; not significant after FDR correction,3,ExhaustiveRules
shifted,FullVerifier,held-out effect does not replicate,3,ExhaustiveRules
shifted,FullVerifier,held-out effect does not replicate,3,ExhaustiveRules
shifted,FullVerifier,insufficient support,3,ExhaustiveRules
rare,FullVerifier,insufficient support,3,ExhaustiveRules
rare,FullVerifier,insufficient support,3,ExhaustiveRules
rare,FullVerifier,insufficient support,3,ExhaustiveRules
shifted,FullVerifier,insufficient support,3,ExhaustiveRules
rare,FullVerifier,insufficient support,3,ExhaustiveRules
shifted,FullVerifier,held-out effect does not replicate,3,ExhaustiveRules
shifted,FullVerifier,held-out effect does not replicate,3,ExhaustiveRules
shifted,FullVerifier,held-out effect does not replicate,3,ExhaustiveRules
rare,FullVerifier,insufficient support,3,ExhaustiveRules
rare,FullVerifier,insufficient support,3,ExhaustiveRules
rare,FullVerifier,insufficient support,3,ExhaustiveRules
rare,FullVerifier,insufficient support,3,ExhaustiveRules
redundant,FullVerifier,matched counterfactual contrast is weak,3,ExhaustiveRules
shifted,FullVerifier,held-out effect does not replicate,3,ExhaustiveRules
shifted,FullVerifier,held-out effect does not replicate,3,ExhaustiveRules
shifted,FullVerifier,held-out effect does not replicate,3,ExhaustiveRules
redundant,FullVerifier,matched counterfactual contrast is weak,3,ExhaustiveRules
shifted,FullVerifier,held-out effect does not replicate,3,ExhaustiveRules
shifted,FullVerifier,held-out effect does not replicate,3,ExhaustiveRules
shifted,FullVerifier,held-out effect does not replicate,3,ExhaustiveRules
shifted,FullVerifier,held-out effect does not replicate,3,ExhaustiveRules
shifted,FullVerifier,held-out effect does not replicate,3,ExhaustiveRules
redundant,FullVerifier,matched counterfactual contrast is weak,3,ExhaustiveRules
redundant,FullVerifier,matched counterfactual contrast is weak,3,ExhaustiveRules
redundant,FullVerifier,matched counterfactual contrast is weak,3,ExhaustiveRules
shifted,FullVerifier,held-out effect does not replicate,3,ExhaustiveRules
redundant,FullVerifier,matched counterfactual contrast is weak,3,ExhaustiveRules
redundant,FullVerifier,matched counterfactual contrast is weak,3,ExhaustiveRules
shifted,FullVerifier,held-out effect does not replicate,3,ExhaustiveRules
redundant,FullVerifier,matched counterfactual contrast is weak,3,ExhaustiveRules
shifted,FullVerifier,held-out effect does not replicate,3,ExhaustiveRules
confounded,FullVerifier,held-out effect does not replicate,3,ExhaustiveRules
shifted,FullVerifier,held-out effect does not replicate,3,ExhaustiveRules
null,FullVerifier,matched counterfactual contrast is weak; held-out effect does not replicate,3,ExhaustiveRules
confounded,FullVerifier,matched counterfactual contrast is weak; held-out effect does not replicate,3,ExhaustiveRules
confounded,FullVerifier,not significant after FDR correction; matched counterfactual contrast is weak; held-out effect does not replicate,3,ExhaustiveRules
confounded,FullVerifier,weak validation effect; not significant after FDR correction; matched counterfactual contrast is weak; held-out effect does not replicate,3,ExhaustiveRules
confounded,FullVerifier,weak validation effect; not significant after FDR correction; matched counterfactual contrast is weak; held-out effect does not replicate,3,ExhaustiveRules
shifted,FullVerifier,weak validation effect; not significant after FDR correction; matched counterfactual contrast is weak,3,ExhaustiveRules
shifted,FullVerifier,weak validation effect; not significant after FDR correction; matched counterfactual contrast is weak,3,ExhaustiveRules
shifted,FullVerifier,insufficient support; weak validation effect; not significant after FDR correction; matched counterfactual contrast is weak; held-out effect does not replicate,3,ExhaustiveRules
rare,FullVerifier,insufficient support; weak validation effect; not significant after FDR correction; matched counterfactual contrast is weak; held-out effect does not replicate,3,ExhaustiveRules
true,FullVerifier,weak validation effect; not significant after FDR correction; matched counterfactual contrast is weak; held-out effect does not replicate,3,ExhaustiveRules
rare,FullVerifier,insufficient support; weak validation effect; not significant after FDR correction; matched counterfactual contrast is weak; held-out effect does not replicate,3,ExhaustiveRules
rare,FullVerifier,insufficient support; weak validation effect; not significant after FDR correction; matched counterfactual contrast is weak; held-out effect does not replicate,3,ExhaustiveRules
redundant,FullVerifier,weak validation effect; not significant after FDR correction; matched counterfactual contrast is weak; held-out effect does not replicate,3,ExhaustiveRules
shifted,FullVerifier,insufficient support; weak validation effect; not significant after FDR correction; matched counterfactual contrast is weak; held-out effect does not replicate,3,ExhaustiveRules
rare,FullVerifier,insufficient support; weak validation effect; not significant after FDR correction; matched counterfactual contrast is weak; held-out effect does not replicate,3,ExhaustiveRules
shifted,FullVerifier,weak validation effect; not significant after FDR correction; matched counterfactual contrast is weak,3,ExhaustiveRules
redundant,FullVerifier,weak validation effect; not significant after FDR correction; matched counterfactual contrast is weak; held-out effect does not replicate,3,ExhaustiveRules
shifted,FullVerifier,weak validation effect; not significant after FDR correction; matched counterfactual contrast is weak,3,ExhaustiveRules
shifted,FullVerifier,weak validation effect; not significant after FDR correction; matched counterfactual contrast is weak,3,ExhaustiveRules
rare,FullVerifier,insufficient support; weak validation effect; not significant after FDR correction; matched counterfactual contrast is weak; held-out effect does not replicate,3,ExhaustiveRules
rare,FullVerifier,insufficient support; weak validation effect; not significant after FDR correction; matched counterfactual contrast is weak; held-out effect does not replicate,3,ExhaustiveRules
rare,FullVerifier,insufficient support; weak validation effect; not significant after FDR correction; matched counterfactual contrast is weak; held-out effect does not replicate,3,ExhaustiveRules
rare,FullVerifier,insufficient support; weak validation effect; not significant after FDR correction; matched counterfactual contrast is weak; held-out effect does not replicate,3,ExhaustiveRules
redundant,FullVerifier,weak validation effect; not significant after FDR correction; matched counterfactual contrast is weak; held-out effect does not replicate,3,ExhaustiveRules
shifted,FullVerifier,weak validation effect; not significant after FDR correction; matched counterfactual contrast is weak,3,ExhaustiveRules
shifted,FullVerifier,weak validation effect; not significant after FDR correction; matched counterfactual contrast is weak,3,ExhaustiveRules
true,FullVerifier,weak validation effect; not significant after FDR correction; matched counterfactual contrast is weak; held-out effect does not replicate,3,ExhaustiveRules
redundant,FullVerifier,weak validation effect; not significant after FDR correction; matched counterfactual contrast is weak; held-out effect does not replicate,3,ExhaustiveRules
shifted,FullVerifier,weak validation effect; not significant after FDR correction; matched counterfactual contrast is weak,3,ExhaustiveRules
redundant,FullVerifier,weak validation effect; not significant after FDR correction; matched counterfactual contrast is weak; held-out effect does not replicate,3,ExhaustiveRules
shifted,FullVerifier,weak validation effect; not significant after FDR correction; matched counterfactual contrast is weak,3,ExhaustiveRules
true,FullVerifier,weak validation effect; not significant after FDR correction; matched counterfactual contrast is weak; held-out effect does not replicate,3,ExhaustiveRules
shifted,FullVerifier,weak validation effect; not significant after FDR correction; matched counterfactual contrast is weak,3,ExhaustiveRules
redundant,FullVerifier,weak validation effect; not significant after FDR correction; matched counterfactual contrast is weak; held-out effect does not replicate,3,ExhaustiveRules
shifted,FullVerifier,weak validation effect; not significant after FDR correction; matched counterfactual contrast is weak,3,ExhaustiveRules
confounded,FullVerifier,weak validation effect; not significant after FDR correction; matched counterfactual contrast is weak; held-out effect does not replicate,3,ExhaustiveRules
shifted,FullVerifier,weak validation effect; not significant after FDR correction; matched counterfactual contrast is weak,3,ExhaustiveRules
shifted,FullVerifier,weak validation effect; not significant after FDR correction; matched counterfactual contrast is weak,3,ExhaustiveRules
confounded,FullVerifier,weak validation effect; not significant after FDR correction; matched counterfactual contrast is weak; held-out effect does not replicate,3,ExhaustiveRules
confounded,FullVerifier,weak validation effect; not significant after FDR correction; matched counterfactual contrast is weak; held-out effect does not replicate,3,ExhaustiveRules
null,FullVerifier,weak validation effect; not significant after FDR correction; matched counterfactual contrast is weak; held-out effect does not replicate,3,ExhaustiveRules
redundant,FullVerifier,weak validation effect; not significant after FDR correction; held-out effect does not replicate,3,ExhaustiveRules
redundant,FullVerifier,weak validation effect; not significant after FDR correction; matched counterfactual contrast is weak; held-out effect does not replicate,3,ExhaustiveRules
null,FullVerifier,weak validation effect; not significant after FDR correction; matched counterfactual contrast is weak; held-out effect does not replicate,3,ExhaustiveRules
redundant,FullVerifier,weak validation effect; not significant after FDR correction; matched counterfactual contrast is weak; held-out effect does not replicate,3,ExhaustiveRules
redundant,FullVerifier,weak validation effect; not significant after FDR correction; matched counterfactual contrast is weak; held-out effect does not replicate,3,ExhaustiveRules
shifted,FullVerifier,weak validation effect; not significant after FDR correction; matched counterfactual contrast is weak,3,ExhaustiveRules
confounded,FullVerifier,weak validation effect; not significant after FDR correction; matched counterfactual contrast is weak; held-out effect does not replicate,3,ExhaustiveRules
redundant,FullVerifier,weak validation effect; not significant after FDR correction; matched counterfactual contrast is weak; held-out effect does not replicate,3,ExhaustiveRules
redundant,FullVerifier,weak validation effect; not significant after FDR correction; matched counterfactual contrast is weak; held-out effect does not replicate,3,ExhaustiveRules
shifted,FullVerifier,weak validation effect; not significant after FDR correction; matched counterfactual contrast is weak,3,ExhaustiveRules
redundant,FullVerifier,weak validation effect; not significant after FDR correction; matched counterfactual contrast is weak; held-out effect does not replicate,3,ExhaustiveRules
shifted,FullVerifier,weak validation effect; not significant after FDR correction; matched counterfactual contrast is weak; held-out effect does not replicate,3,ExhaustiveRules
confounded,FullVerifier,weak validation effect; not significant after FDR correction; matched counterfactual contrast is weak; held-out effect does not replicate,3,ExhaustiveRules
confounded,FullVerifier,weak validation effect; not significant after FDR correction; matched counterfactual contrast is weak; held-out effect does not replicate,3,ExhaustiveRules
shifted,FullVerifier,weak validation effect; not significant after FDR correction; matched counterfactual contrast is weak; held-out effect does not replicate,3,ExhaustiveRules
confounded,FullVerifier,weak validation effect; not significant after FDR correction; matched counterfactual contrast is weak; held-out effect does not replicate,3,ExhaustiveRules
null,FullVerifier,weak validation effect; not significant after FDR correction; matched counterfactual contrast is weak; held-out effect does not replicate,3,ExhaustiveRules
confounded,FullVerifier,weak validation effect; not significant after FDR correction; matched counterfactual contrast is weak; held-out effect does not replicate,3,ExhaustiveRules
confounded,FullVerifier,weak validation effect; not significant after FDR correction; matched counterfactual contrast is weak; held-out effect does not replicate,3,ExhaustiveRules
uncompiled,LLMOnly,unknown feature x999,4,LLMStress
uncompiled,LLMOnly,hypothesis must contain an IF ... THEN ... structure,4,LLMStress
shifted,StatisticalFilter,not significant after FDR correction,4,LLMStress
rare,StatisticalFilter,insufficient support; not significant after FDR correction,4,LLMStress
true,StatisticalFilter,not significant after FDR correction,4,LLMStress
shifted,StatisticalFilter,not significant after FDR correction,4,LLMStress
redundant,StatisticalFilter,not significant after FDR correction,4,LLMStress
true,StatisticalFilter,not significant after FDR correction,4,LLMStress
redundant,StatisticalFilter,not significant after FDR correction,4,LLMStress
true,StatisticalFilter,not significant after FDR correction,4,LLMStress
redundant,StatisticalFilter,not significant after FDR correction,4,LLMStress
null,StatisticalFilter,weak validation effect; not significant after FDR correction,4,LLMStress
null,StatisticalFilter,weak validation effect; not significant after FDR correction,4,LLMStress
null,StatisticalFilter,weak validation effect; not significant after FDR correction,4,LLMStress
null,StatisticalFilter,weak validation effect; not significant after FDR correction,4,LLMStress
null,StatisticalFilter,weak validation effect; not significant after FDR correction,4,LLMStress
confounded,StatisticalFilter,not significant after FDR correction,4,LLMStress
null,StatisticalFilter,not significant after FDR correction,4,LLMStress
null,StatisticalFilter,not significant after FDR correction,4,LLMStress
null,StatisticalFilter,not significant after FDR correction,4,LLMStress
null,StatisticalFilter,not significant after FDR correction,4,LLMStress
null,StatisticalFilter,not significant after FDR correction,4,LLMStress
null,StatisticalFilter,not significant after FDR correction,4,LLMStress
null,StatisticalFilter,not significant after FDR correction,4,LLMStress
null,StatisticalFilter,not significant after FDR correction,4,LLMStress
null,StatisticalFilter,weak validation effect; not significant after FDR correction,4,LLMStress
null,StatisticalFilter,weak validation effect; not significant after FDR correction,4,LLMStress
null,StatisticalFilter,weak validation effect; not significant after FDR correction,4,LLMStress
null,StatisticalFilter,weak validation effect; not significant after FDR correction,4,LLMStress
null,StatisticalFilter,weak validation effect; not significant after FDR correction,4,LLMStress
null,StatisticalFilter,weak validation effect; not significant after FDR correction,4,LLMStress
null,StatisticalFilter,weak validation effect; not significant after FDR correction,4,LLMStress
confounded,StatisticalFilter,weak validation effect; not significant after FDR correction,4,LLMStress
null,StatisticalFilter,weak validation effect; not significant after FDR correction,4,LLMStress
null,StatisticalFilter,weak validation effect; not significant after FDR correction,4,LLMStress
null,StatisticalFilter,weak validation effect; not significant after FDR correction,4,LLMStress
null,StatisticalFilter,weak validation effect; not significant after FDR correction,4,LLMStress
null,StatisticalFilter,weak validation effect; not significant after FDR correction,4,LLMStress
null,StatisticalFilter,weak validation effect; not significant after FDR correction,4,LLMStress
null,StatisticalFilter,weak validation effect; not significant after FDR correction,4,LLMStress
null,StatisticalFilter,weak validation effect; not significant after FDR correction,4,LLMStress
null,StatisticalFilter,weak validation effect; not significant after FDR correction,4,LLMStress
null,StatisticalFilter,weak validation effect; not significant after FDR correction,4,LLMStress
null,StatisticalFilter,weak validation effect; not significant after FDR correction,4,LLMStress
null,StatisticalFilter,weak validation effect; not significant after FDR correction,4,LLMStress
null,StatisticalFilter,weak validation effect; not significant after FDR correction,4,LLMStress
null,StatisticalFilter,weak validation effect; not significant after FDR correction,4,LLMStress
null,StatisticalFilter,weak validation effect; not significant after FDR correction,4,LLMStress
null,StatisticalFilter,weak validation effect; not significant after FDR correction,4,LLMStress
null,StatisticalFilter,weak validation effect; not significant after FDR correction,4,LLMStress
null,StatisticalFilter,weak validation effect; not significant after FDR correction,4,LLMStress
null,StatisticalFilter,weak validation effect; not significant after FDR correction,4,LLMStress
null,StatisticalFilter,weak validation effect; not significant after FDR correction,4,LLMStress
null,StatisticalFilter,weak validation effect; not significant after FDR correction,4,LLMStress
null,StatisticalFilter,weak validation effect; not significant after FDR correction,4,LLMStress
null,StatisticalFilter,weak validation effect; not significant after FDR correction,4,LLMStress
null,StatisticalFilter,weak validation effect; not significant after FDR correction,4,LLMStress
null,StatisticalFilter,weak validation effect; not significant after FDR correction,4,LLMStress
null,StatisticalFilter,weak validation effect; not significant after FDR correction,4,LLMStress
null,StatisticalFilter,weak validation effect; not significant after FDR correction,4,LLMStress
null,StatisticalFilter,weak validation effect; not significant after FDR correction,4,LLMStress
null,StatisticalFilter,weak validation effect; not significant after FDR correction,4,LLMStress
null,StatisticalFilter,weak validation effect; not significant after FDR correction,4,LLMStress
null,StatisticalFilter,weak validation effect; not significant after FDR correction,4,LLMStress
null,StatisticalFilter,weak validation effect; not significant after FDR correction,4,LLMStress
null,StatisticalFilter,weak validation effect; not significant after FDR correction,4,LLMStress
null,StatisticalFilter,weak validation effect; not significant after FDR correction,4,LLMStress
null,StatisticalFilter,weak validation effect; not significant after FDR correction,4,LLMStress
null,StatisticalFilter,weak validation effect; not significant after FDR correction,4,LLMStress
null,StatisticalFilter,weak validation effect; not significant after FDR correction,4,LLMStress
null,StatisticalFilter,weak validation effect; not significant after FDR correction,4,LLMStress
null,StatisticalFilter,weak validation effect; not significant after FDR correction,4,LLMStress
null,StatisticalFilter,weak validation effect; not significant after FDR correction,4,LLMStress
null,StatisticalFilter,weak validation effect; not significant after FDR correction,4,LLMStress
null,StatisticalFilter,weak validation effect; not significant after FDR correction,4,LLMStress
null,StatisticalFilter,weak validation effect; not significant after FDR correction,4,LLMStress
uncompiled,StatisticalFilter,unknown feature x999,4,LLMStress
uncompiled,StatisticalFilter,hypothesis must contain an IF ... THEN ... structure,4,LLMStress
shifted,FullVerifier,not significant after FDR correction; held-out effect does not replicate,4,LLMStress
rare,FullVerifier,insufficient support; not significant after FDR correction,4,LLMStress
true,FullVerifier,not significant after FDR correction,4,LLMStress
shifted,FullVerifier,not significant after FDR correction; held-out effect does not replicate,4,LLMStress
redundant,FullVerifier,not significant after FDR correction; matched counterfactual contrast is weak,4,LLMStress
true,FullVerifier,not significant after FDR correction,4,LLMStress
redundant,FullVerifier,not significant after FDR correction; matched counterfactual contrast is weak,4,LLMStress
true,FullVerifier,not significant after FDR correction,4,LLMStress
redundant,FullVerifier,not significant after FDR correction; matched counterfactual contrast is weak,4,LLMStress
null,FullVerifier,weak validation effect; not significant after FDR correction; held-out effect does not replicate,4,LLMStress
null,FullVerifier,weak validation effect; not significant after FDR correction; held-out effect does not replicate,4,LLMStress
null,FullVerifier,weak validation effect; not significant after FDR correction; held-out effect does not replicate,4,LLMStress
null,FullVerifier,weak validation effect; not significant after FDR correction; held-out effect does not replicate,4,LLMStress
null,FullVerifier,weak validation effect; not significant after FDR correction; held-out effect does not replicate,4,LLMStress
confounded,FullVerifier,not significant after FDR correction; matched counterfactual contrast is weak; held-out effect does not replicate,4,LLMStress
null,FullVerifier,not significant after FDR correction; held-out effect does not replicate,4,LLMStress
null,FullVerifier,not significant after FDR correction; held-out effect does not replicate,4,LLMStress
null,FullVerifier,not significant after FDR correction; held-out effect does not replicate,4,LLMStress
null,FullVerifier,not significant after FDR correction; held-out effect does not replicate,4,LLMStress
null,FullVerifier,not significant after FDR correction; held-out effect does not replicate,4,LLMStress
null,FullVerifier,not significant after FDR correction; matched counterfactual contrast is weak; held-out effect does not replicate,4,LLMStress
null,FullVerifier,not significant after FDR correction; matched counterfactual contrast is weak; held-out effect does not replicate,4,LLMStress
null,FullVerifier,not significant after FDR correction; matched counterfactual contrast is weak; held-out effect does not replicate,4,LLMStress
null,FullVerifier,weak validation effect; not significant after FDR correction; matched counterfactual contrast is weak; held-out effect does not replicate,4,LLMStress
null,FullVerifier,weak validation effect; not significant after FDR correction; matched counterfactual contrast is weak; held-out effect does not replicate,4,LLMStress
null,FullVerifier,weak validation effect; not significant after FDR correction; matched counterfactual contrast is weak; held-out effect does not replicate,4,LLMStress
null,FullVerifier,weak validation effect; not significant after FDR correction; matched counterfactual contrast is weak; held-out effect does not replicate,4,LLMStress
null,FullVerifier,weak validation effect; not significant after FDR correction; matched counterfactual contrast is weak; held-out effect does not replicate,4,LLMStress
null,FullVerifier,weak validation effect; not significant after FDR correction; matched counterfactual contrast is weak; held-out effect does not replicate,4,LLMStress
null,FullVerifier,weak validation effect; not significant after FDR correction; held-out effect does not replicate,4,LLMStress
confounded,FullVerifier,weak validation effect; not significant after FDR correction; matched counterfactual contrast is weak; held-out effect does not replicate,4,LLMStress
null,FullVerifier,weak validation effect; not significant after FDR correction; matched counterfactual contrast is weak; held-out effect does not replicate,4,LLMStress
null,FullVerifier,weak validation effect; not significant after FDR correction; matched counterfactual contrast is weak; held-out effect does not replicate,4,LLMStress
null,FullVerifier,weak validation effect; not significant after FDR correction; matched counterfactual contrast is weak; held-out effect does not replicate,4,LLMStress
null,FullVerifier,weak validation effect; not significant after FDR correction; matched counterfactual contrast is weak; held-out effect does not replicate,4,LLMStress
null,FullVerifier,weak validation effect; not significant after FDR correction; matched counterfactual contrast is weak; held-out effect does not replicate,4,LLMStress
null,FullVerifier,weak validation effect; not significant after FDR correction; matched counterfactual contrast is weak; held-out effect does not replicate,4,LLMStress
null,FullVerifier,weak validation effect; not significant after FDR correction; matched counterfactual contrast is weak; held-out effect does not replicate,4,LLMStress
null,FullVerifier,weak validation effect; not significant after FDR correction; matched counterfactual contrast is weak; held-out effect does not replicate,4,LLMStress
null,FullVerifier,weak validation effect; not significant after FDR correction; matched counterfactual contrast is weak; held-out effect does not replicate,4,LLMStress
null,FullVerifier,weak validation effect; not significant after FDR correction; matched counterfactual contrast is weak; held-out effect does not replicate,4,LLMStress
null,FullVerifier,weak validation effect; not significant after FDR correction; matched counterfactual contrast is weak; held-out effect does not replicate,4,LLMStress
null,FullVerifier,weak validation effect; not significant after FDR correction; matched counterfactual contrast is weak; held-out effect does not replicate,4,LLMStress
null,FullVerifier,weak validation effect; not significant after FDR correction; matched counterfactual contrast is weak; held-out effect does not replicate,4,LLMStress
null,FullVerifier,weak validation effect; not significant after FDR correction; matched counterfactual contrast is weak; held-out effect does not replicate,4,LLMStress
null,FullVerifier,weak validation effect; not significant after FDR correction; matched counterfactual contrast is weak; held-out effect does not replicate,4,LLMStress
null,FullVerifier,weak validation effect; not significant after FDR correction; matched counterfactual contrast is weak; held-out effect does not replicate,4,LLMStress
null,FullVerifier,weak validation effect; not significant after FDR correction; matched counterfactual contrast is weak; held-out effect does not replicate,4,LLMStress
null,FullVerifier,weak validation effect; not significant after FDR correction; matched counterfactual contrast is weak; held-out effect does not replicate,4,LLMStress
null,FullVerifier,weak validation effect; not significant after FDR correction; matched counterfactual contrast is weak; held-out effect does not replicate,4,LLMStress
null,FullVerifier,weak validation effect; not significant after FDR correction; matched counterfactual contrast is weak; held-out effect does not replicate,4,LLMStress
null,FullVerifier,weak validation effect; not significant after FDR correction; matched counterfactual contrast is weak; held-out effect does not replicate,4,LLMStress
null,FullVerifier,weak validation effect; not significant after FDR correction; matched counterfactual contrast is weak; held-out effect does not replicate,4,LLMStress
null,FullVerifier,weak validation effect; not significant after FDR correction; matched counterfactual contrast is weak; held-out effect does not replicate,4,LLMStress
null,FullVerifier,weak validation effect; not significant after FDR correction; matched counterfactual contrast is weak; held-out effect does not replicate,4,LLMStress
null,FullVerifier,weak validation effect; not significant after FDR correction; matched counterfactual contrast is weak,4,LLMStress
null,FullVerifier,weak validation effect; not significant after FDR correction; matched counterfactual contrast is weak,4,LLMStress
null,FullVerifier,weak validation effect; not significant after FDR correction; matched counterfactual contrast is weak,4,LLMStress
null,FullVerifier,weak validation effect; not significant after FDR correction; matched counterfactual contrast is weak,4,LLMStress
null,FullVerifier,weak validation effect; not significant after FDR correction; matched counterfactual contrast is weak,4,LLMStress
null,FullVerifier,weak validation effect; not significant after FDR correction; matched counterfactual contrast is weak; held-out effect does not replicate,4,LLMStress
null,FullVerifier,weak validation effect; not significant after FDR correction; matched counterfactual contrast is weak; held-out effect does not replicate,4,LLMStress
null,FullVerifier,weak validation effect; not significant after FDR correction; matched counterfactual contrast is weak; held-out effect does not replicate,4,LLMStress
null,FullVerifier,weak validation effect; not significant after FDR correction; matched counterfactual contrast is weak; held-out effect does not replicate,4,LLMStress
null,FullVerifier,weak validation effect; not significant after FDR correction; matched counterfactual contrast is weak; held-out effect does not replicate,4,LLMStress
null,FullVerifier,weak validation effect; not significant after FDR correction; matched counterfactual contrast is weak; held-out effect does not replicate,4,LLMStress
null,FullVerifier,weak validation effect; not significant after FDR correction; matched counterfactual contrast is weak; held-out effect does not replicate,4,LLMStress
null,FullVerifier,weak validation effect; not significant after FDR correction; matched counterfactual contrast is weak; held-out effect does not replicate,4,LLMStress
null,FullVerifier,weak validation effect; not significant after FDR correction; matched counterfactual contrast is weak; held-out effect does not replicate,4,LLMStress
null,FullVerifier,weak validation effect; not significant after FDR correction; matched counterfactual contrast is weak; held-out effect does not replicate,4,LLMStress
null,FullVerifier,weak validation effect; not significant after FDR correction; matched counterfactual contrast is weak; held-out effect does not replicate,4,LLMStress
null,FullVerifier,weak validation effect; not significant after FDR correction; matched counterfactual contrast is weak; held-out effect does not replicate,4,LLMStress
null,FullVerifier,weak validation effect; not significant after FDR correction; matched counterfactual contrast is weak; held-out effect does not replicate,4,LLMStress
null,FullVerifier,weak validation effect; not significant after FDR correction; matched counterfactual contrast is weak; held-out effect does not replicate,4,LLMStress
uncompiled,FullVerifier,unknown feature x999,4,LLMStress
uncompiled,FullVerifier,hypothesis must contain an IF ... THEN ... structure,4,LLMStress
rare,StatisticalFilter,insufficient support,4,ExhaustiveRules
shifted,StatisticalFilter,insufficient support,4,ExhaustiveRules
rare,StatisticalFilter,insufficient support,4,ExhaustiveRules
shifted,StatisticalFilter,insufficient support,4,ExhaustiveRules
rare,StatisticalFilter,insufficient support,4,ExhaustiveRules
rare,StatisticalFilter,insufficient support,4,ExhaustiveRules
rare,StatisticalFilter,insufficient support,4,ExhaustiveRules
rare,StatisticalFilter,insufficient support,4,ExhaustiveRules
rare,StatisticalFilter,insufficient support,4,ExhaustiveRules
rare,StatisticalFilter,insufficient support,4,ExhaustiveRules
confounded,StatisticalFilter,not significant after FDR correction,4,ExhaustiveRules
confounded,StatisticalFilter,weak validation effect; not significant after FDR correction,4,ExhaustiveRules
confounded,StatisticalFilter,weak validation effect; not significant after FDR correction,4,ExhaustiveRules
confounded,StatisticalFilter,weak validation effect; not significant after FDR correction,4,ExhaustiveRules
null,StatisticalFilter,weak validation effect; not significant after FDR correction,4,ExhaustiveRules
confounded,StatisticalFilter,weak validation effect; not significant after FDR correction,4,ExhaustiveRules
shifted,StatisticalFilter,weak validation effect; not significant after FDR correction,4,ExhaustiveRules
shifted,StatisticalFilter,weak validation effect; not significant after FDR correction,4,ExhaustiveRules
rare,StatisticalFilter,insufficient support; weak validation effect; not significant after FDR correction,4,ExhaustiveRules
shifted,StatisticalFilter,insufficient support; weak validation effect; not significant after FDR correction,4,ExhaustiveRules
rare,StatisticalFilter,insufficient support; weak validation effect; not significant after FDR correction,4,ExhaustiveRules
shifted,StatisticalFilter,insufficient support; weak validation effect; not significant after FDR correction,4,ExhaustiveRules
rare,StatisticalFilter,insufficient support; weak validation effect; not significant after FDR correction,4,ExhaustiveRules
rare,StatisticalFilter,insufficient support; weak validation effect; not significant after FDR correction,4,ExhaustiveRules
rare,StatisticalFilter,insufficient support; weak validation effect; not significant after FDR correction,4,ExhaustiveRules
true,StatisticalFilter,weak validation effect; not significant after FDR correction,4,ExhaustiveRules
shifted,StatisticalFilter,weak validation effect; not significant after FDR correction,4,ExhaustiveRules
shifted,StatisticalFilter,weak validation effect; not significant after FDR correction,4,ExhaustiveRules
redundant,StatisticalFilter,weak validation effect; not significant after FDR correction,4,ExhaustiveRules
shifted,StatisticalFilter,weak validation effect; not significant after FDR correction,4,ExhaustiveRules
rare,StatisticalFilter,insufficient support; weak validation effect; not significant after FDR correction,4,ExhaustiveRules
redundant,StatisticalFilter,weak validation effect; not significant after FDR correction,4,ExhaustiveRules
shifted,StatisticalFilter,weak validation effect; not significant after FDR correction,4,ExhaustiveRules
rare,StatisticalFilter,insufficient support; weak validation effect; not significant after FDR correction,4,ExhaustiveRules
redundant,StatisticalFilter,weak validation effect; not significant after FDR correction,4,ExhaustiveRules
rare,StatisticalFilter,insufficient support; weak validation effect; not significant after FDR correction,4,ExhaustiveRules
shifted,StatisticalFilter,weak validation effect; not significant after FDR correction,4,ExhaustiveRules
shifted,StatisticalFilter,weak validation effect; not significant after FDR correction,4,ExhaustiveRules
true,StatisticalFilter,weak validation effect; not significant after FDR correction,4,ExhaustiveRules
shifted,StatisticalFilter,weak validation effect; not significant after FDR correction,4,ExhaustiveRules
shifted,StatisticalFilter,weak validation effect; not significant after FDR correction,4,ExhaustiveRules
redundant,StatisticalFilter,weak validation effect; not significant after FDR correction,4,ExhaustiveRules
shifted,StatisticalFilter,weak validation effect; not significant after FDR correction,4,ExhaustiveRules
redundant,StatisticalFilter,weak validation effect; not significant after FDR correction,4,ExhaustiveRules
confounded,StatisticalFilter,weak validation effect; not significant after FDR correction,4,ExhaustiveRules
shifted,StatisticalFilter,weak validation effect; not significant after FDR correction,4,ExhaustiveRules
null,StatisticalFilter,weak validation effect; not significant after FDR correction,4,ExhaustiveRules
confounded,StatisticalFilter,weak validation effect; not significant after FDR correction,4,ExhaustiveRules
shifted,StatisticalFilter,weak validation effect; not significant after FDR correction,4,ExhaustiveRules
true,StatisticalFilter,weak validation effect; not significant after FDR correction,4,ExhaustiveRules
redundant,StatisticalFilter,weak validation effect; not significant after FDR correction,4,ExhaustiveRules
redundant,StatisticalFilter,weak validation effect; not significant after FDR correction,4,ExhaustiveRules
redundant,StatisticalFilter,weak validation effect; not significant after FDR correction,4,ExhaustiveRules
redundant,StatisticalFilter,weak validation effect; not significant after FDR correction,4,ExhaustiveRules
redundant,StatisticalFilter,weak validation effect; not significant after FDR correction,4,ExhaustiveRules
confounded,StatisticalFilter,weak validation effect; not significant after FDR correction,4,ExhaustiveRules
redundant,StatisticalFilter,weak validation effect; not significant after FDR correction,4,ExhaustiveRules
shifted,StatisticalFilter,weak validation effect; not significant after FDR correction,4,ExhaustiveRules
shifted,StatisticalFilter,weak validation effect; not significant after FDR correction,4,ExhaustiveRules
shifted,StatisticalFilter,weak validation effect; not significant after FDR correction,4,ExhaustiveRules
redundant,StatisticalFilter,weak validation effect; not significant after FDR correction,4,ExhaustiveRules
confounded,StatisticalFilter,weak validation effect; not significant after FDR correction,4,ExhaustiveRules
null,StatisticalFilter,weak validation effect; not significant after FDR correction,4,ExhaustiveRules
redundant,StatisticalFilter,weak validation effect; not significant after FDR correction,4,ExhaustiveRules
shifted,StatisticalFilter,weak validation effect; not significant after FDR correction,4,ExhaustiveRules
confounded,StatisticalFilter,weak validation effect; not significant after FDR correction,4,ExhaustiveRules
confounded,StatisticalFilter,weak validation effect; not significant after FDR correction,4,ExhaustiveRules
confounded,StatisticalFilter,weak validation effect; not significant after FDR correction,4,ExhaustiveRules
confounded,StatisticalFilter,weak validation effect; not significant after FDR correction,4,ExhaustiveRules
confounded,StatisticalFilter,weak validation effect; not significant after FDR correction,4,ExhaustiveRules
null,StatisticalFilter,weak validation effect; not significant after FDR correction,4,ExhaustiveRules
shifted,FullVerifier,held-out effect does not replicate,4,ExhaustiveRules
shifted,FullVerifier,held-out effect does not replicate,4,ExhaustiveRules
rare,FullVerifier,insufficient support,4,ExhaustiveRules
shifted,FullVerifier,insufficient support,4,ExhaustiveRules
rare,FullVerifier,insufficient support,4,ExhaustiveRules
shifted,FullVerifier,insufficient support,4,ExhaustiveRules
rare,FullVerifier,insufficient support,4,ExhaustiveRules
rare,FullVerifier,insufficient support,4,ExhaustiveRules
rare,FullVerifier,insufficient support,4,ExhaustiveRules
shifted,FullVerifier,held-out effect does not replicate,4,ExhaustiveRules
shifted,FullVerifier,held-out effect does not replicate,4,ExhaustiveRules
shifted,FullVerifier,held-out effect does not replicate,4,ExhaustiveRules
rare,FullVerifier,insufficient support,4,ExhaustiveRules
shifted,FullVerifier,held-out effect does not replicate,4,ExhaustiveRules
rare,FullVerifier,insufficient support,4,ExhaustiveRules
redundant,FullVerifier,matched counterfactual contrast is weak,4,ExhaustiveRules
rare,FullVerifier,insufficient support,4,ExhaustiveRules
shifted,FullVerifier,held-out effect does not replicate,4,ExhaustiveRules
shifted,FullVerifier,held-out effect does not replicate,4,ExhaustiveRules
shifted,FullVerifier,held-out effect does not replicate,4,ExhaustiveRules
shifted,FullVerifier,held-out effect does not replicate,4,ExhaustiveRules
shifted,FullVerifier,held-out effect does not replicate,4,ExhaustiveRules
redundant,FullVerifier,matched counterfactual contrast is weak,4,ExhaustiveRules
shifted,FullVerifier,held-out effect does not replicate,4,ExhaustiveRules
shifted,FullVerifier,held-out effect does not replicate,4,ExhaustiveRules
redundant,FullVerifier,matched counterfactual contrast is weak,4,ExhaustiveRules
redundant,FullVerifier,matched counterfactual contrast is weak,4,ExhaustiveRules
shifted,FullVerifier,held-out effect does not replicate,4,ExhaustiveRules
shifted,FullVerifier,held-out effect does not replicate,4,ExhaustiveRules
shifted,FullVerifier,held-out effect does not replicate,4,ExhaustiveRules
redundant,FullVerifier,matched counterfactual contrast is weak,4,ExhaustiveRules
redundant,FullVerifier,matched counterfactual contrast is weak,4,ExhaustiveRules
shifted,FullVerifier,held-out effect does not replicate,4,ExhaustiveRules
confounded,FullVerifier,not significant after FDR correction; matched counterfactual contrast is weak; held-out effect does not replicate,4,ExhaustiveRules
confounded,FullVerifier,weak validation effect; not significant after FDR correction; matched counterfactual contrast is weak; held-out effect does not replicate,4,ExhaustiveRules
confounded,FullVerifier,weak validation effect; not significant after FDR correction; matched counterfactual contrast is weak; held-out effect does not replicate,4,ExhaustiveRules
confounded,FullVerifier,weak validation effect; not significant after FDR correction; matched counterfactual contrast is weak; held-out effect does not replicate,4,ExhaustiveRules
null,FullVerifier,weak validation effect; not significant after FDR correction; matched counterfactual contrast is weak; held-out effect does not replicate,4,ExhaustiveRules
confounded,FullVerifier,weak validation effect; not significant after FDR correction; matched counterfactual contrast is weak; held-out effect does not replicate,4,ExhaustiveRules
shifted,FullVerifier,weak validation effect; not significant after FDR correction; matched counterfactual contrast is weak,4,ExhaustiveRules
shifted,FullVerifier,weak validation effect; not significant after FDR correction; matched counterfactual contrast is weak,4,ExhaustiveRules
rare,FullVerifier,insufficient support; weak validation effect; not significant after FDR correction; matched counterfactual contrast is weak; held-out effect does not replicate,4,ExhaustiveRules
shifted,FullVerifier,insufficient support; weak validation effect; not significant after FDR correction; matched counterfactual contrast is weak; held-out effect does not replicate,4,ExhaustiveRules
rare,FullVerifier,insufficient support; weak validation effect; not significant after FDR correction; matched counterfactual contrast is weak; held-out effect does not replicate,4,ExhaustiveRules
shifted,FullVerifier,insufficient support; weak validation effect; not significant after FDR correction; matched counterfactual contrast is weak; held-out effect does not replicate,4,ExhaustiveRules
rare,FullVerifier,insufficient support; weak validation effect; not significant after FDR correction; matched counterfactual contrast is weak; held-out effect does not replicate,4,ExhaustiveRules
rare,FullVerifier,insufficient support; weak validation effect; not significant after FDR correction; matched counterfactual contrast is weak; held-out effect does not replicate,4,ExhaustiveRules
rare,FullVerifier,insufficient support; weak validation effect; not significant after FDR correction; matched counterfactual contrast is weak; held-out effect does not replicate,4,ExhaustiveRules
true,FullVerifier,weak validation effect; not significant after FDR correction; matched counterfactual contrast is weak; held-out effect does not replicate,4,ExhaustiveRules
shifted,FullVerifier,weak validation effect; not significant after FDR correction; matched counterfactual contrast is weak,4,ExhaustiveRules
shifted,FullVerifier,weak validation effect; not significant after FDR correction; matched counterfactual contrast is weak,4,ExhaustiveRules
redundant,FullVerifier,weak validation effect; not significant after FDR correction; matched counterfactual contrast is weak; held-out effect does not replicate,4,ExhaustiveRules
shifted,FullVerifier,weak validation effect; not significant after FDR correction; matched counterfactual contrast is weak,4,ExhaustiveRules
rare,FullVerifier,insufficient support; weak validation effect; not significant after FDR correction; matched counterfactual contrast is weak; held-out effect does not replicate,4,ExhaustiveRules
redundant,FullVerifier,weak validation effect; not significant after FDR correction; matched counterfactual contrast is weak; held-out effect does not replicate,4,ExhaustiveRules
shifted,FullVerifier,weak validation effect; not significant after FDR correction; matched counterfactual contrast is weak,4,ExhaustiveRules
rare,FullVerifier,insufficient support; weak validation effect; not significant after FDR correction; matched counterfactual contrast is weak; held-out effect does not replicate,4,ExhaustiveRules
redundant,FullVerifier,weak validation effect; not significant after FDR correction; held-out effect does not replicate,4,ExhaustiveRules
rare,FullVerifier,insufficient support; weak validation effect; not significant after FDR correction; matched counterfactual contrast is weak; held-out effect does not replicate,4,ExhaustiveRules
shifted,FullVerifier,weak validation effect; not significant after FDR correction; matched counterfactual contrast is weak,4,ExhaustiveRules
shifted,FullVerifier,weak validation effect; not significant after FDR correction; matched counterfactual contrast is weak,4,ExhaustiveRules
true,FullVerifier,weak validation effect; not significant after FDR correction; matched counterfactual contrast is weak; held-out effect does not replicate,4,ExhaustiveRules
shifted,FullVerifier,weak validation effect; not significant after FDR correction; matched counterfactual contrast is weak,4,ExhaustiveRules
shifted,FullVerifier,weak validation effect; not significant after FDR correction; matched counterfactual contrast is weak,4,ExhaustiveRules
redundant,FullVerifier,weak validation effect; not significant after FDR correction; matched counterfactual contrast is weak; held-out effect does not replicate,4,ExhaustiveRules
shifted,FullVerifier,weak validation effect; not significant after FDR correction; matched counterfactual contrast is weak,4,ExhaustiveRules
redundant,FullVerifier,weak validation effect; not significant after FDR correction; matched counterfactual contrast is weak; held-out effect does not replicate,4,ExhaustiveRules
confounded,FullVerifier,weak validation effect; not significant after FDR correction; matched counterfactual contrast is weak; held-out effect does not replicate,4,ExhaustiveRules
shifted,FullVerifier,weak validation effect; not significant after FDR correction; matched counterfactual contrast is weak,4,ExhaustiveRules
null,FullVerifier,weak validation effect; not significant after FDR correction; matched counterfactual contrast is weak; held-out effect does not replicate,4,ExhaustiveRules
confounded,FullVerifier,weak validation effect; not significant after FDR correction; matched counterfactual contrast is weak; held-out effect does not replicate,4,ExhaustiveRules
shifted,FullVerifier,weak validation effect; not significant after FDR correction; matched counterfactual contrast is weak,4,ExhaustiveRules
true,FullVerifier,weak validation effect; not significant after FDR correction; matched counterfactual contrast is weak; held-out effect does not replicate,4,ExhaustiveRules
redundant,FullVerifier,weak validation effect; not significant after FDR correction; matched counterfactual contrast is weak; held-out effect does not replicate,4,ExhaustiveRules
redundant,FullVerifier,weak validation effect; not significant after FDR correction; matched counterfactual contrast is weak; held-out effect does not replicate,4,ExhaustiveRules
redundant,FullVerifier,weak validation effect; not significant after FDR correction; matched counterfactual contrast is weak; held-out effect does not replicate,4,ExhaustiveRules
redundant,FullVerifier,weak validation effect; not significant after FDR correction; matched counterfactual contrast is weak; held-out effect does not replicate,4,ExhaustiveRules
redundant,FullVerifier,weak validation effect; not significant after FDR correction; matched counterfactual contrast is weak; held-out effect does not replicate,4,ExhaustiveRules
confounded,FullVerifier,weak validation effect; not significant after FDR correction; matched counterfactual contrast is weak; held-out effect does not replicate,4,ExhaustiveRules
redundant,FullVerifier,weak validation effect; not significant after FDR correction; held-out effect does not replicate,4,ExhaustiveRules
shifted,FullVerifier,weak validation effect; not significant after FDR correction; matched counterfactual contrast is weak,4,ExhaustiveRules
shifted,FullVerifier,weak validation effect; not significant after FDR correction; matched counterfactual contrast is weak,4,ExhaustiveRules
shifted,FullVerifier,weak validation effect; not significant after FDR correction; matched counterfactual contrast is weak,4,ExhaustiveRules
redundant,FullVerifier,weak validation effect; not significant after FDR correction; held-out effect does not replicate,4,ExhaustiveRules
confounded,FullVerifier,weak validation effect; not significant after FDR correction; matched counterfactual contrast is weak; held-out effect does not replicate,4,ExhaustiveRules
null,FullVerifier,weak validation effect; not significant after FDR correction; matched counterfactual contrast is weak; held-out effect does not replicate,4,ExhaustiveRules
redundant,FullVerifier,weak validation effect; not significant after FDR correction; held-out effect does not replicate,4,ExhaustiveRules
shifted,FullVerifier,weak validation effect; not significant after FDR correction; matched counterfactual contrast is weak; held-out effect does not replicate,4,ExhaustiveRules
confounded,FullVerifier,weak validation effect; not significant after FDR correction; matched counterfactual contrast is weak; held-out effect does not replicate,4,ExhaustiveRules
confounded,FullVerifier,weak validation effect; not significant after FDR correction; matched counterfactual contrast is weak; held-out effect does not replicate,4,ExhaustiveRules
confounded,FullVerifier,weak validation effect; not significant after FDR correction; matched counterfactual contrast is weak; held-out effect does not replicate,4,ExhaustiveRules
confounded,FullVerifier,weak validation effect; not significant after FDR correction; matched counterfactual contrast is weak; held-out effect does not replicate,4,ExhaustiveRules
confounded,FullVerifier,weak validation effect; not significant after FDR correction; matched counterfactual contrast is weak; held-out effect does not replicate,4,ExhaustiveRules
null,FullVerifier,weak validation effect; not significant after FDR correction; matched counterfactual contrast is weak; held-out effect does not replicate,4,ExhaustiveRules
uncompiled,LLMOnly,unknown feature x999,5,LLMStress
uncompiled,LLMOnly,hypothesis must contain an IF ... THEN ... structure,5,LLMStress
shifted,StatisticalFilter,not significant after FDR correction,5,LLMStress
shifted,StatisticalFilter,not significant after FDR correction,5,LLMStress
true,StatisticalFilter,not significant after FDR correction,5,LLMStress
redundant,StatisticalFilter,not significant after FDR correction,5,LLMStress
true,StatisticalFilter,not significant after FDR correction,5,LLMStress
rare,StatisticalFilter,insufficient support; not significant after FDR correction,5,LLMStress
redundant,StatisticalFilter,not significant after FDR correction,5,LLMStress
true,StatisticalFilter,not significant after FDR correction,5,LLMStress
redundant,StatisticalFilter,not significant after FDR correction,5,LLMStress
null,StatisticalFilter,not significant after FDR correction,5,LLMStress
null,StatisticalFilter,not significant after FDR correction,5,LLMStress
null,StatisticalFilter,not significant after FDR correction,5,LLMStress
null,StatisticalFilter,not significant after FDR correction,5,LLMStress
null,StatisticalFilter,not significant after FDR correction,5,LLMStress
null,StatisticalFilter,not significant after FDR correction,5,LLMStress
confounded,StatisticalFilter,weak validation effect; not significant after FDR correction,5,LLMStress
null,StatisticalFilter,weak validation effect; not significant after FDR correction,5,LLMStress
null,StatisticalFilter,weak validation effect; not significant after FDR correction,5,LLMStress
null,StatisticalFilter,weak validation effect; not significant after FDR correction,5,LLMStress
null,StatisticalFilter,weak validation effect; not significant after FDR correction,5,LLMStress
null,StatisticalFilter,weak validation effect; not significant after FDR correction,5,LLMStress
null,StatisticalFilter,not significant after FDR correction,5,LLMStress
null,StatisticalFilter,weak validation effect; not significant after FDR correction,5,LLMStress
null,StatisticalFilter,weak validation effect; not significant after FDR correction,5,LLMStress
null,StatisticalFilter,weak validation effect; not significant after FDR correction,5,LLMStress
null,StatisticalFilter,weak validation effect; not significant after FDR correction,5,LLMStress
null,StatisticalFilter,weak validation effect; not significant after FDR correction,5,LLMStress
null,StatisticalFilter,weak validation effect; not significant after FDR correction,5,LLMStress
null,StatisticalFilter,weak validation effect; not significant after FDR correction,5,LLMStress
null,StatisticalFilter,weak validation effect; not significant after FDR correction,5,LLMStress
null,StatisticalFilter,weak validation effect; not significant after FDR correction,5,LLMStress
null,StatisticalFilter,weak validation effect; not significant after FDR correction,5,LLMStress
null,StatisticalFilter,weak validation effect; not significant after FDR correction,5,LLMStress
null,StatisticalFilter,weak validation effect; not significant after FDR correction,5,LLMStress
null,StatisticalFilter,weak validation effect; not significant after FDR correction,5,LLMStress
null,StatisticalFilter,weak validation effect; not significant after FDR correction,5,LLMStress
null,StatisticalFilter,weak validation effect; not significant after FDR correction,5,LLMStress
null,StatisticalFilter,weak validation effect; not significant after FDR correction,5,LLMStress
null,StatisticalFilter,weak validation effect; not significant after FDR correction,5,LLMStress
null,StatisticalFilter,weak validation effect; not significant after FDR correction,5,LLMStress
null,StatisticalFilter,weak validation effect; not significant after FDR correction,5,LLMStress
null,StatisticalFilter,weak validation effect; not significant after FDR correction,5,LLMStress
null,StatisticalFilter,weak validation effect; not significant after FDR correction,5,LLMStress
null,StatisticalFilter,weak validation effect; not significant after FDR correction,5,LLMStress
null,StatisticalFilter,weak validation effect; not significant after FDR correction,5,LLMStress
null,StatisticalFilter,weak validation effect; not significant after FDR correction,5,LLMStress
null,StatisticalFilter,weak validation effect; not significant after FDR correction,5,LLMStress
confounded,StatisticalFilter,weak validation effect; not significant after FDR correction,5,LLMStress
null,StatisticalFilter,weak validation effect; not significant after FDR correction,5,LLMStress
null,StatisticalFilter,weak validation effect; not significant after FDR correction,5,LLMStress
null,StatisticalFilter,weak validation effect; not significant after FDR correction,5,LLMStress
null,StatisticalFilter,weak validation effect; not significant after FDR correction,5,LLMStress
null,StatisticalFilter,weak validation effect; not significant after FDR correction,5,LLMStress
null,StatisticalFilter,weak validation effect; not significant after FDR correction,5,LLMStress
null,StatisticalFilter,weak validation effect; not significant after FDR correction,5,LLMStress
null,StatisticalFilter,weak validation effect; not significant after FDR correction,5,LLMStress
null,StatisticalFilter,weak validation effect; not significant after FDR correction,5,LLMStress
null,StatisticalFilter,weak validation effect; not significant after FDR correction,5,LLMStress
null,StatisticalFilter,weak validation effect; not significant after FDR correction,5,LLMStress
null,StatisticalFilter,weak validation effect; not significant after FDR correction,5,LLMStress
null,StatisticalFilter,weak validation effect; not significant after FDR correction,5,LLMStress
null,StatisticalFilter,weak validation effect; not significant after FDR correction,5,LLMStress
null,StatisticalFilter,weak validation effect; not significant after FDR correction,5,LLMStress
null,StatisticalFilter,weak validation effect; not significant after FDR correction,5,LLMStress
null,StatisticalFilter,weak validation effect; not significant after FDR correction,5,LLMStress
null,StatisticalFilter,weak validation effect; not significant after FDR correction,5,LLMStress
null,StatisticalFilter,weak validation effect; not significant after FDR correction,5,LLMStress
null,StatisticalFilter,weak validation effect; not significant after FDR correction,5,LLMStress
null,StatisticalFilter,weak validation effect; not significant after FDR correction,5,LLMStress
null,StatisticalFilter,weak validation effect; not significant after FDR correction,5,LLMStress
null,StatisticalFilter,weak validation effect; not significant after FDR correction,5,LLMStress
null,StatisticalFilter,weak validation effect; not significant after FDR correction,5,LLMStress
null,StatisticalFilter,weak validation effect; not significant after FDR correction,5,LLMStress
null,StatisticalFilter,weak validation effect; not significant after FDR correction,5,LLMStress
uncompiled,StatisticalFilter,unknown feature x999,5,LLMStress
uncompiled,StatisticalFilter,hypothesis must contain an IF ... THEN ... structure,5,LLMStress
shifted,FullVerifier,not significant after FDR correction; held-out effect does not replicate,5,LLMStress
shifted,FullVerifier,not significant after FDR correction; held-out effect does not replicate,5,LLMStress
true,FullVerifier,not significant after FDR correction,5,LLMStress
redundant,FullVerifier,not significant after FDR correction; matched counterfactual contrast is weak,5,LLMStress
true,FullVerifier,not significant after FDR correction,5,LLMStress
rare,FullVerifier,insufficient support; not significant after FDR correction,5,LLMStress
redundant,FullVerifier,not significant after FDR correction; matched counterfactual contrast is weak,5,LLMStress
true,FullVerifier,not significant after FDR correction,5,LLMStress
redundant,FullVerifier,not significant after FDR correction; matched counterfactual contrast is weak,5,LLMStress
null,FullVerifier,not significant after FDR correction; held-out effect does not replicate,5,LLMStress
null,FullVerifier,not significant after FDR correction; held-out effect does not replicate,5,LLMStress
null,FullVerifier,not significant after FDR correction; held-out effect does not replicate,5,LLMStress
null,FullVerifier,not significant after FDR correction; held-out effect does not replicate,5,LLMStress
null,FullVerifier,not significant after FDR correction; held-out effect does not replicate,5,LLMStress
null,FullVerifier,not significant after FDR correction; held-out effect does not replicate,5,LLMStress
confounded,FullVerifier,weak validation effect; not significant after FDR correction; matched counterfactual contrast is weak; held-out effect does not replicate,5,LLMStress
null,FullVerifier,weak validation effect; not significant after FDR correction; matched counterfactual contrast is weak; held-out effect does not replicate,5,LLMStress
null,FullVerifier,weak validation effect; not significant after FDR correction; matched counterfactual contrast is weak; held-out effect does not replicate,5,LLMStress
null,FullVerifier,weak validation effect; not significant after FDR correction; matched counterfactual contrast is weak; held-out effect does not replicate,5,LLMStress
null,FullVerifier,weak validation effect; not significant after FDR correction; matched counterfactual contrast is weak; held-out effect does not replicate,5,LLMStress
null,FullVerifier,weak validation effect; not significant after FDR correction; matched counterfactual contrast is weak; held-out effect does not replicate,5,LLMStress
null,FullVerifier,not significant after FDR correction; held-out effect does not replicate,5,LLMStress
null,FullVerifier,weak validation effect; not significant after FDR correction; matched counterfactual contrast is weak; held-out effect does not replicate,5,LLMStress
null,FullVerifier,weak validation effect; not significant after FDR correction; matched counterfactual contrast is weak; held-out effect does not replicate,5,LLMStress
null,FullVerifier,weak validation effect; not significant after FDR correction; matched counterfactual contrast is weak; held-out effect does not replicate,5,LLMStress
null,FullVerifier,weak validation effect; not significant after FDR correction; matched counterfactual contrast is weak; held-out effect does not replicate,5,LLMStress
null,FullVerifier,weak validation effect; not significant after FDR correction; matched counterfactual contrast is weak; held-out effect does not replicate,5,LLMStress
null,FullVerifier,weak validation effect; not significant after FDR correction; matched counterfactual contrast is weak; held-out effect does not replicate,5,LLMStress
null,FullVerifier,weak validation effect; not significant after FDR correction; held-out effect does not replicate,5,LLMStress
null,FullVerifier,weak validation effect; not significant after FDR correction; held-out effect does not replicate,5,LLMStress
null,FullVerifier,weak validation effect; not significant after FDR correction; held-out effect does not replicate,5,LLMStress
null,FullVerifier,weak validation effect; not significant after FDR correction; held-out effect does not replicate,5,LLMStress
null,FullVerifier,weak validation effect; not significant after FDR correction; held-out effect does not replicate,5,LLMStress
null,FullVerifier,weak validation effect; not significant after FDR correction; held-out effect does not replicate,5,LLMStress
null,FullVerifier,weak validation effect; not significant after FDR correction; held-out effect does not replicate,5,LLMStress
null,FullVerifier,weak validation effect; not significant after FDR correction; matched counterfactual contrast is weak; held-out effect does not replicate,5,LLMStress
null,FullVerifier,weak validation effect; not significant after FDR correction; matched counterfactual contrast is weak; held-out effect does not replicate,5,LLMStress
null,FullVerifier,weak validation effect; not significant after FDR correction; matched counterfactual contrast is weak; held-out effect does not replicate,5,LLMStress
null,FullVerifier,weak validation effect; not significant after FDR correction; matched counterfactual contrast is weak; held-out effect does not replicate,5,LLMStress
null,FullVerifier,weak validation effect; not significant after FDR correction; matched counterfactual contrast is weak; held-out effect does not replicate,5,LLMStress
null,FullVerifier,weak validation effect; not significant after FDR correction; matched counterfactual contrast is weak; held-out effect does not replicate,5,LLMStress
null,FullVerifier,weak validation effect; not significant after FDR correction; matched counterfactual contrast is weak; held-out effect does not replicate,5,LLMStress
null,FullVerifier,weak validation effect; not significant after FDR correction; matched counterfactual contrast is weak; held-out effect does not replicate,5,LLMStress
null,FullVerifier,weak validation effect; not significant after FDR correction; matched counterfactual contrast is weak; held-out effect does not replicate,5,LLMStress
null,FullVerifier,weak validation effect; not significant after FDR correction; matched counterfactual contrast is weak; held-out effect does not replicate,5,LLMStress
null,FullVerifier,weak validation effect; not significant after FDR correction; matched counterfactual contrast is weak; held-out effect does not replicate,5,LLMStress
null,FullVerifier,weak validation effect; not significant after FDR correction; matched counterfactual contrast is weak; held-out effect does not replicate,5,LLMStress
confounded,FullVerifier,weak validation effect; not significant after FDR correction; matched counterfactual contrast is weak; held-out effect does not replicate,5,LLMStress
null,FullVerifier,weak validation effect; not significant after FDR correction; matched counterfactual contrast is weak; held-out effect does not replicate,5,LLMStress
null,FullVerifier,weak validation effect; not significant after FDR correction; matched counterfactual contrast is weak; held-out effect does not replicate,5,LLMStress
null,FullVerifier,weak validation effect; not significant after FDR correction; matched counterfactual contrast is weak; held-out effect does not replicate,5,LLMStress
null,FullVerifier,weak validation effect; not significant after FDR correction; matched counterfactual contrast is weak; held-out effect does not replicate,5,LLMStress
null,FullVerifier,weak validation effect; not significant after FDR correction; matched counterfactual contrast is weak; held-out effect does not replicate,5,LLMStress
null,FullVerifier,weak validation effect; not significant after FDR correction; matched counterfactual contrast is weak; held-out effect does not replicate,5,LLMStress
null,FullVerifier,weak validation effect; not significant after FDR correction; matched counterfactual contrast is weak; held-out effect does not replicate,5,LLMStress
null,FullVerifier,weak validation effect; not significant after FDR correction; matched counterfactual contrast is weak; held-out effect does not replicate,5,LLMStress
null,FullVerifier,weak validation effect; not significant after FDR correction; matched counterfactual contrast is weak; held-out effect does not replicate,5,LLMStress
null,FullVerifier,weak validation effect; not significant after FDR correction; matched counterfactual contrast is weak; held-out effect does not replicate,5,LLMStress
null,FullVerifier,weak validation effect; not significant after FDR correction; matched counterfactual contrast is weak; held-out effect does not replicate,5,LLMStress
null,FullVerifier,weak validation effect; not significant after FDR correction; matched counterfactual contrast is weak; held-out effect does not replicate,5,LLMStress
null,FullVerifier,weak validation effect; not significant after FDR correction; matched counterfactual contrast is weak; held-out effect does not replicate,5,LLMStress
null,FullVerifier,weak validation effect; not significant after FDR correction; matched counterfactual contrast is weak; held-out effect does not replicate,5,LLMStress
null,FullVerifier,weak validation effect; not significant after FDR correction; matched counterfactual contrast is weak; held-out effect does not replicate,5,LLMStress
null,FullVerifier,weak validation effect; not significant after FDR correction; matched counterfactual contrast is weak; held-out effect does not replicate,5,LLMStress
null,FullVerifier,weak validation effect; not significant after FDR correction; matched counterfactual contrast is weak; held-out effect does not replicate,5,LLMStress
null,FullVerifier,weak validation effect; not significant after FDR correction; matched counterfactual contrast is weak; held-out effect does not replicate,5,LLMStress
null,FullVerifier,weak validation effect; not significant after FDR correction; matched counterfactual contrast is weak; held-out effect does not replicate,5,LLMStress
null,FullVerifier,weak validation effect; not significant after FDR correction; matched counterfactual contrast is weak; held-out effect does not replicate,5,LLMStress
null,FullVerifier,weak validation effect; not significant after FDR correction; matched counterfactual contrast is weak; held-out effect does not replicate,5,LLMStress
null,FullVerifier,weak validation effect; not significant after FDR correction; matched counterfactual contrast is weak; held-out effect does not replicate,5,LLMStress
null,FullVerifier,weak validation effect; not significant after FDR correction; matched counterfactual contrast is weak; held-out effect does not replicate,5,LLMStress
null,FullVerifier,weak validation effect; not significant after FDR correction; matched counterfactual contrast is weak; held-out effect does not replicate,5,LLMStress
null,FullVerifier,weak validation effect; not significant after FDR correction; matched counterfactual contrast is weak; held-out effect does not replicate,5,LLMStress
null,FullVerifier,weak validation effect; not significant after FDR correction; matched counterfactual contrast is weak; held-out effect does not replicate,5,LLMStress
uncompiled,FullVerifier,unknown feature x999,5,LLMStress
uncompiled,FullVerifier,hypothesis must contain an IF ... THEN ... structure,5,LLMStress
rare,StatisticalFilter,insufficient support,5,ExhaustiveRules
rare,StatisticalFilter,insufficient support,5,ExhaustiveRules
rare,StatisticalFilter,insufficient support,5,ExhaustiveRules
rare,StatisticalFilter,insufficient support,5,ExhaustiveRules
shifted,StatisticalFilter,insufficient support,5,ExhaustiveRules
rare,StatisticalFilter,insufficient support,5,ExhaustiveRules
shifted,StatisticalFilter,insufficient support,5,ExhaustiveRules
rare,StatisticalFilter,insufficient support,5,ExhaustiveRules
rare,StatisticalFilter,insufficient support,5,ExhaustiveRules
rare,StatisticalFilter,insufficient support,5,ExhaustiveRules
redundant,StatisticalFilter,not significant after FDR correction,5,ExhaustiveRules
confounded,StatisticalFilter,weak validation effect; not significant after FDR correction,5,ExhaustiveRules
confounded,StatisticalFilter,weak validation effect; not significant after FDR correction,5,ExhaustiveRules
null,StatisticalFilter,weak validation effect; not significant after FDR correction,5,ExhaustiveRules
confounded,StatisticalFilter,weak validation effect; not significant after FDR correction,5,ExhaustiveRules
shifted,StatisticalFilter,weak validation effect; not significant after FDR correction,5,ExhaustiveRules
shifted,StatisticalFilter,weak validation effect; not significant after FDR correction,5,ExhaustiveRules
shifted,StatisticalFilter,weak validation effect; not significant after FDR correction,5,ExhaustiveRules
shifted,StatisticalFilter,weak validation effect; not significant after FDR correction,5,ExhaustiveRules
true,StatisticalFilter,weak validation effect; not significant after FDR correction,5,ExhaustiveRules
shifted,StatisticalFilter,weak validation effect; not significant after FDR correction,5,ExhaustiveRules
shifted,StatisticalFilter,weak validation effect; not significant after FDR correction,5,ExhaustiveRules
redundant,StatisticalFilter,weak validation effect; not significant after FDR correction,5,ExhaustiveRules
redundant,StatisticalFilter,weak validation effect; not significant after FDR correction,5,ExhaustiveRules
shifted,StatisticalFilter,weak validation effect; not significant after FDR correction,5,ExhaustiveRules
shifted,StatisticalFilter,weak validation effect; not significant after FDR correction,5,ExhaustiveRules
rare,StatisticalFilter,insufficient support; weak validation effect; not significant after FDR correction,5,ExhaustiveRules
rare,StatisticalFilter,insufficient support; weak validation effect; not significant after FDR correction,5,ExhaustiveRules
redundant,StatisticalFilter,weak validation effect; not significant after FDR correction,5,ExhaustiveRules
rare,StatisticalFilter,insufficient support; weak validation effect; not significant after FDR correction,5,ExhaustiveRules
true,StatisticalFilter,weak validation effect; not significant after FDR correction,5,ExhaustiveRules
rare,StatisticalFilter,insufficient support; weak validation effect; not significant after FDR correction,5,ExhaustiveRules
shifted,StatisticalFilter,insufficient support; weak validation effect; not significant after FDR correction,5,ExhaustiveRules
rare,StatisticalFilter,insufficient support; weak validation effect; not significant after FDR correction,5,ExhaustiveRules
shifted,StatisticalFilter,weak validation effect; not significant after FDR correction,5,ExhaustiveRules
redundant,StatisticalFilter,weak validation effect; not significant after FDR correction,5,ExhaustiveRules
shifted,StatisticalFilter,insufficient support; weak validation effect; not significant after FDR correction,5,ExhaustiveRules
shifted,StatisticalFilter,weak validation effect; not significant after FDR correction,5,ExhaustiveRules
redundant,StatisticalFilter,weak validation effect; not significant after FDR correction,5,ExhaustiveRules
rare,StatisticalFilter,insufficient support; weak validation effect; not significant after FDR correction,5,ExhaustiveRules
shifted,StatisticalFilter,weak validation effect; not significant after FDR correction,5,ExhaustiveRules
shifted,StatisticalFilter,weak validation effect; not significant after FDR correction,5,ExhaustiveRules
shifted,StatisticalFilter,weak validation effect; not significant after FDR correction,5,ExhaustiveRules
true,StatisticalFilter,weak validation effect; not significant after FDR correction,5,ExhaustiveRules
rare,StatisticalFilter,insufficient support; weak validation effect; not significant after FDR correction,5,ExhaustiveRules
rare,StatisticalFilter,insufficient support; weak validation effect; not significant after FDR correction,5,ExhaustiveRules
shifted,StatisticalFilter,weak validation effect; not significant after FDR correction,5,ExhaustiveRules
null,StatisticalFilter,weak validation effect; not significant after FDR correction,5,ExhaustiveRules
redundant,StatisticalFilter,weak validation effect; not significant after FDR correction,5,ExhaustiveRules
confounded,StatisticalFilter,weak validation effect; not significant after FDR correction,5,ExhaustiveRules
redundant,StatisticalFilter,weak validation effect; not significant after FDR correction,5,ExhaustiveRules
shifted,StatisticalFilter,weak validation effect; not significant after FDR correction,5,ExhaustiveRules
redundant,StatisticalFilter,weak validation effect; not significant after FDR correction,5,ExhaustiveRules
confounded,StatisticalFilter,weak validation effect; not significant after FDR correction,5,ExhaustiveRules
null,StatisticalFilter,weak validation effect; not significant after FDR correction,5,ExhaustiveRules
redundant,StatisticalFilter,weak validation effect; not significant after FDR correction,5,ExhaustiveRules
confounded,StatisticalFilter,weak validation effect; not significant after FDR correction,5,ExhaustiveRules
redundant,StatisticalFilter,weak validation effect; not significant after FDR correction,5,ExhaustiveRules
confounded,StatisticalFilter,weak validation effect; not significant after FDR correction,5,ExhaustiveRules
redundant,StatisticalFilter,weak validation effect; not significant after FDR correction,5,ExhaustiveRules
shifted,StatisticalFilter,weak validation effect; not significant after FDR correction,5,ExhaustiveRules
redundant,StatisticalFilter,weak validation effect; not significant after FDR correction,5,ExhaustiveRules
shifted,StatisticalFilter,weak validation effect; not significant after FDR correction,5,ExhaustiveRules
redundant,StatisticalFilter,weak validation effect; not significant after FDR correction,5,ExhaustiveRules
confounded,StatisticalFilter,weak validation effect; not significant after FDR correction,5,ExhaustiveRules
confounded,StatisticalFilter,weak validation effect; not significant after FDR correction,5,ExhaustiveRules
confounded,StatisticalFilter,weak validation effect; not significant after FDR correction,5,ExhaustiveRules
null,StatisticalFilter,weak validation effect; not significant after FDR correction,5,ExhaustiveRules
confounded,StatisticalFilter,weak validation effect; not significant after FDR correction,5,ExhaustiveRules
confounded,StatisticalFilter,weak validation effect; not significant after FDR correction,5,ExhaustiveRules
confounded,StatisticalFilter,weak validation effect; not significant after FDR correction,5,ExhaustiveRules
confounded,StatisticalFilter,weak validation effect; not significant after FDR correction,5,ExhaustiveRules
shifted,FullVerifier,held-out effect does not replicate,5,ExhaustiveRules
shifted,FullVerifier,held-out effect does not replicate,5,ExhaustiveRules
shifted,FullVerifier,held-out effect does not replicate,5,ExhaustiveRules
shifted,FullVerifier,held-out effect does not replicate,5,ExhaustiveRules
shifted,FullVerifier,held-out effect does not replicate,5,ExhaustiveRules
shifted,FullVerifier,held-out effect does not replicate,5,ExhaustiveRules
shifted,FullVerifier,held-out effect does not replicate,5,ExhaustiveRules
shifted,FullVerifier,held-out effect does not replicate,5,ExhaustiveRules
rare,FullVerifier,insufficient support,5,ExhaustiveRules
rare,FullVerifier,insufficient support,5,ExhaustiveRules
redundant,FullVerifier,matched counterfactual contrast is weak,5,ExhaustiveRules
rare,FullVerifier,insufficient support,5,ExhaustiveRules
rare,FullVerifier,insufficient support,5,ExhaustiveRules
shifted,FullVerifier,insufficient support,5,ExhaustiveRules
rare,FullVerifier,insufficient support,5,ExhaustiveRules
shifted,FullVerifier,held-out effect does not replicate,5,ExhaustiveRules
shifted,FullVerifier,insufficient support,5,ExhaustiveRules
shifted,FullVerifier,held-out effect does not replicate,5,ExhaustiveRules
redundant,FullVerifier,matched counterfactual contrast is weak,5,ExhaustiveRules
rare,FullVerifier,insufficient support,5,ExhaustiveRules
shifted,FullVerifier,held-out effect does not replicate,5,ExhaustiveRules
shifted,FullVerifier,held-out effect does not replicate,5,ExhaustiveRules
shifted,FullVerifier,held-out effect does not replicate,5,ExhaustiveRules
rare,FullVerifier,insufficient support,5,ExhaustiveRules
rare,FullVerifier,insufficient support,5,ExhaustiveRules
shifted,FullVerifier,held-out effect does not replicate,5,ExhaustiveRules
redundant,FullVerifier,matched counterfactual contrast is weak,5,ExhaustiveRules
shifted,FullVerifier,held-out effect does not replicate,5,ExhaustiveRules
redundant,FullVerifier,matched counterfactual contrast is weak,5,ExhaustiveRules
redundant,FullVerifier,matched counterfactual contrast is weak,5,ExhaustiveRules
redundant,FullVerifier,matched counterfactual contrast is weak,5,ExhaustiveRules
shifted,FullVerifier,held-out effect does not replicate,5,ExhaustiveRules
shifted,FullVerifier,held-out effect does not replicate,5,ExhaustiveRules
redundant,FullVerifier,matched counterfactual contrast is weak,5,ExhaustiveRules
redundant,FullVerifier,not significant after FDR correction; matched counterfactual contrast is weak,5,ExhaustiveRules
confounded,FullVerifier,weak validation effect; not significant after FDR correction; matched counterfactual contrast is weak; held-out effect does not replicate,5,ExhaustiveRules
confounded,FullVerifier,weak validation effect; not significant after FDR correction; matched counterfactual contrast is weak; held-out effect does not replicate,5,ExhaustiveRules
null,FullVerifier,weak validation effect; not significant after FDR correction; held-out effect does not replicate,5,ExhaustiveRules
confounded,FullVerifier,weak validation effect; not significant after FDR correction; matched counterfactual contrast is weak; held-out effect does not replicate,5,ExhaustiveRules
shifted,FullVerifier,weak validation effect; not significant after FDR correction; matched counterfactual contrast is weak,5,ExhaustiveRules
shifted,FullVerifier,weak validation effect; not significant after FDR correction; matched counterfactual contrast is weak,5,ExhaustiveRules
shifted,FullVerifier,weak validation effect; not significant after FDR correction; matched counterfactual contrast is weak,5,ExhaustiveRules
shifted,FullVerifier,weak validation effect; not significant after FDR correction; matched counterfactual contrast is weak,5,ExhaustiveRules
true,FullVerifier,weak validation effect; not significant after FDR correction; matched counterfactual contrast is weak; held-out effect does not replicate,5,ExhaustiveRules
shifted,FullVerifier,weak validation effect; not significant after FDR correction; matched counterfactual contrast is weak,5,ExhaustiveRules
shifted,FullVerifier,weak validation effect; not significant after FDR correction; matched counterfactual contrast is weak,5,ExhaustiveRules
redundant,FullVerifier,weak validation effect; not significant after FDR correction; matched counterfactual contrast is weak; held-out effect does not replicate,5,ExhaustiveRules
redundant,FullVerifier,weak validation effect; not significant after FDR correction; matched counterfactual contrast is weak; held-out effect does not replicate,5,ExhaustiveRules
shifted,FullVerifier,weak validation effect; not significant after FDR correction; matched counterfactual contrast is weak,5,ExhaustiveRules
shifted,FullVerifier,weak validation effect; not significant after FDR correction; matched counterfactual contrast is weak,5,ExhaustiveRules
rare,FullVerifier,insufficient support; weak validation effect; not significant after FDR correction; matched counterfactual contrast is weak; held-out effect does not replicate,5,ExhaustiveRules
rare,FullVerifier,insufficient support; weak validation effect; not significant after FDR correction; matched counterfactual contrast is weak; held-out effect does not replicate,5,ExhaustiveRules
redundant,FullVerifier,weak validation effect; not significant after FDR correction; held-out effect does not replicate,5,ExhaustiveRules
rare,FullVerifier,insufficient support; weak validation effect; not significant after FDR correction; matched counterfactual contrast is weak; held-out effect does not replicate,5,ExhaustiveRules
true,FullVerifier,weak validation effect; not significant after FDR correction; matched counterfactual contrast is weak; held-out effect does not replicate,5,ExhaustiveRules
rare,FullVerifier,insufficient support; weak validation effect; not significant after FDR correction; matched counterfactual contrast is weak; held-out effect does not replicate,5,ExhaustiveRules
shifted,FullVerifier,insufficient support; weak validation effect; not significant after FDR correction; matched counterfactual contrast is weak; held-out effect does not replicate,5,ExhaustiveRules
rare,FullVerifier,insufficient support; weak validation effect; not significant after FDR correction; matched counterfactual contrast is weak; held-out effect does not replicate,5,ExhaustiveRules
shifted,FullVerifier,weak validation effect; not significant after FDR correction; matched counterfactual contrast is weak,5,ExhaustiveRules
redundant,FullVerifier,weak validation effect; not significant after FDR correction; matched counterfactual contrast is weak; held-out effect does not replicate,5,ExhaustiveRules
shifted,FullVerifier,insufficient support; weak validation effect; not significant after FDR correction; matched counterfactual contrast is weak; held-out effect does not replicate,5,ExhaustiveRules
shifted,FullVerifier,weak validation effect; not significant after FDR correction; matched counterfactual contrast is weak,5,ExhaustiveRules
redundant,FullVerifier,weak validation effect; not significant after FDR correction; matched counterfactual contrast is weak; held-out effect does not replicate,5,ExhaustiveRules
rare,FullVerifier,insufficient support; weak validation effect; not significant after FDR correction; matched counterfactual contrast is weak; held-out effect does not replicate,5,ExhaustiveRules
shifted,FullVerifier,weak validation effect; not significant after FDR correction; matched counterfactual contrast is weak,5,ExhaustiveRules
shifted,FullVerifier,weak validation effect; not significant after FDR correction; matched counterfactual contrast is weak,5,ExhaustiveRules
shifted,FullVerifier,weak validation effect; not significant after FDR correction; matched counterfactual contrast is weak,5,ExhaustiveRules
true,FullVerifier,weak validation effect; not significant after FDR correction; matched counterfactual contrast is weak; held-out effect does not replicate,5,ExhaustiveRules
rare,FullVerifier,insufficient support; weak validation effect; not significant after FDR correction; matched counterfactual contrast is weak; held-out effect does not replicate,5,ExhaustiveRules
rare,FullVerifier,insufficient support; weak validation effect; not significant after FDR correction; matched counterfactual contrast is weak; held-out effect does not replicate,5,ExhaustiveRules
shifted,FullVerifier,weak validation effect; not significant after FDR correction; matched counterfactual contrast is weak,5,ExhaustiveRules
null,FullVerifier,weak validation effect; not significant after FDR correction; matched counterfactual contrast is weak; held-out effect does not replicate,5,ExhaustiveRules
redundant,FullVerifier,weak validation effect; not significant after FDR correction; matched counterfactual contrast is weak; held-out effect does not replicate,5,ExhaustiveRules
confounded,FullVerifier,weak validation effect; not significant after FDR correction; matched counterfactual contrast is weak; held-out effect does not replicate,5,ExhaustiveRules
redundant,FullVerifier,weak validation effect; not significant after FDR correction; matched counterfactual contrast is weak; held-out effect does not replicate,5,ExhaustiveRules
shifted,FullVerifier,weak validation effect; not significant after FDR correction; matched counterfactual contrast is weak,5,ExhaustiveRules
redundant,FullVerifier,weak validation effect; not significant after FDR correction; matched counterfactual contrast is weak; held-out effect does not replicate,5,ExhaustiveRules
confounded,FullVerifier,weak validation effect; not significant after FDR correction; matched counterfactual contrast is weak; held-out effect does not replicate,5,ExhaustiveRules
null,FullVerifier,weak validation effect; not significant after FDR correction; matched counterfactual contrast is weak; held-out effect does not replicate,5,ExhaustiveRules
redundant,FullVerifier,weak validation effect; not significant after FDR correction; matched counterfactual contrast is weak; held-out effect does not replicate,5,ExhaustiveRules
confounded,FullVerifier,weak validation effect; not significant after FDR correction; matched counterfactual contrast is weak; held-out effect does not replicate,5,ExhaustiveRules
redundant,FullVerifier,weak validation effect; not significant after FDR correction; held-out effect does not replicate,5,ExhaustiveRules
confounded,FullVerifier,weak validation effect; not significant after FDR correction; matched counterfactual contrast is weak; held-out effect does not replicate,5,ExhaustiveRules
redundant,FullVerifier,weak validation effect; not significant after FDR correction; matched counterfactual contrast is weak; held-out effect does not replicate,5,ExhaustiveRules
shifted,FullVerifier,weak validation effect; not significant after FDR correction; matched counterfactual contrast is weak,5,ExhaustiveRules
redundant,FullVerifier,weak validation effect; not significant after FDR correction; matched counterfactual contrast is weak; held-out effect does not replicate,5,ExhaustiveRules
shifted,FullVerifier,weak validation effect; not significant after FDR correction; matched counterfactual contrast is weak,5,ExhaustiveRules
redundant,FullVerifier,weak validation effect; not significant after FDR correction; matched counterfactual contrast is weak; held-out effect does not replicate,5,ExhaustiveRules
confounded,FullVerifier,weak validation effect; not significant after FDR correction; matched counterfactual contrast is weak; held-out effect does not replicate,5,ExhaustiveRules
confounded,FullVerifier,weak validation effect; not significant after FDR correction; matched counterfactual contrast is weak; held-out effect does not replicate,5,ExhaustiveRules
confounded,FullVerifier,weak validation effect; not significant after FDR correction; matched counterfactual contrast is weak; held-out effect does not replicate,5,ExhaustiveRules
null,FullVerifier,weak validation effect; not significant after FDR correction; matched counterfactual contrast is weak; held-out effect does not replicate,5,ExhaustiveRules
confounded,FullVerifier,weak validation effect; not significant after FDR correction; matched counterfactual contrast is weak; held-out effect does not replicate,5,ExhaustiveRules
confounded,FullVerifier,weak validation effect; not significant after FDR correction; matched counterfactual contrast is weak; held-out effect does not replicate,5,ExhaustiveRules
confounded,FullVerifier,weak validation effect; not significant after FDR correction; matched counterfactual contrast is weak; held-out effect does not replicate,5,ExhaustiveRules
confounded,FullVerifier,weak validation effect; not significant after FDR correction; held-out effect does not replicate,5,ExhaustiveRules
uncompiled,LLMOnly,unknown feature x999,6,LLMStress
uncompiled,LLMOnly,hypothesis must contain an IF ... THEN ... structure,6,LLMStress
shifted,StatisticalFilter,not significant after FDR correction,6,LLMStress
rare,StatisticalFilter,insufficient support; not significant after FDR correction,6,LLMStress
shifted,StatisticalFilter,not significant after FDR correction,6,LLMStress
true,StatisticalFilter,not significant after FDR correction,6,LLMStress
redundant,StatisticalFilter,not significant after FDR correction,6,LLMStress
true,StatisticalFilter,not significant after FDR correction,6,LLMStress
true,StatisticalFilter,not significant after FDR correction,6,LLMStress
redundant,StatisticalFilter,not significant after FDR correction,6,LLMStress
redundant,StatisticalFilter,not significant after FDR correction,6,LLMStress
null,StatisticalFilter,weak validation effect; not significant after FDR correction,6,LLMStress
null,StatisticalFilter,weak validation effect; not significant after FDR correction,6,LLMStress
null,StatisticalFilter,weak validation effect; not significant after FDR correction,6,LLMStress
null,StatisticalFilter,weak validation effect; not significant after FDR correction,6,LLMStress
null,StatisticalFilter,weak validation effect; not significant after FDR correction,6,LLMStress
null,StatisticalFilter,weak validation effect; not significant after FDR correction,6,LLMStress
null,StatisticalFilter,weak validation effect; not significant after FDR correction,6,LLMStress
null,StatisticalFilter,weak validation effect; not significant after FDR correction,6,LLMStress
null,StatisticalFilter,weak validation effect; not significant after FDR correction,6,LLMStress
null,StatisticalFilter,weak validation effect; not significant after FDR correction,6,LLMStress
null,StatisticalFilter,weak validation effect; not significant after FDR correction,6,LLMStress
null,StatisticalFilter,weak validation effect; not significant after FDR correction,6,LLMStress
null,StatisticalFilter,weak validation effect; not significant after FDR correction,6,LLMStress
null,StatisticalFilter,weak validation effect; not significant after FDR correction,6,LLMStress
null,StatisticalFilter,weak validation effect; not significant after FDR correction,6,LLMStress
null,StatisticalFilter,weak validation effect; not significant after FDR correction,6,LLMStress
null,StatisticalFilter,weak validation effect; not significant after FDR correction,6,LLMStress
null,StatisticalFilter,weak validation effect; not significant after FDR correction,6,LLMStress
null,StatisticalFilter,weak validation effect; not significant after FDR correction,6,LLMStress
null,StatisticalFilter,weak validation effect; not significant after FDR correction,6,LLMStress
null,StatisticalFilter,weak validation effect; not significant after FDR correction,6,LLMStress
null,StatisticalFilter,weak validation effect; not significant after FDR correction,6,LLMStress
null,StatisticalFilter,weak validation effect; not significant after FDR correction,6,LLMStress
null,StatisticalFilter,weak validation effect; not significant after FDR correction,6,LLMStress
null,StatisticalFilter,weak validation effect; not significant after FDR correction,6,LLMStress
null,StatisticalFilter,weak validation effect; not significant after FDR correction,6,LLMStress
null,StatisticalFilter,weak validation effect; not significant after FDR correction,6,LLMStress
confounded,StatisticalFilter,weak validation effect; not significant after FDR correction,6,LLMStress
null,StatisticalFilter,weak validation effect; not significant after FDR correction,6,LLMStress
null,StatisticalFilter,weak validation effect; not significant after FDR correction,6,LLMStress
null,StatisticalFilter,weak validation effect; not significant after FDR correction,6,LLMStress
null,StatisticalFilter,weak validation effect; not significant after FDR correction,6,LLMStress
null,StatisticalFilter,weak validation effect; not significant after FDR correction,6,LLMStress
null,StatisticalFilter,weak validation effect; not significant after FDR correction,6,LLMStress
null,StatisticalFilter,weak validation effect; not significant after FDR correction,6,LLMStress
null,StatisticalFilter,weak validation effect; not significant after FDR correction,6,LLMStress
null,StatisticalFilter,weak validation effect; not significant after FDR correction,6,LLMStress
null,StatisticalFilter,weak validation effect; not significant after FDR correction,6,LLMStress
null,StatisticalFilter,weak validation effect; not significant after FDR correction,6,LLMStress
null,StatisticalFilter,weak validation effect; not significant after FDR correction,6,LLMStress
null,StatisticalFilter,weak validation effect; not significant after FDR correction,6,LLMStress
null,StatisticalFilter,weak validation effect; not significant after FDR correction,6,LLMStress
null,StatisticalFilter,weak validation effect; not significant after FDR correction,6,LLMStress
null,StatisticalFilter,weak validation effect; not significant after FDR correction,6,LLMStress
null,StatisticalFilter,weak validation effect; not significant after FDR correction,6,LLMStress
null,StatisticalFilter,weak validation effect; not significant after FDR correction,6,LLMStress
null,StatisticalFilter,weak validation effect; not significant after FDR correction,6,LLMStress
null,StatisticalFilter,weak validation effect; not significant after FDR correction,6,LLMStress
null,StatisticalFilter,weak validation effect; not significant after FDR correction,6,LLMStress
null,StatisticalFilter,weak validation effect; not significant after FDR correction,6,LLMStress
null,StatisticalFilter,weak validation effect; not significant after FDR correction,6,LLMStress
null,StatisticalFilter,weak validation effect; not significant after FDR correction,6,LLMStress
null,StatisticalFilter,weak validation effect; not significant after FDR correction,6,LLMStress
null,StatisticalFilter,weak validation effect; not significant after FDR correction,6,LLMStress
null,StatisticalFilter,weak validation effect; not significant after FDR correction,6,LLMStress
null,StatisticalFilter,weak validation effect; not significant after FDR correction,6,LLMStress
null,StatisticalFilter,weak validation effect; not significant after FDR correction,6,LLMStress
null,StatisticalFilter,weak validation effect; not significant after FDR correction,6,LLMStress
null,StatisticalFilter,weak validation effect; not significant after FDR correction,6,LLMStress
confounded,StatisticalFilter,weak validation effect; not significant after FDR correction,6,LLMStress
null,StatisticalFilter,weak validation effect; not significant after FDR correction,6,LLMStress
null,StatisticalFilter,weak validation effect; not significant after FDR correction,6,LLMStress
null,StatisticalFilter,weak validation effect; not significant after FDR correction,6,LLMStress
null,StatisticalFilter,weak validation effect; not significant after FDR correction,6,LLMStress
null,StatisticalFilter,weak validation effect; not significant after FDR correction,6,LLMStress
uncompiled,StatisticalFilter,unknown feature x999,6,LLMStress
uncompiled,StatisticalFilter,hypothesis must contain an IF ... THEN ... structure,6,LLMStress
shifted,FullVerifier,not significant after FDR correction; held-out effect does not replicate,6,LLMStress
rare,FullVerifier,insufficient support; not significant after FDR correction,6,LLMStress
shifted,FullVerifier,not significant after FDR correction; held-out effect does not replicate,6,LLMStress
true,FullVerifier,not significant after FDR correction,6,LLMStress
redundant,FullVerifier,not significant after FDR correction; matched counterfactual contrast is weak,6,LLMStress
true,FullVerifier,not significant after FDR correction,6,LLMStress
true,FullVerifier,not significant after FDR correction,6,LLMStress
redundant,FullVerifier,not significant after FDR correction; matched counterfactual contrast is weak,6,LLMStress
redundant,FullVerifier,not significant after FDR correction; matched counterfactual contrast is weak,6,LLMStress
null,FullVerifier,weak validation effect; not significant after FDR correction; matched counterfactual contrast is weak; held-out effect does not replicate,6,LLMStress
null,FullVerifier,weak validation effect; not significant after FDR correction; matched counterfactual contrast is weak; held-out effect does not replicate,6,LLMStress
null,FullVerifier,weak validation effect; not significant after FDR correction; matched counterfactual contrast is weak; held-out effect does not replicate,6,LLMStress
null,FullVerifier,weak validation effect; not significant after FDR correction; matched counterfactual contrast is weak; held-out effect does not replicate,6,LLMStress
null,FullVerifier,weak validation effect; not significant after FDR correction; matched counterfactual contrast is weak; held-out effect does not replicate,6,LLMStress
null,FullVerifier,weak validation effect; not significant after FDR correction; matched counterfactual contrast is weak; held-out effect does not replicate,6,LLMStress
null,FullVerifier,weak validation effect; not significant after FDR correction; matched counterfactual contrast is weak; held-out effect does not replicate,6,LLMStress
null,FullVerifier,weak validation effect; not significant after FDR correction; matched counterfactual contrast is weak; held-out effect does not replicate,6,LLMStress
null,FullVerifier,weak validation effect; not significant after FDR correction; matched counterfactual contrast is weak; held-out effect does not replicate,6,LLMStress
null,FullVerifier,weak validation effect; not significant after FDR correction; matched counterfactual contrast is weak; held-out effect does not replicate,6,LLMStress
null,FullVerifier,weak validation effect; not significant after FDR correction; matched counterfactual contrast is weak; held-out effect does not replicate,6,LLMStress
null,FullVerifier,weak validation effect; not significant after FDR correction; matched counterfactual contrast is weak; held-out effect does not replicate,6,LLMStress
null,FullVerifier,weak validation effect; not significant after FDR correction; matched counterfactual contrast is weak; held-out effect does not replicate,6,LLMStress
null,FullVerifier,weak validation effect; not significant after FDR correction; matched counterfactual contrast is weak; held-out effect does not replicate,6,LLMStress
null,FullVerifier,weak validation effect; not significant after FDR correction; matched counterfactual contrast is weak; held-out effect does not replicate,6,LLMStress
null,FullVerifier,weak validation effect; not significant after FDR correction; matched counterfactual contrast is weak; held-out effect does not replicate,6,LLMStress
null,FullVerifier,weak validation effect; not significant after FDR correction; matched counterfactual contrast is weak; held-out effect does not replicate,6,LLMStress
null,FullVerifier,weak validation effect; not significant after FDR correction; matched counterfactual contrast is weak; held-out effect does not replicate,6,LLMStress
null,FullVerifier,weak validation effect; not significant after FDR correction; matched counterfactual contrast is weak; held-out effect does not replicate,6,LLMStress
null,FullVerifier,weak validation effect; not significant after FDR correction; matched counterfactual contrast is weak; held-out effect does not replicate,6,LLMStress
null,FullVerifier,weak validation effect; not significant after FDR correction; matched counterfactual contrast is weak; held-out effect does not replicate,6,LLMStress
null,FullVerifier,weak validation effect; not significant after FDR correction; matched counterfactual contrast is weak; held-out effect does not replicate,6,LLMStress
null,FullVerifier,weak validation effect; not significant after FDR correction; matched counterfactual contrast is weak; held-out effect does not replicate,6,LLMStress
null,FullVerifier,weak validation effect; not significant after FDR correction; matched counterfactual contrast is weak; held-out effect does not replicate,6,LLMStress
null,FullVerifier,weak validation effect; not significant after FDR correction; matched counterfactual contrast is weak; held-out effect does not replicate,6,LLMStress
null,FullVerifier,weak validation effect; not significant after FDR correction; matched counterfactual contrast is weak; held-out effect does not replicate,6,LLMStress
null,FullVerifier,weak validation effect; not significant after FDR correction; matched counterfactual contrast is weak; held-out effect does not replicate,6,LLMStress
confounded,FullVerifier,weak validation effect; not significant after FDR correction; matched counterfactual contrast is weak; held-out effect does not replicate,6,LLMStress
null,FullVerifier,weak validation effect; not significant after FDR correction; matched counterfactual contrast is weak; held-out effect does not replicate,6,LLMStress
null,FullVerifier,weak validation effect; not significant after FDR correction; matched counterfactual contrast is weak; held-out effect does not replicate,6,LLMStress
null,FullVerifier,weak validation effect; not significant after FDR correction; matched counterfactual contrast is weak; held-out effect does not replicate,6,LLMStress
null,FullVerifier,weak validation effect; not significant after FDR correction; matched counterfactual contrast is weak; held-out effect does not replicate,6,LLMStress
null,FullVerifier,weak validation effect; not significant after FDR correction; matched counterfactual contrast is weak; held-out effect does not replicate,6,LLMStress
null,FullVerifier,weak validation effect; not significant after FDR correction; matched counterfactual contrast is weak; held-out effect does not replicate,6,LLMStress
null,FullVerifier,weak validation effect; not significant after FDR correction; matched counterfactual contrast is weak; held-out effect does not replicate,6,LLMStress
null,FullVerifier,weak validation effect; not significant after FDR correction; matched counterfactual contrast is weak; held-out effect does not replicate,6,LLMStress
null,FullVerifier,weak validation effect; not significant after FDR correction; matched counterfactual contrast is weak; held-out effect does not replicate,6,LLMStress
null,FullVerifier,weak validation effect; not significant after FDR correction; matched counterfactual contrast is weak; held-out effect does not replicate,6,LLMStress
null,FullVerifier,weak validation effect; not significant after FDR correction; matched counterfactual contrast is weak; held-out effect does not replicate,6,LLMStress
null,FullVerifier,weak validation effect; not significant after FDR correction; matched counterfactual contrast is weak; held-out effect does not replicate,6,LLMStress
null,FullVerifier,weak validation effect; not significant after FDR correction; matched counterfactual contrast is weak; held-out effect does not replicate,6,LLMStress
null,FullVerifier,weak validation effect; not significant after FDR correction; matched counterfactual contrast is weak; held-out effect does not replicate,6,LLMStress
null,FullVerifier,weak validation effect; not significant after FDR correction; matched counterfactual contrast is weak; held-out effect does not replicate,6,LLMStress
null,FullVerifier,weak validation effect; not significant after FDR correction; matched counterfactual contrast is weak; held-out effect does not replicate,6,LLMStress
null,FullVerifier,weak validation effect; not significant after FDR correction; matched counterfactual contrast is weak; held-out effect does not replicate,6,LLMStress
null,FullVerifier,weak validation effect; not significant after FDR correction; matched counterfactual contrast is weak; held-out effect does not replicate,6,LLMStress
null,FullVerifier,weak validation effect; not significant after FDR correction; matched counterfactual contrast is weak; held-out effect does not replicate,6,LLMStress
null,FullVerifier,weak validation effect; not significant after FDR correction; matched counterfactual contrast is weak; held-out effect does not replicate,6,LLMStress
null,FullVerifier,weak validation effect; not significant after FDR correction; matched counterfactual contrast is weak; held-out effect does not replicate,6,LLMStress
null,FullVerifier,weak validation effect; not significant after FDR correction; matched counterfactual contrast is weak; held-out effect does not replicate,6,LLMStress
null,FullVerifier,weak validation effect; not significant after FDR correction; matched counterfactual contrast is weak; held-out effect does not replicate,6,LLMStress
null,FullVerifier,weak validation effect; not significant after FDR correction; matched counterfactual contrast is weak; held-out effect does not replicate,6,LLMStress
null,FullVerifier,weak validation effect; not significant after FDR correction; matched counterfactual contrast is weak; held-out effect does not replicate,6,LLMStress
null,FullVerifier,weak validation effect; not significant after FDR correction; matched counterfactual contrast is weak; held-out effect does not replicate,6,LLMStress
null,FullVerifier,weak validation effect; not significant after FDR correction; matched counterfactual contrast is weak; held-out effect does not replicate,6,LLMStress
null,FullVerifier,weak validation effect; not significant after FDR correction; matched counterfactual contrast is weak; held-out effect does not replicate,6,LLMStress
null,FullVerifier,weak validation effect; not significant after FDR correction; matched counterfactual contrast is weak; held-out effect does not replicate,6,LLMStress
null,FullVerifier,weak validation effect; not significant after FDR correction; matched counterfactual contrast is weak; held-out effect does not replicate,6,LLMStress
null,FullVerifier,weak validation effect; not significant after FDR correction; matched counterfactual contrast is weak; held-out effect does not replicate,6,LLMStress
confounded,FullVerifier,weak validation effect; not significant after FDR correction; matched counterfactual contrast is weak; held-out effect does not replicate,6,LLMStress
null,FullVerifier,weak validation effect; not significant after FDR correction; matched counterfactual contrast is weak; held-out effect does not replicate,6,LLMStress
null,FullVerifier,weak validation effect; not significant after FDR correction; matched counterfactual contrast is weak; held-out effect does not replicate,6,LLMStress
null,FullVerifier,weak validation effect; not significant after FDR correction; matched counterfactual contrast is weak; held-out effect does not replicate,6,LLMStress
null,FullVerifier,weak validation effect; not significant after FDR correction; matched counterfactual contrast is weak; held-out effect does not replicate,6,LLMStress
null,FullVerifier,weak validation effect; not significant after FDR correction; matched counterfactual contrast is weak; held-out effect does not replicate,6,LLMStress
uncompiled,FullVerifier,unknown feature x999,6,LLMStress
uncompiled,FullVerifier,hypothesis must contain an IF ... THEN ... structure,6,LLMStress
rare,StatisticalFilter,insufficient support,6,ExhaustiveRules
shifted,StatisticalFilter,insufficient support,6,ExhaustiveRules
shifted,StatisticalFilter,insufficient support,6,ExhaustiveRules
rare,StatisticalFilter,insufficient support,6,ExhaustiveRules
rare,StatisticalFilter,insufficient support,6,ExhaustiveRules
rare,StatisticalFilter,insufficient support,6,ExhaustiveRules
rare,StatisticalFilter,insufficient support,6,ExhaustiveRules
rare,StatisticalFilter,insufficient support,6,ExhaustiveRules
rare,StatisticalFilter,insufficient support,6,ExhaustiveRules
rare,StatisticalFilter,insufficient support,6,ExhaustiveRules
confounded,StatisticalFilter,weak validation effect; not significant after FDR correction,6,ExhaustiveRules
confounded,StatisticalFilter,weak validation effect; not significant after FDR correction,6,ExhaustiveRules
null,StatisticalFilter,weak validation effect; not significant after FDR correction,6,ExhaustiveRules
confounded,StatisticalFilter,weak validation effect; not significant after FDR correction,6,ExhaustiveRules
confounded,StatisticalFilter,weak validation effect; not significant after FDR correction,6,ExhaustiveRules
confounded,StatisticalFilter,weak validation effect; not significant after FDR correction,6,ExhaustiveRules
shifted,StatisticalFilter,weak validation effect; not significant after FDR correction,6,ExhaustiveRules
shifted,StatisticalFilter,weak validation effect; not significant after FDR correction,6,ExhaustiveRules
rare,StatisticalFilter,insufficient support; weak validation effect; not significant after FDR correction,6,ExhaustiveRules
shifted,StatisticalFilter,weak validation effect; not significant after FDR correction,6,ExhaustiveRules
shifted,StatisticalFilter,insufficient support; weak validation effect; not significant after FDR correction,6,ExhaustiveRules
shifted,StatisticalFilter,insufficient support; weak validation effect; not significant after FDR correction,6,ExhaustiveRules
rare,StatisticalFilter,insufficient support; weak validation effect; not significant after FDR correction,6,ExhaustiveRules
rare,StatisticalFilter,insufficient support; weak validation effect; not significant after FDR correction,6,ExhaustiveRules
rare,StatisticalFilter,insufficient support; weak validation effect; not significant after FDR correction,6,ExhaustiveRules
rare,StatisticalFilter,insufficient support; weak validation effect; not significant after FDR correction,6,ExhaustiveRules
rare,StatisticalFilter,insufficient support; weak validation effect; not significant after FDR correction,6,ExhaustiveRules
rare,StatisticalFilter,insufficient support; weak validation effect; not significant after FDR correction,6,ExhaustiveRules
rare,StatisticalFilter,insufficient support; weak validation effect; not significant after FDR correction,6,ExhaustiveRules
shifted,StatisticalFilter,weak validation effect; not significant after FDR correction,6,ExhaustiveRules
shifted,StatisticalFilter,weak validation effect; not significant after FDR correction,6,ExhaustiveRules
shifted,StatisticalFilter,weak validation effect; not significant after FDR correction,6,ExhaustiveRules
true,StatisticalFilter,weak validation effect; not significant after FDR correction,6,ExhaustiveRules
redundant,StatisticalFilter,weak validation effect; not significant after FDR correction,6,ExhaustiveRules
redundant,StatisticalFilter,weak validation effect; not significant after FDR correction,6,ExhaustiveRules
shifted,StatisticalFilter,weak validation effect; not significant after FDR correction,6,ExhaustiveRules
shifted,StatisticalFilter,weak validation effect; not significant after FDR correction,6,ExhaustiveRules
shifted,StatisticalFilter,weak validation effect; not significant after FDR correction,6,ExhaustiveRules
redundant,StatisticalFilter,weak validation effect; not significant after FDR correction,6,ExhaustiveRules
shifted,StatisticalFilter,weak validation effect; not significant after FDR correction,6,ExhaustiveRules
shifted,StatisticalFilter,weak validation effect; not significant after FDR correction,6,ExhaustiveRules
shifted,StatisticalFilter,weak validation effect; not significant after FDR correction,6,ExhaustiveRules
true,StatisticalFilter,weak validation effect; not significant after FDR correction,6,ExhaustiveRules
shifted,StatisticalFilter,weak validation effect; not significant after FDR correction,6,ExhaustiveRules
true,StatisticalFilter,weak validation effect; not significant after FDR correction,6,ExhaustiveRules
redundant,StatisticalFilter,weak validation effect; not significant after FDR correction,6,ExhaustiveRules
redundant,StatisticalFilter,weak validation effect; not significant after FDR correction,6,ExhaustiveRules
redundant,StatisticalFilter,weak validation effect; not significant after FDR correction,6,ExhaustiveRules
redundant,StatisticalFilter,weak validation effect; not significant after FDR correction,6,ExhaustiveRules
null,StatisticalFilter,weak validation effect; not significant after FDR correction,6,ExhaustiveRules
redundant,StatisticalFilter,weak validation effect; not significant after FDR correction,6,ExhaustiveRules
redundant,StatisticalFilter,weak validation effect; not significant after FDR correction,6,ExhaustiveRules
confounded,StatisticalFilter,weak validation effect; not significant after FDR correction,6,ExhaustiveRules
confounded,StatisticalFilter,weak validation effect; not significant after FDR correction,6,ExhaustiveRules
null,StatisticalFilter,weak validation effect; not significant after FDR correction,6,ExhaustiveRules
confounded,StatisticalFilter,weak validation effect; not significant after FDR correction,6,ExhaustiveRules
redundant,StatisticalFilter,weak validation effect; not significant after FDR correction,6,ExhaustiveRules
shifted,StatisticalFilter,weak validation effect; not significant after FDR correction,6,ExhaustiveRules
confounded,StatisticalFilter,weak validation effect; not significant after FDR correction,6,ExhaustiveRules
redundant,StatisticalFilter,weak validation effect; not significant after FDR correction,6,ExhaustiveRules
redundant,StatisticalFilter,weak validation effect; not significant after FDR correction,6,ExhaustiveRules
shifted,StatisticalFilter,weak validation effect; not significant after FDR correction,6,ExhaustiveRules
shifted,StatisticalFilter,weak validation effect; not significant after FDR correction,6,ExhaustiveRules
shifted,StatisticalFilter,weak validation effect; not significant after FDR correction,6,ExhaustiveRules
redundant,StatisticalFilter,weak validation effect; not significant after FDR correction,6,ExhaustiveRules
confounded,StatisticalFilter,weak validation effect; not significant after FDR correction,6,ExhaustiveRules
confounded,StatisticalFilter,weak validation effect; not significant after FDR correction,6,ExhaustiveRules
confounded,StatisticalFilter,weak validation effect; not significant after FDR correction,6,ExhaustiveRules
confounded,StatisticalFilter,weak validation effect; not significant after FDR correction,6,ExhaustiveRules
null,StatisticalFilter,weak validation effect; not significant after FDR correction,6,ExhaustiveRules
confounded,StatisticalFilter,weak validation effect; not significant after FDR correction,6,ExhaustiveRules
shifted,FullVerifier,held-out effect does not replicate,6,ExhaustiveRules
shifted,FullVerifier,held-out effect does not replicate,6,ExhaustiveRules
rare,FullVerifier,insufficient support,6,ExhaustiveRules
shifted,FullVerifier,held-out effect does not replicate,6,ExhaustiveRules
shifted,FullVerifier,insufficient support,6,ExhaustiveRules
shifted,FullVerifier,insufficient support,6,ExhaustiveRules
rare,FullVerifier,insufficient support,6,ExhaustiveRules
rare,FullVerifier,insufficient support,6,ExhaustiveRules
rare,FullVerifier,insufficient support,6,ExhaustiveRules
rare,FullVerifier,insufficient support,6,ExhaustiveRules
rare,FullVerifier,insufficient support,6,ExhaustiveRules
rare,FullVerifier,insufficient support,6,ExhaustiveRules
rare,FullVerifier,insufficient support,6,ExhaustiveRules
shifted,FullVerifier,held-out effect does not replicate,6,ExhaustiveRules
shifted,FullVerifier,held-out effect does not replicate,6,ExhaustiveRules
shifted,FullVerifier,held-out effect does not replicate,6,ExhaustiveRules
shifted,FullVerifier,held-out effect does not replicate,6,ExhaustiveRules
shifted,FullVerifier,held-out effect does not replicate,6,ExhaustiveRules
shifted,FullVerifier,held-out effect does not replicate,6,ExhaustiveRules
redundant,FullVerifier,matched counterfactual contrast is weak,6,ExhaustiveRules
shifted,FullVerifier,held-out effect does not replicate,6,ExhaustiveRules
shifted,FullVerifier,held-out effect does not replicate,6,ExhaustiveRules
shifted,FullVerifier,held-out effect does not replicate,6,ExhaustiveRules
shifted,FullVerifier,held-out effect does not replicate,6,ExhaustiveRules
redundant,FullVerifier,matched counterfactual contrast is weak,6,ExhaustiveRules
redundant,FullVerifier,matched counterfactual contrast is weak,6,ExhaustiveRules
redundant,FullVerifier,matched counterfactual contrast is weak,6,ExhaustiveRules
redundant,FullVerifier,matched counterfactual contrast is weak,6,ExhaustiveRules
redundant,FullVerifier,matched counterfactual contrast is weak,6,ExhaustiveRules
shifted,FullVerifier,held-out effect does not replicate,6,ExhaustiveRules
redundant,FullVerifier,matched counterfactual contrast is weak,6,ExhaustiveRules
shifted,FullVerifier,held-out effect does not replicate,6,ExhaustiveRules
shifted,FullVerifier,held-out effect does not replicate,6,ExhaustiveRules
shifted,FullVerifier,held-out effect does not replicate,6,ExhaustiveRules
redundant,FullVerifier,matched counterfactual contrast is weak,6,ExhaustiveRules
confounded,FullVerifier,weak validation effect; not significant after FDR correction; matched counterfactual contrast is weak; held-out effect does not replicate,6,ExhaustiveRules
confounded,FullVerifier,weak validation effect; not significant after FDR correction; matched counterfactual contrast is weak; held-out effect does not replicate,6,ExhaustiveRules
null,FullVerifier,weak validation effect; not significant after FDR correction; matched counterfactual contrast is weak; held-out effect does not replicate,6,ExhaustiveRules
confounded,FullVerifier,weak validation effect; not significant after FDR correction; matched counterfactual contrast is weak; held-out effect does not replicate,6,ExhaustiveRules
confounded,FullVerifier,weak validation effect; not significant after FDR correction; matched counterfactual contrast is weak; held-out effect does not replicate,6,ExhaustiveRules
confounded,FullVerifier,weak validation effect; not significant after FDR correction; matched counterfactual contrast is weak; held-out effect does not replicate,6,ExhaustiveRules
shifted,FullVerifier,weak validation effect; not significant after FDR correction; matched counterfactual contrast is weak,6,ExhaustiveRules
shifted,FullVerifier,weak validation effect; not significant after FDR correction; matched counterfactual contrast is weak,6,ExhaustiveRules
rare,FullVerifier,insufficient support; weak validation effect; not significant after FDR correction; matched counterfactual contrast is weak; held-out effect does not replicate,6,ExhaustiveRules
shifted,FullVerifier,weak validation effect; not significant after FDR correction; matched counterfactual contrast is weak,6,ExhaustiveRules
shifted,FullVerifier,insufficient support; weak validation effect; not significant after FDR correction; matched counterfactual contrast is weak; held-out effect does not replicate,6,ExhaustiveRules
shifted,FullVerifier,insufficient support; weak validation effect; not significant after FDR correction; matched counterfactual contrast is weak; held-out effect does not replicate,6,ExhaustiveRules
rare,FullVerifier,insufficient support; weak validation effect; not significant after FDR correction; matched counterfactual contrast is weak; held-out effect does not replicate,6,ExhaustiveRules
rare,FullVerifier,insufficient support; weak validation effect; not significant after FDR correction; matched counterfactual contrast is weak; held-out effect does not replicate,6,ExhaustiveRules
rare,FullVerifier,insufficient support; weak validation effect; not significant after FDR correction; matched counterfactual contrast is weak; held-out effect does not replicate,6,ExhaustiveRules
rare,FullVerifier,insufficient support; weak validation effect; not significant after FDR correction; matched counterfactual contrast is weak; held-out effect does not replicate,6,ExhaustiveRules
rare,FullVerifier,insufficient support; weak validation effect; not significant after FDR correction; matched counterfactual contrast is weak; held-out effect does not replicate,6,ExhaustiveRules
rare,FullVerifier,insufficient support; weak validation effect; not significant after FDR correction; matched counterfactual contrast is weak; held-out effect does not replicate,6,ExhaustiveRules
rare,FullVerifier,insufficient support; weak validation effect; not significant after FDR correction; matched counterfactual contrast is weak; held-out effect does not replicate,6,ExhaustiveRules
shifted,FullVerifier,weak validation effect; not significant after FDR correction; matched counterfactual contrast is weak,6,ExhaustiveRules
shifted,FullVerifier,weak validation effect; not significant after FDR correction; matched counterfactual contrast is weak,6,ExhaustiveRules
shifted,FullVerifier,weak validation effect; not significant after FDR correction; matched counterfactual contrast is weak,6,ExhaustiveRules
true,FullVerifier,weak validation effect; not significant after FDR correction; matched counterfactual contrast is weak; held-out effect does not replicate,6,ExhaustiveRules
redundant,FullVerifier,weak validation effect; not significant after FDR correction; matched counterfactual contrast is weak; held-out effect does not replicate,6,ExhaustiveRules
redundant,FullVerifier,weak validation effect; not significant after FDR correction; matched counterfactual contrast is weak; held-out effect does not replicate,6,ExhaustiveRules
shifted,FullVerifier,weak validation effect; not significant after FDR correction; matched counterfactual contrast is weak,6,ExhaustiveRules
shifted,FullVerifier,weak validation effect; not significant after FDR correction; matched counterfactual contrast is weak,6,ExhaustiveRules
shifted,FullVerifier,weak validation effect; not significant after FDR correction; matched counterfactual contrast is weak,6,ExhaustiveRules
redundant,FullVerifier,weak validation effect; not significant after FDR correction; matched counterfactual contrast is weak; held-out effect does not replicate,6,ExhaustiveRules
shifted,FullVerifier,weak validation effect; not significant after FDR correction; matched counterfactual contrast is weak,6,ExhaustiveRules
shifted,FullVerifier,weak validation effect; not significant after FDR correction; matched counterfactual contrast is weak,6,ExhaustiveRules
shifted,FullVerifier,weak validation effect; not significant after FDR correction; matched counterfactual contrast is weak,6,ExhaustiveRules
true,FullVerifier,weak validation effect; not significant after FDR correction; matched counterfactual contrast is weak; held-out effect does not replicate,6,ExhaustiveRules
shifted,FullVerifier,weak validation effect; not significant after FDR correction; matched counterfactual contrast is weak,6,ExhaustiveRules
true,FullVerifier,weak validation effect; not significant after FDR correction; matched counterfactual contrast is weak; held-out effect does not replicate,6,ExhaustiveRules
redundant,FullVerifier,weak validation effect; not significant after FDR correction; matched counterfactual contrast is weak; held-out effect does not replicate,6,ExhaustiveRules
redundant,FullVerifier,weak validation effect; not significant after FDR correction; matched counterfactual contrast is weak; held-out effect does not replicate,6,ExhaustiveRules
redundant,FullVerifier,weak validation effect; not significant after FDR correction; matched counterfactual contrast is weak; held-out effect does not replicate,6,ExhaustiveRules
redundant,FullVerifier,weak validation effect; not significant after FDR correction; held-out effect does not replicate,6,ExhaustiveRules
null,FullVerifier,weak validation effect; not significant after FDR correction; matched counterfactual contrast is weak; held-out effect does not replicate,6,ExhaustiveRules
redundant,FullVerifier,weak validation effect; not significant after FDR correction; matched counterfactual contrast is weak; held-out effect does not replicate,6,ExhaustiveRules
redundant,FullVerifier,weak validation effect; not significant after FDR correction; held-out effect does not replicate,6,ExhaustiveRules
confounded,FullVerifier,weak validation effect; not significant after FDR correction; matched counterfactual contrast is weak; held-out effect does not replicate,6,ExhaustiveRules
confounded,FullVerifier,weak validation effect; not significant after FDR correction; matched counterfactual contrast is weak; held-out effect does not replicate,6,ExhaustiveRules
null,FullVerifier,weak validation effect; not significant after FDR correction; matched counterfactual contrast is weak; held-out effect does not replicate,6,ExhaustiveRules
confounded,FullVerifier,weak validation effect; not significant after FDR correction; matched counterfactual contrast is weak; held-out effect does not replicate,6,ExhaustiveRules
redundant,FullVerifier,weak validation effect; not significant after FDR correction; held-out effect does not replicate,6,ExhaustiveRules
shifted,FullVerifier,weak validation effect; not significant after FDR correction; matched counterfactual contrast is weak,6,ExhaustiveRules
confounded,FullVerifier,weak validation effect; not significant after FDR correction; matched counterfactual contrast is weak; held-out effect does not replicate,6,ExhaustiveRules
redundant,FullVerifier,weak validation effect; not significant after FDR correction; matched counterfactual contrast is weak; held-out effect does not replicate,6,ExhaustiveRules
redundant,FullVerifier,weak validation effect; not significant after FDR correction; matched counterfactual contrast is weak; held-out effect does not replicate,6,ExhaustiveRules
shifted,FullVerifier,weak validation effect; not significant after FDR correction; matched counterfactual contrast is weak,6,ExhaustiveRules
shifted,FullVerifier,weak validation effect; not significant after FDR correction; matched counterfactual contrast is weak,6,ExhaustiveRules
shifted,FullVerifier,weak validation effect; not significant after FDR correction; matched counterfactual contrast is weak,6,ExhaustiveRules
redundant,FullVerifier,weak validation effect; not significant after FDR correction; held-out effect does not replicate,6,ExhaustiveRules
confounded,FullVerifier,weak validation effect; not significant after FDR correction; held-out effect does not replicate,6,ExhaustiveRules
confounded,FullVerifier,weak validation effect; not significant after FDR correction; matched counterfactual contrast is weak; held-out effect does not replicate,6,ExhaustiveRules
confounded,FullVerifier,weak validation effect; not significant after FDR correction; matched counterfactual contrast is weak; held-out effect does not replicate,6,ExhaustiveRules
confounded,FullVerifier,weak validation effect; not significant after FDR correction; matched counterfactual contrast is weak; held-out effect does not replicate,6,ExhaustiveRules
null,FullVerifier,weak validation effect; not significant after FDR correction; matched counterfactual contrast is weak; held-out effect does not replicate,6,ExhaustiveRules
confounded,FullVerifier,weak validation effect; not significant after FDR correction; matched counterfactual contrast is weak; held-out effect does not replicate,6,ExhaustiveRules
uncompiled,LLMOnly,unknown feature x999,7,LLMStress
uncompiled,LLMOnly,hypothesis must contain an IF ... THEN ... structure,7,LLMStress
shifted,StatisticalFilter,not significant after FDR correction,7,LLMStress
true,StatisticalFilter,not significant after FDR correction,7,LLMStress
shifted,StatisticalFilter,not significant after FDR correction,7,LLMStress
redundant,StatisticalFilter,not significant after FDR correction,7,LLMStress
rare,StatisticalFilter,insufficient support; not significant after FDR correction,7,LLMStress
true,StatisticalFilter,not significant after FDR correction,7,LLMStress
redundant,StatisticalFilter,not significant after FDR correction,7,LLMStress
true,StatisticalFilter,not significant after FDR correction,7,LLMStress
redundant,StatisticalFilter,not significant after FDR correction,7,LLMStress
null,StatisticalFilter,not significant after FDR correction,7,LLMStress
null,StatisticalFilter,not significant after FDR correction,7,LLMStress
null,StatisticalFilter,not significant after FDR correction,7,LLMStress
null,StatisticalFilter,not significant after FDR correction,7,LLMStress
confounded,StatisticalFilter,not significant after FDR correction,7,LLMStress
null,StatisticalFilter,weak validation effect; not significant after FDR correction,7,LLMStress
null,StatisticalFilter,weak validation effect; not significant after FDR correction,7,LLMStress
null,StatisticalFilter,weak validation effect; not significant after FDR correction,7,LLMStress
null,StatisticalFilter,weak validation effect; not significant after FDR correction,7,LLMStress
null,StatisticalFilter,weak validation effect; not significant after FDR correction,7,LLMStress
null,StatisticalFilter,weak validation effect; not significant after FDR correction,7,LLMStress
null,StatisticalFilter,weak validation effect; not significant after FDR correction,7,LLMStress
null,StatisticalFilter,weak validation effect; not significant after FDR correction,7,LLMStress
null,StatisticalFilter,weak validation effect; not significant after FDR correction,7,LLMStress
null,StatisticalFilter,weak validation effect; not significant after FDR correction,7,LLMStress
null,StatisticalFilter,weak validation effect; not significant after FDR correction,7,LLMStress
null,StatisticalFilter,weak validation effect; not significant after FDR correction,7,LLMStress
null,StatisticalFilter,weak validation effect; not significant after FDR correction,7,LLMStress
null,StatisticalFilter,weak validation effect; not significant after FDR correction,7,LLMStress
null,StatisticalFilter,weak validation effect; not significant after FDR correction,7,LLMStress
null,StatisticalFilter,weak validation effect; not significant after FDR correction,7,LLMStress
null,StatisticalFilter,weak validation effect; not significant after FDR correction,7,LLMStress
null,StatisticalFilter,weak validation effect; not significant after FDR correction,7,LLMStress
null,StatisticalFilter,weak validation effect; not significant after FDR correction,7,LLMStress
null,StatisticalFilter,weak validation effect; not significant after FDR correction,7,LLMStress
null,StatisticalFilter,weak validation effect; not significant after FDR correction,7,LLMStress
null,StatisticalFilter,weak validation effect; not significant after FDR correction,7,LLMStress
null,StatisticalFilter,weak validation effect; not significant after FDR correction,7,LLMStress
null,StatisticalFilter,weak validation effect; not significant after FDR correction,7,LLMStress
null,StatisticalFilter,weak validation effect; not significant after FDR correction,7,LLMStress
null,StatisticalFilter,weak validation effect; not significant after FDR correction,7,LLMStress
null,StatisticalFilter,weak validation effect; not significant after FDR correction,7,LLMStress
confounded,StatisticalFilter,weak validation effect; not significant after FDR correction,7,LLMStress
null,StatisticalFilter,weak validation effect; not significant after FDR correction,7,LLMStress
null,StatisticalFilter,weak validation effect; not significant after FDR correction,7,LLMStress
null,StatisticalFilter,weak validation effect; not significant after FDR correction,7,LLMStress
null,StatisticalFilter,weak validation effect; not significant after FDR correction,7,LLMStress
null,StatisticalFilter,weak validation effect; not significant after FDR correction,7,LLMStress
null,StatisticalFilter,weak validation effect; not significant after FDR correction,7,LLMStress
null,StatisticalFilter,weak validation effect; not significant after FDR correction,7,LLMStress
null,StatisticalFilter,weak validation effect; not significant after FDR correction,7,LLMStress
null,StatisticalFilter,weak validation effect; not significant after FDR correction,7,LLMStress
null,StatisticalFilter,weak validation effect; not significant after FDR correction,7,LLMStress
null,StatisticalFilter,weak validation effect; not significant after FDR correction,7,LLMStress
null,StatisticalFilter,weak validation effect; not significant after FDR correction,7,LLMStress
null,StatisticalFilter,weak validation effect; not significant after FDR correction,7,LLMStress
null,StatisticalFilter,weak validation effect; not significant after FDR correction,7,LLMStress
null,StatisticalFilter,weak validation effect; not significant after FDR correction,7,LLMStress
null,StatisticalFilter,weak validation effect; not significant after FDR correction,7,LLMStress
null,StatisticalFilter,weak validation effect; not significant after FDR correction,7,LLMStress
null,StatisticalFilter,weak validation effect; not significant after FDR correction,7,LLMStress
null,StatisticalFilter,weak validation effect; not significant after FDR correction,7,LLMStress
null,StatisticalFilter,weak validation effect; not significant after FDR correction,7,LLMStress
null,StatisticalFilter,weak validation effect; not significant after FDR correction,7,LLMStress
null,StatisticalFilter,weak validation effect; not significant after FDR correction,7,LLMStress
null,StatisticalFilter,weak validation effect; not significant after FDR correction,7,LLMStress
null,StatisticalFilter,weak validation effect; not significant after FDR correction,7,LLMStress
null,StatisticalFilter,weak validation effect; not significant after FDR correction,7,LLMStress
null,StatisticalFilter,weak validation effect; not significant after FDR correction,7,LLMStress
null,StatisticalFilter,weak validation effect; not significant after FDR correction,7,LLMStress
null,StatisticalFilter,weak validation effect; not significant after FDR correction,7,LLMStress
null,StatisticalFilter,weak validation effect; not significant after FDR correction,7,LLMStress
null,StatisticalFilter,weak validation effect; not significant after FDR correction,7,LLMStress
null,StatisticalFilter,weak validation effect; not significant after FDR correction,7,LLMStress
null,StatisticalFilter,weak validation effect; not significant after FDR correction,7,LLMStress
uncompiled,StatisticalFilter,unknown feature x999,7,LLMStress
uncompiled,StatisticalFilter,hypothesis must contain an IF ... THEN ... structure,7,LLMStress
shifted,FullVerifier,not significant after FDR correction; held-out effect does not replicate,7,LLMStress
true,FullVerifier,not significant after FDR correction,7,LLMStress
shifted,FullVerifier,not significant after FDR correction; held-out effect does not replicate,7,LLMStress
redundant,FullVerifier,not significant after FDR correction; matched counterfactual contrast is weak,7,LLMStress
rare,FullVerifier,insufficient support; not significant after FDR correction,7,LLMStress
true,FullVerifier,not significant after FDR correction,7,LLMStress
redundant,FullVerifier,not significant after FDR correction; matched counterfactual contrast is weak,7,LLMStress
true,FullVerifier,not significant after FDR correction,7,LLMStress
redundant,FullVerifier,not significant after FDR correction; matched counterfactual contrast is weak,7,LLMStress
null,FullVerifier,not significant after FDR correction; matched counterfactual contrast is weak; held-out effect does not replicate,7,LLMStress
null,FullVerifier,not significant after FDR correction; matched counterfactual contrast is weak; held-out effect does not replicate,7,LLMStress
null,FullVerifier,not significant after FDR correction; matched counterfactual contrast is weak; held-out effect does not replicate,7,LLMStress
null,FullVerifier,not significant after FDR correction; matched counterfactual contrast is weak; held-out effect does not replicate,7,LLMStress
confounded,FullVerifier,not significant after FDR correction; matched counterfactual contrast is weak; held-out effect does not replicate,7,LLMStress
null,FullVerifier,weak validation effect; not significant after FDR correction; matched counterfactual contrast is weak; held-out effect does not replicate,7,LLMStress
null,FullVerifier,weak validation effect; not significant after FDR correction; matched counterfactual contrast is weak; held-out effect does not replicate,7,LLMStress
null,FullVerifier,weak validation effect; not significant after FDR correction; matched counterfactual contrast is weak; held-out effect does not replicate,7,LLMStress
null,FullVerifier,weak validation effect; not significant after FDR correction; matched counterfactual contrast is weak; held-out effect does not replicate,7,LLMStress
null,FullVerifier,weak validation effect; not significant after FDR correction; matched counterfactual contrast is weak; held-out effect does not replicate,7,LLMStress
null,FullVerifier,weak validation effect; not significant after FDR correction; matched counterfactual contrast is weak; held-out effect does not replicate,7,LLMStress
null,FullVerifier,weak validation effect; not significant after FDR correction; matched counterfactual contrast is weak; held-out effect does not replicate,7,LLMStress
null,FullVerifier,weak validation effect; not significant after FDR correction; matched counterfactual contrast is weak; held-out effect does not replicate,7,LLMStress
null,FullVerifier,weak validation effect; not significant after FDR correction; matched counterfactual contrast is weak; held-out effect does not replicate,7,LLMStress
null,FullVerifier,weak validation effect; not significant after FDR correction; matched counterfactual contrast is weak; held-out effect does not replicate,7,LLMStress
null,FullVerifier,weak validation effect; not significant after FDR correction; matched counterfactual contrast is weak; held-out effect does not replicate,7,LLMStress
null,FullVerifier,weak validation effect; not significant after FDR correction; matched counterfactual contrast is weak; held-out effect does not replicate,7,LLMStress
null,FullVerifier,weak validation effect; not significant after FDR correction; matched counterfactual contrast is weak; held-out effect does not replicate,7,LLMStress
null,FullVerifier,weak validation effect; not significant after FDR correction; matched counterfactual contrast is weak; held-out effect does not replicate,7,LLMStress
null,FullVerifier,weak validation effect; not significant after FDR correction; matched counterfactual contrast is weak; held-out effect does not replicate,7,LLMStress
null,FullVerifier,weak validation effect; not significant after FDR correction; matched counterfactual contrast is weak; held-out effect does not replicate,7,LLMStress
null,FullVerifier,weak validation effect; not significant after FDR correction; matched counterfactual contrast is weak; held-out effect does not replicate,7,LLMStress
null,FullVerifier,weak validation effect; not significant after FDR correction; matched counterfactual contrast is weak; held-out effect does not replicate,7,LLMStress
null,FullVerifier,weak validation effect; not significant after FDR correction; matched counterfactual contrast is weak; held-out effect does not replicate,7,LLMStress
null,FullVerifier,weak validation effect; not significant after FDR correction; matched counterfactual contrast is weak; held-out effect does not replicate,7,LLMStress
null,FullVerifier,weak validation effect; not significant after FDR correction; matched counterfactual contrast is weak; held-out effect does not replicate,7,LLMStress
null,FullVerifier,weak validation effect; not significant after FDR correction; matched counterfactual contrast is weak; held-out effect does not replicate,7,LLMStress
null,FullVerifier,weak validation effect; not significant after FDR correction; matched counterfactual contrast is weak; held-out effect does not replicate,7,LLMStress
null,FullVerifier,weak validation effect; not significant after FDR correction; matched counterfactual contrast is weak; held-out effect does not replicate,7,LLMStress
null,FullVerifier,weak validation effect; not significant after FDR correction; matched counterfactual contrast is weak; held-out effect does not replicate,7,LLMStress
null,FullVerifier,weak validation effect; not significant after FDR correction; matched counterfactual contrast is weak; held-out effect does not replicate,7,LLMStress
null,FullVerifier,weak validation effect; not significant after FDR correction; matched counterfactual contrast is weak; held-out effect does not replicate,7,LLMStress
confounded,FullVerifier,weak validation effect; not significant after FDR correction; matched counterfactual contrast is weak; held-out effect does not replicate,7,LLMStress
null,FullVerifier,weak validation effect; not significant after FDR correction; matched counterfactual contrast is weak; held-out effect does not replicate,7,LLMStress
null,FullVerifier,weak validation effect; not significant after FDR correction; matched counterfactual contrast is weak; held-out effect does not replicate,7,LLMStress
null,FullVerifier,weak validation effect; not significant after FDR correction; matched counterfactual contrast is weak; held-out effect does not replicate,7,LLMStress
null,FullVerifier,weak validation effect; not significant after FDR correction; matched counterfactual contrast is weak; held-out effect does not replicate,7,LLMStress
null,FullVerifier,weak validation effect; not significant after FDR correction; matched counterfactual contrast is weak; held-out effect does not replicate,7,LLMStress
null,FullVerifier,weak validation effect; not significant after FDR correction; matched counterfactual contrast is weak; held-out effect does not replicate,7,LLMStress
null,FullVerifier,weak validation effect; not significant after FDR correction; matched counterfactual contrast is weak; held-out effect does not replicate,7,LLMStress
null,FullVerifier,weak validation effect; not significant after FDR correction; matched counterfactual contrast is weak; held-out effect does not replicate,7,LLMStress
null,FullVerifier,weak validation effect; not significant after FDR correction; matched counterfactual contrast is weak; held-out effect does not replicate,7,LLMStress
null,FullVerifier,weak validation effect; not significant after FDR correction; matched counterfactual contrast is weak; held-out effect does not replicate,7,LLMStress
null,FullVerifier,weak validation effect; not significant after FDR correction; matched counterfactual contrast is weak; held-out effect does not replicate,7,LLMStress
null,FullVerifier,weak validation effect; not significant after FDR correction; matched counterfactual contrast is weak; held-out effect does not replicate,7,LLMStress
null,FullVerifier,weak validation effect; not significant after FDR correction; matched counterfactual contrast is weak; held-out effect does not replicate,7,LLMStress
null,FullVerifier,weak validation effect; not significant after FDR correction; matched counterfactual contrast is weak; held-out effect does not replicate,7,LLMStress
null,FullVerifier,weak validation effect; not significant after FDR correction; matched counterfactual contrast is weak; held-out effect does not replicate,7,LLMStress
null,FullVerifier,weak validation effect; not significant after FDR correction; matched counterfactual contrast is weak; held-out effect does not replicate,7,LLMStress
null,FullVerifier,weak validation effect; not significant after FDR correction; matched counterfactual contrast is weak; held-out effect does not replicate,7,LLMStress
null,FullVerifier,weak validation effect; not significant after FDR correction; matched counterfactual contrast is weak; held-out effect does not replicate,7,LLMStress
null,FullVerifier,weak validation effect; not significant after FDR correction; matched counterfactual contrast is weak; held-out effect does not replicate,7,LLMStress
null,FullVerifier,weak validation effect; not significant after FDR correction; matched counterfactual contrast is weak; held-out effect does not replicate,7,LLMStress
null,FullVerifier,weak validation effect; not significant after FDR correction; matched counterfactual contrast is weak; held-out effect does not replicate,7,LLMStress
null,FullVerifier,weak validation effect; not significant after FDR correction; matched counterfactual contrast is weak; held-out effect does not replicate,7,LLMStress
null,FullVerifier,weak validation effect; not significant after FDR correction; matched counterfactual contrast is weak; held-out effect does not replicate,7,LLMStress
null,FullVerifier,weak validation effect; not significant after FDR correction; matched counterfactual contrast is weak; held-out effect does not replicate,7,LLMStress
null,FullVerifier,weak validation effect; not significant after FDR correction; matched counterfactual contrast is weak; held-out effect does not replicate,7,LLMStress
null,FullVerifier,weak validation effect; not significant after FDR correction; matched counterfactual contrast is weak; held-out effect does not replicate,7,LLMStress
null,FullVerifier,weak validation effect; not significant after FDR correction; matched counterfactual contrast is weak; held-out effect does not replicate,7,LLMStress
null,FullVerifier,weak validation effect; not significant after FDR correction; matched counterfactual contrast is weak; held-out effect does not replicate,7,LLMStress
null,FullVerifier,weak validation effect; not significant after FDR correction; matched counterfactual contrast is weak; held-out effect does not replicate,7,LLMStress
null,FullVerifier,weak validation effect; not significant after FDR correction; matched counterfactual contrast is weak; held-out effect does not replicate,7,LLMStress
null,FullVerifier,weak validation effect; not significant after FDR correction; matched counterfactual contrast is weak; held-out effect does not replicate,7,LLMStress
null,FullVerifier,weak validation effect; not significant after FDR correction; matched counterfactual contrast is weak; held-out effect does not replicate,7,LLMStress
uncompiled,FullVerifier,unknown feature x999,7,LLMStress
uncompiled,FullVerifier,hypothesis must contain an IF ... THEN ... structure,7,LLMStress
rare,StatisticalFilter,insufficient support,7,ExhaustiveRules
rare,StatisticalFilter,insufficient support,7,ExhaustiveRules
rare,StatisticalFilter,insufficient support,7,ExhaustiveRules
rare,StatisticalFilter,insufficient support,7,ExhaustiveRules
rare,StatisticalFilter,insufficient support,7,ExhaustiveRules
shifted,StatisticalFilter,insufficient support,7,ExhaustiveRules
rare,StatisticalFilter,insufficient support; not significant after FDR correction,7,ExhaustiveRules
rare,StatisticalFilter,insufficient support; not significant after FDR correction,7,ExhaustiveRules
rare,StatisticalFilter,insufficient support; not significant after FDR correction,7,ExhaustiveRules
shifted,StatisticalFilter,insufficient support; not significant after FDR correction,7,ExhaustiveRules
confounded,StatisticalFilter,not significant after FDR correction,7,ExhaustiveRules
confounded,StatisticalFilter,not significant after FDR correction,7,ExhaustiveRules
confounded,StatisticalFilter,weak validation effect; not significant after FDR correction,7,ExhaustiveRules
confounded,StatisticalFilter,weak validation effect; not significant after FDR correction,7,ExhaustiveRules
shifted,StatisticalFilter,weak validation effect; not significant after FDR correction,7,ExhaustiveRules
shifted,StatisticalFilter,weak validation effect; not significant after FDR correction,7,ExhaustiveRules
shifted,StatisticalFilter,weak validation effect; not significant after FDR correction,7,ExhaustiveRules
shifted,StatisticalFilter,weak validation effect; not significant after FDR correction,7,ExhaustiveRules
shifted,StatisticalFilter,weak validation effect; not significant after FDR correction,7,ExhaustiveRules
true,StatisticalFilter,weak validation effect; not significant after FDR correction,7,ExhaustiveRules
shifted,StatisticalFilter,weak validation effect; not significant after FDR correction,7,ExhaustiveRules
redundant,StatisticalFilter,weak validation effect; not significant after FDR correction,7,ExhaustiveRules
rare,StatisticalFilter,insufficient support; weak validation effect; not significant after FDR correction,7,ExhaustiveRules
redundant,StatisticalFilter,weak validation effect; not significant after FDR correction,7,ExhaustiveRules
shifted,StatisticalFilter,weak validation effect; not significant after FDR correction,7,ExhaustiveRules
rare,StatisticalFilter,insufficient support; weak validation effect; not significant after FDR correction,7,ExhaustiveRules
redundant,StatisticalFilter,weak validation effect; not significant after FDR correction,7,ExhaustiveRules
shifted,StatisticalFilter,weak validation effect; not significant after FDR correction,7,ExhaustiveRules
rare,StatisticalFilter,insufficient support; weak validation effect; not significant after FDR correction,7,ExhaustiveRules
rare,StatisticalFilter,insufficient support; weak validation effect; not significant after FDR correction,7,ExhaustiveRules
rare,StatisticalFilter,insufficient support; weak validation effect; not significant after FDR correction,7,ExhaustiveRules
shifted,StatisticalFilter,weak validation effect; not significant after FDR correction,7,ExhaustiveRules
shifted,StatisticalFilter,weak validation effect; not significant after FDR correction,7,ExhaustiveRules
rare,StatisticalFilter,insufficient support; weak validation effect; not significant after FDR correction,7,ExhaustiveRules
rare,StatisticalFilter,insufficient support; weak validation effect; not significant after FDR correction,7,ExhaustiveRules
shifted,StatisticalFilter,weak validation effect; not significant after FDR correction,7,ExhaustiveRules
rare,StatisticalFilter,insufficient support; weak validation effect; not significant after FDR correction,7,ExhaustiveRules
shifted,StatisticalFilter,weak validation effect; not significant after FDR correction,7,ExhaustiveRules
shifted,StatisticalFilter,insufficient support; weak validation effect; not significant after FDR correction,7,ExhaustiveRules
shifted,StatisticalFilter,weak validation effect; not significant after FDR correction,7,ExhaustiveRules
true,StatisticalFilter,weak validation effect; not significant after FDR correction,7,ExhaustiveRules
redundant,StatisticalFilter,weak validation effect; not significant after FDR correction,7,ExhaustiveRules
shifted,StatisticalFilter,insufficient support; weak validation effect; not significant after FDR correction,7,ExhaustiveRules
redundant,StatisticalFilter,weak validation effect; not significant after FDR correction,7,ExhaustiveRules
true,StatisticalFilter,weak validation effect; not significant after FDR correction,7,ExhaustiveRules
redundant,StatisticalFilter,weak validation effect; not significant after FDR correction,7,ExhaustiveRules
confounded,StatisticalFilter,weak validation effect; not significant after FDR correction,7,ExhaustiveRules
shifted,StatisticalFilter,weak validation effect; not significant after FDR correction,7,ExhaustiveRules
redundant,StatisticalFilter,weak validation effect; not significant after FDR correction,7,ExhaustiveRules
redundant,StatisticalFilter,weak validation effect; not significant after FDR correction,7,ExhaustiveRules
confounded,StatisticalFilter,weak validation effect; not significant after FDR correction,7,ExhaustiveRules
confounded,StatisticalFilter,weak validation effect; not significant after FDR correction,7,ExhaustiveRules
null,StatisticalFilter,weak validation effect; not significant after FDR correction,7,ExhaustiveRules
redundant,StatisticalFilter,weak validation effect; not significant after FDR correction,7,ExhaustiveRules
confounded,StatisticalFilter,weak validation effect; not significant after FDR correction,7,ExhaustiveRules
shifted,StatisticalFilter,weak validation effect; not significant after FDR correction,7,ExhaustiveRules
shifted,StatisticalFilter,weak validation effect; not significant after FDR correction,7,ExhaustiveRules
null,StatisticalFilter,weak validation effect; not significant after FDR correction,7,ExhaustiveRules
redundant,StatisticalFilter,weak validation effect; not significant after FDR correction,7,ExhaustiveRules
redundant,StatisticalFilter,weak validation effect; not significant after FDR correction,7,ExhaustiveRules
shifted,StatisticalFilter,weak validation effect; not significant after FDR correction,7,ExhaustiveRules
redundant,StatisticalFilter,weak validation effect; not significant after FDR correction,7,ExhaustiveRules
redundant,StatisticalFilter,weak validation effect; not significant after FDR correction,7,ExhaustiveRules
null,StatisticalFilter,weak validation effect; not significant after FDR correction,7,ExhaustiveRules
null,StatisticalFilter,weak validation effect; not significant after FDR correction,7,ExhaustiveRules
confounded,StatisticalFilter,weak validation effect; not significant after FDR correction,7,ExhaustiveRules
confounded,StatisticalFilter,weak validation effect; not significant after FDR correction,7,ExhaustiveRules
confounded,StatisticalFilter,weak validation effect; not significant after FDR correction,7,ExhaustiveRules
confounded,StatisticalFilter,weak validation effect; not significant after FDR correction,7,ExhaustiveRules
confounded,StatisticalFilter,weak validation effect; not significant after FDR correction,7,ExhaustiveRules
confounded,StatisticalFilter,weak validation effect; not significant after FDR correction,7,ExhaustiveRules
shifted,FullVerifier,held-out effect does not replicate,7,ExhaustiveRules
shifted,FullVerifier,held-out effect does not replicate,7,ExhaustiveRules
shifted,FullVerifier,held-out effect does not replicate,7,ExhaustiveRules
shifted,FullVerifier,held-out effect does not replicate,7,ExhaustiveRules
shifted,FullVerifier,held-out effect does not replicate,7,ExhaustiveRules
shifted,FullVerifier,held-out effect does not replicate,7,ExhaustiveRules
rare,FullVerifier,insufficient support,7,ExhaustiveRules
shifted,FullVerifier,held-out effect does not replicate,7,ExhaustiveRules
rare,FullVerifier,insufficient support,7,ExhaustiveRules
redundant,FullVerifier,matched counterfactual contrast is weak,7,ExhaustiveRules
shifted,FullVerifier,held-out effect does not replicate,7,ExhaustiveRules
rare,FullVerifier,insufficient support,7,ExhaustiveRules
rare,FullVerifier,insufficient support,7,ExhaustiveRules
shifted,FullVerifier,held-out effect does not replicate,7,ExhaustiveRules
shifted,FullVerifier,held-out effect does not replicate,7,ExhaustiveRules
shifted,FullVerifier,held-out effect does not replicate,7,ExhaustiveRules
rare,FullVerifier,insufficient support,7,ExhaustiveRules
shifted,FullVerifier,held-out effect does not replicate,7,ExhaustiveRules
shifted,FullVerifier,held-out effect does not replicate,7,ExhaustiveRules
shifted,FullVerifier,insufficient support,7,ExhaustiveRules
redundant,FullVerifier,matched counterfactual contrast is weak,7,ExhaustiveRules
shifted,FullVerifier,held-out effect does not replicate,7,ExhaustiveRules
redundant,FullVerifier,matched counterfactual contrast is weak,7,ExhaustiveRules
redundant,FullVerifier,matched counterfactual contrast is weak,7,ExhaustiveRules
redundant,FullVerifier,matched counterfactual contrast is weak,7,ExhaustiveRules
shifted,FullVerifier,held-out effect does not replicate,7,ExhaustiveRules
shifted,FullVerifier,held-out effect does not replicate,7,ExhaustiveRules
redundant,FullVerifier,matched counterfactual contrast is weak,7,ExhaustiveRules
redundant,FullVerifier,matched counterfactual contrast is weak,7,ExhaustiveRules
shifted,FullVerifier,held-out effect does not replicate,7,ExhaustiveRules
redundant,FullVerifier,matched counterfactual contrast is weak,7,ExhaustiveRules
redundant,FullVerifier,matched counterfactual contrast is weak,7,ExhaustiveRules
rare,FullVerifier,insufficient support; not significant after FDR correction,7,ExhaustiveRules
rare,FullVerifier,insufficient support; not significant after FDR correction,7,ExhaustiveRules
rare,FullVerifier,insufficient support; not significant after FDR correction,7,ExhaustiveRules
shifted,FullVerifier,insufficient support; not significant after FDR correction,7,ExhaustiveRules
confounded,FullVerifier,not significant after FDR correction; matched counterfactual contrast is weak; held-out effect does not replicate,7,ExhaustiveRules
confounded,FullVerifier,not significant after FDR correction; matched counterfactual contrast is weak; held-out effect does not replicate,7,ExhaustiveRules
confounded,FullVerifier,weak validation effect; not significant after FDR correction; matched counterfactual contrast is weak; held-out effect does not replicate,7,ExhaustiveRules
confounded,FullVerifier,weak validation effect; not significant after FDR correction; matched counterfactual contrast is weak; held-out effect does not replicate,7,ExhaustiveRules
shifted,FullVerifier,weak validation effect; not significant after FDR correction; matched counterfactual contrast is weak,7,ExhaustiveRules
shifted,FullVerifier,weak validation effect; not significant after FDR correction; matched counterfactual contrast is weak,7,ExhaustiveRules
shifted,FullVerifier,weak validation effect; not significant after FDR correction; matched counterfactual contrast is weak,7,ExhaustiveRules
shifted,FullVerifier,weak validation effect; not significant after FDR correction; matched counterfactual contrast is weak,7,ExhaustiveRules
shifted,FullVerifier,weak validation effect; not significant after FDR correction; matched counterfactual contrast is weak,7,ExhaustiveRules
true,FullVerifier,weak validation effect; not significant after FDR correction; matched counterfactual contrast is weak; held-out effect does not replicate,7,ExhaustiveRules
shifted,FullVerifier,weak validation effect; not significant after FDR correction; matched counterfactual contrast is weak,7,ExhaustiveRules
redundant,FullVerifier,weak validation effect; not significant after FDR correction; matched counterfactual contrast is weak; held-out effect does not replicate,7,ExhaustiveRules
rare,FullVerifier,insufficient support; weak validation effect; not significant after FDR correction; matched counterfactual contrast is weak; held-out effect does not replicate,7,ExhaustiveRules
redundant,FullVerifier,weak validation effect; not significant after FDR correction; matched counterfactual contrast is weak; held-out effect does not replicate,7,ExhaustiveRules
shifted,FullVerifier,weak validation effect; not significant after FDR correction; matched counterfactual contrast is weak,7,ExhaustiveRules
rare,FullVerifier,insufficient support; weak validation effect; not significant after FDR correction; matched counterfactual contrast is weak; held-out effect does not replicate,7,ExhaustiveRules
redundant,FullVerifier,weak validation effect; not significant after FDR correction; held-out effect does not replicate,7,ExhaustiveRules
shifted,FullVerifier,weak validation effect; not significant after FDR correction; matched counterfactual contrast is weak,7,ExhaustiveRules
rare,FullVerifier,insufficient support; weak validation effect; not significant after FDR correction; matched counterfactual contrast is weak; held-out effect does not replicate,7,ExhaustiveRules
rare,FullVerifier,insufficient support; weak validation effect; not significant after FDR correction; matched counterfactual contrast is weak; held-out effect does not replicate,7,ExhaustiveRules
rare,FullVerifier,insufficient support; weak validation effect; not significant after FDR correction; matched counterfactual contrast is weak; held-out effect does not replicate,7,ExhaustiveRules
shifted,FullVerifier,weak validation effect; not significant after FDR correction; matched counterfactual contrast is weak,7,ExhaustiveRules
shifted,FullVerifier,weak validation effect; not significant after FDR correction; matched counterfactual contrast is weak,7,ExhaustiveRules
rare,FullVerifier,insufficient support; weak validation effect; not significant after FDR correction; matched counterfactual contrast is weak; held-out effect does not replicate,7,ExhaustiveRules
rare,FullVerifier,insufficient support; weak validation effect; not significant after FDR correction; matched counterfactual contrast is weak; held-out effect does not replicate,7,ExhaustiveRules
shifted,FullVerifier,weak validation effect; not significant after FDR correction; matched counterfactual contrast is weak,7,ExhaustiveRules
rare,FullVerifier,insufficient support; weak validation effect; not significant after FDR correction; matched counterfactual contrast is weak; held-out effect does not replicate,7,ExhaustiveRules
shifted,FullVerifier,weak validation effect; not significant after FDR correction; matched counterfactual contrast is weak,7,ExhaustiveRules
shifted,FullVerifier,insufficient support; weak validation effect; not significant after FDR correction; matched counterfactual contrast is weak; held-out effect does not replicate,7,ExhaustiveRules
shifted,FullVerifier,weak validation effect; not significant after FDR correction; matched counterfactual contrast is weak,7,ExhaustiveRules
true,FullVerifier,weak validation effect; not significant after FDR correction; matched counterfactual contrast is weak; held-out effect does not replicate,7,ExhaustiveRules
redundant,FullVerifier,weak validation effect; not significant after FDR correction; matched counterfactual contrast is weak; held-out effect does not replicate,7,ExhaustiveRules
shifted,FullVerifier,insufficient support; weak validation effect; not significant after FDR correction; matched counterfactual contrast is weak; held-out effect does not replicate,7,ExhaustiveRules
redundant,FullVerifier,weak validation effect; not significant after FDR correction; matched counterfactual contrast is weak; held-out effect does not replicate,7,ExhaustiveRules
true,FullVerifier,weak validation effect; not significant after FDR correction; matched counterfactual contrast is weak; held-out effect does not replicate,7,ExhaustiveRules
redundant,FullVerifier,weak validation effect; not significant after FDR correction; matched counterfactual contrast is weak; held-out effect does not replicate,7,ExhaustiveRules
confounded,FullVerifier,weak validation effect; not significant after FDR correction; matched counterfactual contrast is weak; held-out effect does not replicate,7,ExhaustiveRules
shifted,FullVerifier,weak validation effect; not significant after FDR correction; matched counterfactual contrast is weak,7,ExhaustiveRules
redundant,FullVerifier,weak validation effect; not significant after FDR correction; held-out effect does not replicate,7,ExhaustiveRules
redundant,FullVerifier,weak validation effect; not significant after FDR correction; matched counterfactual contrast is weak; held-out effect does not replicate,7,ExhaustiveRules
confounded,FullVerifier,weak validation effect; not significant after FDR correction; matched counterfactual contrast is weak; held-out effect does not replicate,7,ExhaustiveRules
confounded,FullVerifier,weak validation effect; not significant after FDR correction; matched counterfactual contrast is weak; held-out effect does not replicate,7,ExhaustiveRules
null,FullVerifier,weak validation effect; not significant after FDR correction; matched counterfactual contrast is weak; held-out effect does not replicate,7,ExhaustiveRules
redundant,FullVerifier,weak validation effect; not significant after FDR correction; matched counterfactual contrast is weak; held-out effect does not replicate,7,ExhaustiveRules
confounded,FullVerifier,weak validation effect; not significant after FDR correction; matched counterfactual contrast is weak; held-out effect does not replicate,7,ExhaustiveRules
shifted,FullVerifier,weak validation effect; not significant after FDR correction; matched counterfactual contrast is weak,7,ExhaustiveRules
shifted,FullVerifier,weak validation effect; not significant after FDR correction; matched counterfactual contrast is weak,7,ExhaustiveRules
null,FullVerifier,weak validation effect; not significant after FDR correction; matched counterfactual contrast is weak; held-out effect does not replicate,7,ExhaustiveRules
redundant,FullVerifier,weak validation effect; not significant after FDR correction; held-out effect does not replicate,7,ExhaustiveRules
redundant,FullVerifier,weak validation effect; not significant after FDR correction; matched counterfactual contrast is weak; held-out effect does not replicate,7,ExhaustiveRules
shifted,FullVerifier,weak validation effect; not significant after FDR correction; matched counterfactual contrast is weak,7,ExhaustiveRules
redundant,FullVerifier,weak validation effect; not significant after FDR correction; held-out effect does not replicate,7,ExhaustiveRules
redundant,FullVerifier,weak validation effect; not significant after FDR correction; matched counterfactual contrast is weak; held-out effect does not replicate,7,ExhaustiveRules
null,FullVerifier,weak validation effect; not significant after FDR correction; matched counterfactual contrast is weak; held-out effect does not replicate,7,ExhaustiveRules
null,FullVerifier,weak validation effect; not significant after FDR correction; matched counterfactual contrast is weak; held-out effect does not replicate,7,ExhaustiveRules
confounded,FullVerifier,weak validation effect; not significant after FDR correction; matched counterfactual contrast is weak; held-out effect does not replicate,7,ExhaustiveRules
confounded,FullVerifier,weak validation effect; not significant after FDR correction; matched counterfactual contrast is weak; held-out effect does not replicate,7,ExhaustiveRules
confounded,FullVerifier,weak validation effect; not significant after FDR correction; matched counterfactual contrast is weak; held-out effect does not replicate,7,ExhaustiveRules
confounded,FullVerifier,weak validation effect; not significant after FDR correction; matched counterfactual contrast is weak; held-out effect does not replicate,7,ExhaustiveRules
confounded,FullVerifier,weak validation effect; not significant after FDR correction; matched counterfactual contrast is weak; held-out effect does not replicate,7,ExhaustiveRules
confounded,FullVerifier,weak validation effect; not significant after FDR correction; matched counterfactual contrast is weak; held-out effect does not replicate,7,ExhaustiveRules
